scenario,repeat,phase,sample,combined_power_w
light,1,idle,0,4.881
light,1,idle,1,7.081
light,1,idle,2,1.158
light,1,idle,3,0.466
light,1,idle,4,3.27
light,1,idle,5,3.41
light,1,idle,6,0.606
light,1,idle,7,1.738
light,1,idle,8,4.18
light,1,idle,9,2.894
light,1,idle,10,3.233
light,1,idle,11,1.202
light,1,idle,12,0.992
light,1,idle,13,1.608
light,1,idle,14,8.624
light,1,idle,15,3.954
light,1,idle,16,5.507
light,1,idle,17,1.154
light,1,idle,18,5.384
light,1,idle,19,3.931
light,1,idle,20,5.699
light,1,idle,21,5.689
light,1,idle,22,4.637
light,1,idle,23,5.087
light,1,idle,24,6.753
light,1,idle,25,5.332
light,1,idle,26,3.93
light,1,idle,27,6.242
light,1,idle,28,1.901
light,1,idle,29,11.934
light,1,idle,30,10.424
light,1,idle,31,4.631
light,1,idle,32,6.777
light,1,idle,33,5.697
light,1,idle,34,2.595
light,1,idle,35,1.443
light,1,idle,36,0.588
light,1,idle,37,1.565
light,1,idle,38,0.742
light,1,idle,39,3.2
light,1,idle,40,4.192
light,1,idle,41,1.222
light,1,idle,42,4.343
light,1,idle,43,4.919
light,1,idle,44,6.957
light,1,idle,45,4.75
light,1,idle,46,6.594
light,1,idle,47,7.504
light,1,idle,48,0.813
light,1,idle,49,5.442
light,1,idle,50,2.705
light,1,idle,51,6.459
light,1,idle,52,2.653
light,1,idle,53,1.42
light,1,idle,54,6.074
light,1,idle,55,1.483
light,1,idle,56,6.528
light,1,idle,57,0.786
light,1,idle,58,3.124
light,1,idle,59,4.599
light,1,idle,60,1.86
light,1,idle,61,6.711
light,1,idle,62,4.927
light,1,idle,63,10.052
light,1,idle,64,2.164
light,1,idle,65,8.083
light,1,idle,66,0.823
light,1,idle,67,6.029
light,1,idle,68,2.496
light,1,idle,69,1.162
light,1,idle,70,0.587
light,1,idle,71,3.851
light,1,idle,72,4.612
light,1,idle,73,7.005
light,1,idle,74,1.935
light,1,idle,75,0.537
light,1,idle,76,2.014
light,1,idle,77,5.236
light,1,idle,78,5.944
light,1,idle,79,3.175
light,1,idle,80,5.794
light,1,idle,81,2.907
light,1,idle,82,4.25
light,1,idle,83,4.402
light,1,idle,84,0.601
light,1,idle,85,5.131
light,1,idle,86,4.38
light,1,idle,87,7.385
light,1,idle,88,1.405
light,1,idle,89,6.644
light,1,idle,90,3.928
light,1,idle,91,5.652
light,1,idle,92,5.804
light,1,idle,93,3.563
light,1,idle,94,3.099
light,1,idle,95,5.392
light,1,idle,96,1.244
light,1,idle,97,6.597
light,1,idle,98,1.694
light,1,idle,99,5.512
light,1,workload,0,6.403
light,1,workload,1,4.564
light,1,workload,2,11.116
light,1,workload,3,10.456
light,1,workload,4,11.956
light,1,workload,5,10.79
light,1,workload,6,11.273
light,1,workload,7,10.408
light,1,workload,8,8.073
light,1,workload,9,11.652
light,1,workload,10,9.292
light,1,workload,11,12.162
light,1,workload,12,10.733
light,1,workload,13,10.207
light,1,workload,14,11.892
light,1,workload,15,8.308
light,1,workload,16,11.621
light,1,workload,17,10.49
light,1,workload,18,9.366
light,1,workload,19,12.272
light,1,workload,20,7.945
light,1,workload,21,10.437
light,1,workload,22,10.971
light,1,workload,23,10.305
light,1,workload,24,11.115
light,1,workload,25,10.22
light,1,workload,26,12.052
light,1,workload,27,10.267
light,1,workload,28,12.114
light,1,workload,29,9.066
light,1,workload,30,11.427
light,1,workload,31,13.694
light,1,workload,32,7.563
light,1,workload,33,10.445
light,1,workload,34,11.756
light,1,workload,35,10.006
light,1,workload,36,11.714
light,1,workload,37,9.134
light,1,workload,38,10.887
light,1,workload,39,11.676
light,1,workload,40,10.328
light,1,workload,41,11.773
light,1,workload,42,8.077
light,1,workload,43,11.137
light,1,workload,44,11.751
light,1,workload,45,8.788
light,1,workload,46,12.139
light,1,workload,47,9.27
light,1,workload,48,12.171
light,1,workload,49,10.78
light,1,workload,50,9.857
light,1,workload,51,11.874
light,1,workload,52,7.898
light,1,workload,53,11.38
light,1,workload,54,10.954
light,1,workload,55,7.336
light,1,workload,56,6.884
light,1,workload,57,6.795
light,1,workload,58,10.525
light,1,workload,59,10.954
light,1,workload,60,7.033
light,1,workload,61,9.017
light,1,workload,62,11.93
light,1,workload,63,9.672
light,1,workload,64,12.366
light,1,workload,65,10.633
light,1,workload,66,6.943
light,1,workload,67,6.947
light,1,workload,68,6.423
light,1,workload,69,9.972
light,1,workload,70,11.799
light,1,workload,71,10.088
light,1,workload,72,11.137
light,1,workload,73,9.847
light,1,workload,74,11.79
light,1,workload,75,11.003
light,1,workload,76,9.96
light,1,workload,77,11.278
light,1,workload,78,10.7
light,1,workload,79,12.835
light,1,workload,80,12.668
light,1,workload,81,7.814
light,1,workload,82,9.942
light,1,workload,83,10.376
light,1,workload,84,3.247
light,1,workload,85,14.622
light,1,workload,86,9.584
light,1,workload,87,10.402
light,1,workload,88,10.418
light,1,workload,89,10.654
light,1,workload,90,9.291
light,1,workload,91,8.406
light,1,workload,92,10.916
light,1,workload,93,10.614
light,1,workload,94,12.16
light,1,workload,95,11.364
light,1,workload,96,11.771
light,1,workload,97,8.462
light,1,workload,98,8.537
light,1,workload,99,8.468
light,1,workload,100,8.574
light,1,workload,101,8.733
light,1,workload,102,9.538
light,1,workload,103,8.365
light,1,workload,104,8.655
light,1,workload,105,7.809
light,1,workload,106,7.676
light,1,workload,107,7.199
light,1,workload,108,7.31
light,1,workload,109,7.153
light,1,workload,110,1.714
light,1,workload,111,11.604
light,1,workload,112,6.808
light,1,workload,113,6.875
light,1,workload,114,6.348
light,1,workload,115,7.229
light,1,workload,116,6.561
light,1,workload,117,6.45
light,1,workload,118,6.41
light,1,workload,119,6.862
light,1,workload,120,6.658
light,1,workload,121,7.972
light,1,workload,122,9.531
light,1,workload,123,7.051
light,1,workload,124,7.057
light,1,workload,125,7.04
light,1,workload,126,6.179
light,1,workload,127,6.738
light,1,workload,128,6.698
light,1,workload,129,6.322
light,1,workload,130,6.783
light,1,workload,131,6.794
light,1,workload,132,6.628
light,1,workload,133,6.352
light,1,workload,134,6.708
light,1,workload,135,9.563
light,1,workload,136,11.299
light,1,workload,137,10.211
light,1,workload,138,6.297
light,1,workload,139,6.028
light,1,workload,140,5.709
light,1,workload,141,4.966
light,1,workload,142,6.178
light,1,workload,143,6.569
light,1,workload,144,8.302
light,1,workload,145,6.705
light,1,workload,146,5.964
light,1,workload,147,4.53
light,1,workload,148,6.725
light,1,workload,149,6.382
light,1,workload,150,5.865
light,1,workload,151,5.505
light,1,workload,152,5.705
light,1,workload,153,5.739
light,1,workload,154,5.579
light,1,workload,155,4.879
light,1,workload,156,6.414
light,1,workload,157,4.966
light,1,workload,158,5.578
light,1,workload,159,5.737
light,1,workload,160,5.917
light,1,workload,161,5.432
light,1,workload,162,5.903
light,1,workload,163,4.678
light,1,workload,164,5.853
light,1,workload,165,4.882
light,1,workload,166,5.602
light,1,workload,167,4.277
light,1,workload,168,7.32
light,1,workload,169,9.327
light,1,workload,170,5.09
light,1,workload,171,5.754
light,1,workload,172,4.53
light,1,workload,173,6.173
light,1,workload,174,4.872
light,1,workload,175,5.066
light,1,workload,176,6.187
light,1,workload,177,5.184
light,1,workload,178,6.48
light,1,workload,179,6.472
light,1,workload,180,5.302
light,1,workload,181,5.875
light,1,workload,182,4.337
light,1,workload,183,5.769
light,1,workload,184,5.549
light,1,workload,185,5.917
light,1,workload,186,5.902
light,1,workload,187,1.709
light,1,workload,188,9.829
light,1,workload,189,5.993
light,1,workload,190,4.37
light,1,workload,191,5.668
light,1,workload,192,1.709
light,1,workload,193,9.695
light,1,workload,194,5.333
light,1,workload,195,4.215
light,1,workload,196,5.279
light,1,workload,197,5.821
light,1,workload,198,6.98
light,1,workload,199,5.932
light,1,workload,200,5.611
light,1,workload,201,5.278
light,1,workload,202,5.952
light,1,workload,203,5.882
light,1,workload,204,5.107
light,1,workload,205,7.103
light,1,workload,206,7.785
light,1,workload,207,5.924
light,1,workload,208,5.792
light,1,workload,209,6.094
light,1,workload,210,6.139
light,1,workload,211,5.261
light,1,workload,212,4.599
light,1,workload,213,5.815
light,1,workload,214,6.0
light,1,workload,215,5.636
light,1,workload,216,6.07
light,1,workload,217,6.019
light,1,workload,218,4.949
light,1,workload,219,5.382
light,1,workload,220,5.491
light,1,workload,221,5.074
light,1,workload,222,5.582
light,1,workload,223,5.913
light,1,workload,224,6.538
light,1,workload,225,5.709
light,1,workload,226,6.02
light,1,workload,227,5.969
light,1,workload,228,7.763
light,1,workload,229,5.195
light,1,workload,230,5.682
light,1,workload,231,5.849
light,1,workload,232,7.792
light,1,workload,233,11.294
light,1,workload,234,14.176
light,1,workload,235,10.119
light,1,workload,236,5.623
light,1,workload,237,5.095
light,1,workload,238,5.856
light,1,workload,239,5.982
light,1,workload,240,5.127
light,1,workload,241,4.252
light,1,workload,242,5.921
light,1,workload,243,5.757
light,1,workload,244,6.143
light,1,workload,245,5.581
light,1,workload,246,5.721
light,1,workload,247,4.685
light,1,workload,248,5.482
light,1,workload,249,6.15
light,1,workload,250,5.593
light,1,workload,251,5.58
light,1,workload,252,5.878
light,1,workload,253,6.0
light,1,workload,254,5.547
light,1,workload,255,6.225
light,1,workload,256,5.255
light,1,workload,257,6.134
light,1,workload,258,4.524
light,1,workload,259,6.079
light,1,workload,260,5.938
light,1,workload,261,5.591
light,1,workload,262,5.874
light,1,workload,263,1.588
light,1,workload,264,8.866
light,1,workload,265,6.134
light,1,workload,266,6.106
light,1,workload,267,6.266
light,1,workload,268,5.356
light,1,workload,269,5.935
light,1,workload,270,6.189
light,1,workload,271,5.709
light,1,workload,272,5.892
light,1,workload,273,6.219
light,1,workload,274,5.663
light,1,workload,275,6.203
light,1,workload,276,6.248
light,1,workload,277,5.884
light,1,workload,278,5.323
light,1,workload,279,5.856
light,1,workload,280,6.017
light,1,workload,281,5.572
light,1,workload,282,6.091
light,1,workload,283,5.32
light,1,workload,284,4.726
light,1,workload,285,5.956
light,1,workload,286,5.437
light,1,workload,287,5.148
light,1,workload,288,5.687
light,1,workload,289,5.974
light,1,workload,290,5.943
light,1,workload,291,5.743
light,1,workload,292,4.111
light,1,workload,293,3.649
light,1,workload,294,3.866
light,1,workload,295,8.394
light,1,workload,296,9.093
light,1,workload,297,7.212
light,1,workload,298,5.714
light,1,workload,299,4.715
light,1,workload,300,5.89
light,1,workload,301,5.601
light,1,workload,302,3.902
light,1,workload,303,5.478
light,1,workload,304,5.704
light,1,workload,305,5.517
light,1,workload,306,5.935
light,1,workload,307,5.542
light,1,workload,308,5.701
light,1,workload,309,5.533
light,1,workload,310,6.019
light,1,workload,311,9.634
light,1,workload,312,4.872
light,1,workload,313,5.601
light,1,workload,314,5.81
light,1,workload,315,5.818
light,1,workload,316,5.997
light,1,workload,317,7.409
light,1,workload,318,6.662
light,1,workload,319,5.977
light,1,workload,320,5.676
light,1,workload,321,4.928
light,1,workload,322,5.684
light,1,workload,323,6.024
light,1,workload,324,6.346
light,1,workload,325,5.551
light,1,workload,326,5.525
light,1,workload,327,6.037
light,1,workload,328,5.659
light,1,workload,329,6.108
light,1,workload,330,6.066
light,1,workload,331,5.267
light,1,workload,332,4.8
light,1,workload,333,6.194
light,1,workload,334,6.173
light,1,workload,335,4.538
light,1,workload,336,6.026
light,1,workload,337,5.417
light,1,workload,338,5.455
light,1,workload,339,5.615
light,1,workload,340,5.832
light,1,workload,341,5.509
light,1,workload,342,6.278
light,1,workload,343,6.264
light,1,workload,344,5.723
light,1,workload,345,1.627
light,1,workload,346,8.223
light,1,workload,347,5.937
light,1,workload,348,5.802
light,1,workload,349,6.17
light,1,workload,350,5.467
light,1,workload,351,5.91
light,1,workload,352,6.599
light,1,workload,353,5.239
light,1,workload,354,5.829
light,1,workload,355,6.727
light,1,workload,356,5.921
light,1,workload,357,5.873
light,1,workload,358,6.17
light,1,workload,359,4.702
light,1,workload,360,4.937
light,1,workload,361,6.081
light,1,workload,362,5.69
light,1,workload,363,6.044
light,1,workload,364,5.434
light,1,workload,365,5.498
light,1,workload,366,5.659
light,1,workload,367,6.781
light,1,workload,368,10.795
light,1,workload,369,11.066
light,1,workload,370,9.363
light,1,workload,371,7.743
light,1,workload,372,6.894
light,1,workload,373,5.229
light,1,workload,374,6.338
light,1,workload,375,8.021
light,1,workload,376,9.282
light,1,workload,377,8.714
light,1,workload,378,9.517
light,1,workload,379,9.168
light,1,workload,380,9.42
light,1,workload,381,9.097
light,1,workload,382,9.326
light,1,workload,383,9.666
light,1,workload,384,9.105
light,1,workload,385,6.831
light,1,workload,386,6.167
light,1,workload,387,8.05
light,1,workload,388,5.134
light,1,workload,389,6.546
light,1,workload,390,8.447
light,1,workload,391,7.774
light,1,workload,392,5.798
light,1,workload,393,5.514
light,1,workload,394,6.068
light,1,workload,395,6.491
light,1,workload,396,7.483
light,1,workload,397,6.935
light,1,workload,398,9.57
light,1,workload,399,8.279
light,1,workload,400,6.032
light,1,workload,401,6.071
light,1,workload,402,9.062
light,1,workload,403,9.599
light,1,workload,404,8.811
light,1,workload,405,9.106
light,1,workload,406,9.697
light,1,workload,407,8.913
light,1,workload,408,8.443
light,1,workload,409,9.357
light,1,workload,410,9.886
light,1,workload,411,8.695
light,1,workload,412,12.717
light,1,workload,413,9.684
light,1,workload,414,10.736
light,1,workload,415,10.321
light,1,workload,416,10.075
light,1,workload,417,8.407
light,1,workload,418,6.59
light,1,workload,419,7.284
light,1,workload,420,7.477
light,1,workload,421,5.963
light,1,workload,422,5.56
light,1,workload,423,6.422
light,1,workload,424,6.985
light,1,workload,425,7.224
light,1,workload,426,7.665
light,1,workload,427,6.359
light,1,workload,428,6.448
light,1,workload,429,7.755
light,1,workload,430,6.387
light,1,workload,431,6.009
light,1,workload,432,6.32
light,1,workload,433,6.845
light,1,workload,434,6.01
light,1,workload,435,8.173
light,1,workload,436,10.265
light,1,workload,437,6.349
light,1,workload,438,5.887
light,1,workload,439,6.49
light,1,workload,440,6.323
light,1,workload,441,6.496
light,1,workload,442,5.855
light,1,workload,443,7.255
light,1,workload,444,10.616
light,1,workload,445,12.23
light,1,workload,446,9.38
light,1,workload,447,6.011
light,1,workload,448,5.959
light,1,workload,449,6.444
light,1,workload,450,6.301
light,1,workload,451,6.256
light,1,workload,452,6.329
light,1,workload,453,7.011
light,1,workload,454,12.799
light,1,workload,455,6.952
light,1,workload,456,2.384
light,1,workload,457,7.335
light,1,workload,458,12.039
light,1,workload,459,12.254
light,1,workload,460,11.793
light,1,workload,461,14.774
light,1,workload,462,14.764
light,1,workload,463,15.295
light,1,workload,464,14.846
light,1,workload,465,7.343
light,1,workload,466,7.697
light,1,workload,467,7.363
light,1,workload,468,7.024
light,1,workload,469,6.563
light,1,workload,470,10.087
light,1,workload,471,9.714
light,1,workload,472,9.915
light,1,workload,473,9.038
light,1,workload,474,11.322
light,1,workload,475,10.155
light,1,workload,476,3.194
light,1,workload,477,5.453
light,1,workload,478,9.526
light,1,workload,479,9.696
light,1,workload,480,8.041
light,1,workload,481,8.533
light,1,workload,482,9.743
light,1,workload,483,15.23
light,1,workload,484,12.969
light,1,workload,485,8.206
light,1,workload,486,8.678
light,1,workload,487,9.97
light,1,workload,488,10.38
light,1,workload,489,9.241
light,1,workload,490,10.91
light,1,workload,491,7.511
light,1,workload,492,7.114
light,1,workload,493,7.543
light,1,workload,494,8.8
light,1,workload,495,6.223
light,1,workload,496,6.534
light,1,workload,497,8.534
light,1,workload,498,8.14
light,1,workload,499,8.301
light,1,workload,500,11.843
light,1,workload,501,9.947
light,1,workload,502,11.034
light,1,workload,503,12.55
light,1,workload,504,8.574
light,1,workload,505,8.54
light,1,workload,506,9.003
light,1,workload,507,6.268
light,1,workload,508,5.977
light,1,workload,509,6.218
light,1,workload,510,5.287
light,1,workload,511,6.357
light,1,workload,512,9.721
light,1,workload,513,7.601
light,1,workload,514,6.31
light,1,workload,515,5.591
light,1,workload,516,5.458
light,1,workload,517,5.452
light,1,workload,518,1.569
light,1,workload,519,10.541
light,1,workload,520,6.415
light,1,workload,521,5.95
light,1,workload,522,5.227
light,1,workload,523,5.656
light,1,workload,524,5.971
light,1,workload,525,4.986
light,1,workload,526,4.857
light,1,workload,527,6.079
light,1,workload,528,4.953
light,1,workload,529,5.937
light,1,workload,530,4.854
light,1,workload,531,5.776
light,1,workload,532,6.027
light,1,workload,533,6.074
light,1,workload,534,6.116
light,1,workload,535,6.015
light,1,workload,536,6.445
light,1,workload,537,5.943
light,1,workload,538,5.806
light,1,workload,539,5.54
light,1,workload,540,5.236
light,1,workload,541,5.577
light,1,workload,542,6.266
light,1,workload,543,6.082
light,1,workload,544,6.133
light,1,workload,545,5.773
light,1,workload,546,5.544
light,1,workload,547,5.561
light,1,workload,548,5.698
light,1,workload,549,5.901
light,1,workload,550,1.587
light,1,workload,551,9.753
light,1,workload,552,6.319
light,1,workload,553,6.053
light,1,workload,554,5.691
light,1,workload,555,5.305
light,1,workload,556,5.763
light,1,workload,557,6.128
light,1,workload,558,5.549
light,1,workload,559,6.247
light,1,workload,560,5.606
light,1,workload,561,5.154
light,1,workload,562,0.463
light,1,workload,563,0.052
light,1,workload,564,0.105
light,1,workload,565,0.071
light,1,workload,566,0.043
light,1,workload,567,0.115
light,1,workload,568,0.149
light,1,workload,569,0.102
light,1,workload,570,0.124
light,1,workload,571,0.166
light,1,workload,572,0.052
light,1,workload,573,0.884
light,1,workload,574,0.969
light,1,workload,575,0.095
light,1,workload,576,0.131
light,1,workload,577,0.105
light,1,workload,578,0.052
light,1,workload,579,0.06
light,1,workload,580,1.671
light,1,workload,581,0.125
light,1,workload,582,1.994
light,1,workload,583,3.872
light,1,workload,584,0.034
light,1,workload,585,0.106
light,1,workload,586,0.159
light,1,workload,587,2.437
light,1,workload,588,2.191
light,1,workload,589,3.048
light,1,workload,590,2.918
light,1,workload,591,1.738
light,1,workload,592,0.072
light,1,workload,593,0.088
light,1,workload,594,0.103
light,1,workload,595,0.061
light,1,workload,596,0.156
light,1,workload,597,1.844
light,1,workload,598,0.132
light,1,workload,599,0.105
light,2,idle,0,0.17
light,2,idle,1,0.102
light,2,idle,2,0.159
light,2,idle,3,0.079
light,2,idle,4,0.07
light,2,idle,5,0.079
light,2,idle,6,0.122
light,2,idle,7,0.106
light,2,idle,8,0.106
light,2,idle,9,0.07
light,2,idle,10,0.06
light,2,idle,11,0.061
light,2,idle,12,0.053
light,2,idle,13,0.131
light,2,idle,14,0.253
light,2,idle,15,1.69
light,2,idle,16,0.079
light,2,idle,17,0.13
light,2,idle,18,0.096
light,2,idle,19,0.052
light,2,idle,20,0.07
light,2,idle,21,0.131
light,2,idle,22,0.061
light,2,idle,23,0.133
light,2,idle,24,0.095
light,2,idle,25,0.167
light,2,idle,26,0.096
light,2,idle,27,0.07
light,2,idle,28,0.114
light,2,idle,29,0.079
light,2,idle,30,0.079
light,2,idle,31,0.08
light,2,idle,32,0.132
light,2,idle,33,0.516
light,2,idle,34,0.334
light,2,idle,35,0.088
light,2,idle,36,0.078
light,2,idle,37,0.07
light,2,idle,38,0.07
light,2,idle,39,0.14
light,2,idle,40,0.589
light,2,idle,41,0.114
light,2,idle,42,0.113
light,2,idle,43,0.097
light,2,idle,44,0.148
light,2,idle,45,0.097
light,2,idle,46,0.096
light,2,idle,47,0.096
light,2,idle,48,0.096
light,2,idle,49,0.165
light,2,idle,50,0.131
light,2,idle,51,0.078
light,2,idle,52,0.089
light,2,idle,53,0.07
light,2,idle,54,0.087
light,2,idle,55,0.148
light,2,idle,56,0.07
light,2,idle,57,0.07
light,2,idle,58,0.105
light,2,idle,59,0.052
light,2,idle,60,0.15
light,2,idle,61,0.061
light,2,idle,62,0.07
light,2,idle,63,0.052
light,2,idle,64,0.053
light,2,idle,65,0.131
light,2,idle,66,0.078
light,2,idle,67,0.13
light,2,idle,68,0.079
light,2,idle,69,0.096
light,2,idle,70,0.114
light,2,idle,71,0.087
light,2,idle,72,0.089
light,2,idle,73,0.271
light,2,idle,74,0.401
light,2,idle,75,0.079
light,2,idle,76,0.149
light,2,idle,77,0.07
light,2,idle,78,0.105
light,2,idle,79,0.495
light,2,idle,80,0.079
light,2,idle,81,0.105
light,2,idle,82,0.07
light,2,idle,83,0.035
light,2,idle,84,0.114
light,2,idle,85,0.044
light,2,idle,86,0.139
light,2,idle,87,0.026
light,2,idle,88,0.027
light,2,idle,89,0.053
light,2,idle,90,0.026
light,2,idle,91,0.097
light,2,idle,92,0.096
light,2,idle,93,0.07
light,2,idle,94,0.053
light,2,idle,95,0.062
light,2,idle,96,0.035
light,2,idle,97,0.114
light,2,idle,98,0.035
light,2,idle,99,0.043
light,2,workload,0,3.194
light,2,workload,1,2.319
light,2,workload,2,5.003
light,2,workload,3,5.121
light,2,workload,4,5.674
light,2,workload,5,5.913
light,2,workload,6,6.041
light,2,workload,7,5.463
light,2,workload,8,5.812
light,2,workload,9,5.474
light,2,workload,10,5.15
light,2,workload,11,5.909
light,2,workload,12,5.571
light,2,workload,13,5.584
light,2,workload,14,5.15
light,2,workload,15,5.619
light,2,workload,16,5.795
light,2,workload,17,5.463
light,2,workload,18,5.652
light,2,workload,19,5.78
light,2,workload,20,5.022
light,2,workload,21,5.711
light,2,workload,22,5.825
light,2,workload,23,4.775
light,2,workload,24,5.973
light,2,workload,25,5.923
light,2,workload,26,4.39
light,2,workload,27,5.218
light,2,workload,28,5.159
light,2,workload,29,5.476
light,2,workload,30,4.043
light,2,workload,31,5.589
light,2,workload,32,5.684
light,2,workload,33,5.7
light,2,workload,34,6.019
light,2,workload,35,5.724
light,2,workload,36,5.617
light,2,workload,37,6.134
light,2,workload,38,5.92
light,2,workload,39,5.969
light,2,workload,40,5.231
light,2,workload,41,5.629
light,2,workload,42,5.812
light,2,workload,43,5.048
light,2,workload,44,4.236
light,2,workload,45,1.577
light,2,workload,46,9.312
light,2,workload,47,4.132
light,2,workload,48,4.058
light,2,workload,49,5.608
light,2,workload,50,5.678
light,2,workload,51,4.922
light,2,workload,52,4.361
light,2,workload,53,5.681
light,2,workload,54,5.685
light,2,workload,55,6.635
light,2,workload,56,5.819
light,2,workload,57,1.523
light,2,workload,58,8.352
light,2,workload,59,5.934
light,2,workload,60,5.367
light,2,workload,61,5.398
light,2,workload,62,5.552
light,2,workload,63,5.953
light,2,workload,64,5.478
light,2,workload,65,6.199
light,2,workload,66,6.11
light,2,workload,67,5.739
light,2,workload,68,6.003
light,2,workload,69,4.697
light,2,workload,70,5.584
light,2,workload,71,5.931
light,2,workload,72,5.222
light,2,workload,73,5.829
light,2,workload,74,5.533
light,2,workload,75,5.753
light,2,workload,76,5.722
light,2,workload,77,5.658
light,2,workload,78,6.689
light,2,workload,79,7.311
light,2,workload,80,5.347
light,2,workload,81,5.934
light,2,workload,82,6.13
light,2,workload,83,5.501
light,2,workload,84,6.867
light,2,workload,85,10.133
light,2,workload,86,8.334
light,2,workload,87,5.796
light,2,workload,88,5.845
light,2,workload,89,6.12
light,2,workload,90,5.781
light,2,workload,91,6.0
light,2,workload,92,6.011
light,2,workload,93,5.843
light,2,workload,94,5.807
light,2,workload,95,5.7
light,2,workload,96,6.131
light,2,workload,97,5.22
light,2,workload,98,5.8
light,2,workload,99,5.579
light,2,workload,100,4.289
light,2,workload,101,6.405
light,2,workload,102,8.493
light,2,workload,103,5.265
light,2,workload,104,5.948
light,2,workload,105,5.796
light,2,workload,106,5.891
light,2,workload,107,6.342
light,2,workload,108,5.98
light,2,workload,109,5.022
light,2,workload,110,5.202
light,2,workload,111,4.733
light,2,workload,112,6.003
light,2,workload,113,5.135
light,2,workload,114,5.526
light,2,workload,115,5.715
light,2,workload,116,4.754
light,2,workload,117,5.563
light,2,workload,118,5.573
light,2,workload,119,5.794
light,2,workload,120,5.194
light,2,workload,121,5.097
light,2,workload,122,4.745
light,2,workload,123,5.43
light,2,workload,124,5.577
light,2,workload,125,5.654
light,2,workload,126,5.82
light,2,workload,127,5.952
light,2,workload,128,5.697
light,2,workload,129,5.639
light,2,workload,130,5.678
light,2,workload,131,5.309
light,2,workload,132,6.292
light,2,workload,133,5.309
light,2,workload,134,5.378
light,2,workload,135,4.929
light,2,workload,136,5.809
light,2,workload,137,6.948
light,2,workload,138,5.92
light,2,workload,139,4.741
light,2,workload,140,6.812
light,2,workload,141,4.833
light,2,workload,142,5.815
light,2,workload,143,6.027
light,2,workload,144,6.068
light,2,workload,145,5.265
light,2,workload,146,1.926
light,2,workload,147,10.37
light,2,workload,148,6.066
light,2,workload,149,5.339
light,2,workload,150,6.159
light,2,workload,151,6.129
light,2,workload,152,5.631
light,2,workload,153,5.045
light,2,workload,154,6.046
light,2,workload,155,5.222
light,2,workload,156,4.545
light,2,workload,157,6.083
light,2,workload,158,4.81
light,2,workload,159,5.793
light,2,workload,160,5.948
light,2,workload,161,5.997
light,2,workload,162,5.629
light,2,workload,163,5.696
light,2,workload,164,1.644
light,2,workload,165,9.071
light,2,workload,166,5.388
light,2,workload,167,5.551
light,2,workload,168,5.499
light,2,workload,169,5.554
light,2,workload,170,5.001
light,2,workload,171,5.127
light,2,workload,172,5.878
light,2,workload,173,5.809
light,2,workload,174,5.849
light,2,workload,175,6.026
light,2,workload,176,5.648
light,2,workload,177,5.78
light,2,workload,178,6.252
light,2,workload,179,6.08
light,2,workload,180,5.858
light,2,workload,181,5.879
light,2,workload,182,7.0
light,2,workload,183,7.962
light,2,workload,184,5.856
light,2,workload,185,5.478
light,2,workload,186,5.746
light,2,workload,187,5.225
light,2,workload,188,11.035
light,2,workload,189,9.986
light,2,workload,190,2.039
light,2,workload,191,10.629
light,2,workload,192,5.888
light,2,workload,193,6.102
light,2,workload,194,5.619
light,2,workload,195,5.798
light,2,workload,196,4.542
light,2,workload,197,5.861
light,2,workload,198,5.57
light,2,workload,199,5.149
light,2,workload,200,5.938
light,2,workload,201,5.627
light,2,workload,202,5.9
light,2,workload,203,6.36
light,2,workload,204,6.149
light,2,workload,205,5.884
light,2,workload,206,4.286
light,2,workload,207,6.104
light,2,workload,208,6.222
light,2,workload,209,7.841
light,2,workload,210,4.98
light,2,workload,211,5.598
light,2,workload,212,5.903
light,2,workload,213,4.554
light,2,workload,214,5.837
light,2,workload,215,7.061
light,2,workload,216,8.913
light,2,workload,217,8.857
light,2,workload,218,5.838
light,2,workload,219,5.476
light,2,workload,220,5.746
light,2,workload,221,5.667
light,2,workload,222,5.718
light,2,workload,223,5.517
light,2,workload,224,6.167
light,2,workload,225,6.185
light,2,workload,226,6.233
light,2,workload,227,1.597
light,2,workload,228,10.358
light,2,workload,229,5.967
light,2,workload,230,5.875
light,2,workload,231,5.477
light,2,workload,232,6.416
light,2,workload,233,5.527
light,2,workload,234,5.815
light,2,workload,235,5.474
light,2,workload,236,6.036
light,2,workload,237,5.536
light,2,workload,238,5.976
light,2,workload,239,5.497
light,2,workload,240,5.823
light,2,workload,241,5.637
light,2,workload,242,5.967
light,2,workload,243,5.297
light,2,workload,244,5.332
light,2,workload,245,5.986
light,2,workload,246,6.146
light,2,workload,247,5.198
light,2,workload,248,5.95
light,2,workload,249,5.747
light,2,workload,250,5.816
light,2,workload,251,5.487
light,2,workload,252,6.274
light,2,workload,253,6.145
light,2,workload,254,5.4
light,2,workload,255,5.384
light,2,workload,256,4.685
light,2,workload,257,5.596
light,2,workload,258,6.173
light,2,workload,259,6.015
light,2,workload,260,4.762
light,2,workload,261,5.173
light,2,workload,262,5.99
light,2,workload,263,6.14
light,2,workload,264,2.106
light,2,workload,265,8.783
light,2,workload,266,5.85
light,2,workload,267,5.007
light,2,workload,268,4.316
light,2,workload,269,5.878
light,2,workload,270,8.86
light,2,workload,271,9.049
light,2,workload,272,7.468
light,2,workload,273,5.702
light,2,workload,274,5.901
light,2,workload,275,8.166
light,2,workload,276,6.207
light,2,workload,277,6.159
light,2,workload,278,6.894
light,2,workload,279,6.269
light,2,workload,280,5.192
light,2,workload,281,4.59
light,2,workload,282,4.918
light,2,workload,283,4.257
light,2,workload,284,5.201
light,2,workload,285,5.581
light,2,workload,286,5.191
light,2,workload,287,4.752
light,2,workload,288,5.473
light,2,workload,289,5.448
light,2,workload,290,5.765
light,2,workload,291,5.908
light,2,workload,292,5.836
light,2,workload,293,5.305
light,2,workload,294,5.624
light,2,workload,295,5.539
light,2,workload,296,6.087
light,2,workload,297,5.029
light,2,workload,298,5.04
light,2,workload,299,5.367
light,2,workload,300,5.138
light,2,workload,301,6.42
light,2,workload,302,9.209
light,2,workload,303,8.836
light,2,workload,304,6.325
light,2,workload,305,5.897
light,2,workload,306,4.22
light,2,workload,307,5.044
light,2,workload,308,5.293
light,2,workload,309,5.608
light,2,workload,310,5.489
light,2,workload,311,5.276
light,2,workload,312,5.978
light,2,workload,313,5.574
light,2,workload,314,5.778
light,2,workload,315,6.142
light,2,workload,316,5.148
light,2,workload,317,5.993
light,2,workload,318,5.119
light,2,workload,319,4.394
light,2,workload,320,5.799
light,2,workload,321,5.496
light,2,workload,322,6.315
light,2,workload,323,6.335
light,2,workload,324,5.307
light,2,workload,325,4.614
light,2,workload,326,5.465
light,2,workload,327,5.813
light,2,workload,328,5.956
light,2,workload,329,6.232
light,2,workload,330,5.168
light,2,workload,331,5.372
light,2,workload,332,4.476
light,2,workload,333,6.378
light,2,workload,334,4.939
light,2,workload,335,6.559
light,2,workload,336,6.144
light,2,workload,337,5.791
light,2,workload,338,5.364
light,2,workload,339,5.642
light,2,workload,340,4.649
light,2,workload,341,5.572
light,2,workload,342,6.248
light,2,workload,343,5.313
light,2,workload,344,5.034
light,2,workload,345,4.707
light,2,workload,346,6.005
light,2,workload,347,5.186
light,2,workload,348,4.499
light,2,workload,349,4.631
light,2,workload,350,4.898
light,2,workload,351,4.656
light,2,workload,352,5.77
light,2,workload,353,5.71
light,2,workload,354,5.603
light,2,workload,355,5.693
light,2,workload,356,4.868
light,2,workload,357,5.891
light,2,workload,358,5.28
light,2,workload,359,6.287
light,2,workload,360,5.626
light,2,workload,361,6.077
light,2,workload,362,5.49
light,2,workload,363,5.516
light,2,workload,364,5.584
light,2,workload,365,5.883
light,2,workload,366,5.116
light,2,workload,367,6.173
light,2,workload,368,5.549
light,2,workload,369,6.13
light,2,workload,370,4.904
light,2,workload,371,5.839
light,2,workload,372,5.817
light,2,workload,373,5.243
light,2,workload,374,6.27
light,2,workload,375,5.23
light,2,workload,376,6.226
light,2,workload,377,5.801
light,2,workload,378,5.591
light,2,workload,379,6.045
light,2,workload,380,5.368
light,2,workload,381,5.49
light,2,workload,382,6.204
light,2,workload,383,5.598
light,2,workload,384,5.426
light,2,workload,385,5.593
light,2,workload,386,5.709
light,2,workload,387,5.37
light,2,workload,388,6.151
light,2,workload,389,6.25
light,2,workload,390,4.28
light,2,workload,391,6.003
light,2,workload,392,5.559
light,2,workload,393,5.926
light,2,workload,394,5.668
light,2,workload,395,5.301
light,2,workload,396,5.115
light,2,workload,397,5.316
light,2,workload,398,6.155
light,2,workload,399,5.867
light,2,workload,400,5.721
light,2,workload,401,5.802
light,2,workload,402,4.892
light,2,workload,403,4.586
light,2,workload,404,5.458
light,2,workload,405,6.093
light,2,workload,406,5.148
light,2,workload,407,5.462
light,2,workload,408,5.691
light,2,workload,409,5.469
light,2,workload,410,4.271
light,2,workload,411,5.748
light,2,workload,412,5.553
light,2,workload,413,6.224
light,2,workload,414,8.136
light,2,workload,415,10.2
light,2,workload,416,11.734
light,2,workload,417,9.453
light,2,workload,418,6.834
light,2,workload,419,6.156
light,2,workload,420,6.749
light,2,workload,421,5.668
light,2,workload,422,5.017
light,2,workload,423,1.622
light,2,workload,424,7.97
light,2,workload,425,4.814
light,2,workload,426,6.008
light,2,workload,427,6.122
light,2,workload,428,5.222
light,2,workload,429,6.04
light,2,workload,430,6.123
light,2,workload,431,5.288
light,2,workload,432,5.779
light,2,workload,433,6.345
light,2,workload,434,4.99
light,2,workload,435,5.542
light,2,workload,436,5.438
light,2,workload,437,5.94
light,2,workload,438,5.388
light,2,workload,439,5.737
light,2,workload,440,5.958
light,2,workload,441,5.467
light,2,workload,442,5.684
light,2,workload,443,5.956
light,2,workload,444,6.142
light,2,workload,445,5.289
light,2,workload,446,6.291
light,2,workload,447,6.132
light,2,workload,448,5.707
light,2,workload,449,5.658
light,2,workload,450,6.026
light,2,workload,451,5.201
light,2,workload,452,4.806
light,2,workload,453,6.149
light,2,workload,454,6.074
light,2,workload,455,5.112
light,2,workload,456,5.812
light,2,workload,457,5.875
light,2,workload,458,5.548
light,2,workload,459,5.159
light,2,workload,460,4.772
light,2,workload,461,5.879
light,2,workload,462,5.884
light,2,workload,463,6.14
light,2,workload,464,5.967
light,2,workload,465,5.56
light,2,workload,466,5.538
light,2,workload,467,4.649
light,2,workload,468,5.578
light,2,workload,469,5.861
light,2,workload,470,6.117
light,2,workload,471,5.682
light,2,workload,472,5.805
light,2,workload,473,6.075
light,2,workload,474,5.475
light,2,workload,475,5.941
light,2,workload,476,6.063
light,2,workload,477,5.338
light,2,workload,478,5.312
light,2,workload,479,5.415
light,2,workload,480,6.017
light,2,workload,481,5.731
light,2,workload,482,6.18
light,2,workload,483,5.937
light,2,workload,484,5.695
light,2,workload,485,6.144
light,2,workload,486,6.051
light,2,workload,487,1.606
light,2,workload,488,10.23
light,2,workload,489,6.023
light,2,workload,490,5.876
light,2,workload,491,5.762
light,2,workload,492,5.989
light,2,workload,493,5.886
light,2,workload,494,5.09
light,2,workload,495,5.43
light,2,workload,496,5.798
light,2,workload,497,5.473
light,2,workload,498,6.195
light,2,workload,499,5.49
light,2,workload,500,5.726
light,2,workload,501,6.062
light,2,workload,502,6.233
light,2,workload,503,5.796
light,2,workload,504,5.176
light,2,workload,505,5.358
light,2,workload,506,6.05
light,2,workload,507,5.896
light,2,workload,508,6.007
light,2,workload,509,8.702
light,2,workload,510,8.619
light,2,workload,511,6.219
light,2,workload,512,5.516
light,2,workload,513,6.197
light,2,workload,514,6.362
light,2,workload,515,6.034
light,2,workload,516,6.346
light,2,workload,517,5.695
light,2,workload,518,5.857
light,2,workload,519,5.373
light,2,workload,520,5.6
light,2,workload,521,5.657
light,2,workload,522,5.849
light,2,workload,523,6.148
light,2,workload,524,6.237
light,2,workload,525,5.427
light,2,workload,526,5.711
light,2,workload,527,5.914
light,2,workload,528,5.807
light,2,workload,529,5.068
light,2,workload,530,5.863
light,2,workload,531,5.527
light,2,workload,532,4.588
light,2,workload,533,4.235
light,2,workload,534,5.469
light,2,workload,535,5.965
light,2,workload,536,5.559
light,2,workload,537,5.964
light,2,workload,538,6.064
light,2,workload,539,5.397
light,2,workload,540,5.336
light,2,workload,541,5.844
light,2,workload,542,4.999
light,2,workload,543,5.922
light,2,workload,544,5.882
light,2,workload,545,6.194
light,2,workload,546,5.925
light,2,workload,547,6.074
light,2,workload,548,3.648
light,2,workload,549,4.942
light,2,workload,550,6.153
light,2,workload,551,5.958
light,2,workload,552,6.011
light,2,workload,553,5.694
light,2,workload,554,6.135
light,2,workload,555,5.237
light,2,workload,556,6.311
light,2,workload,557,5.949
light,2,workload,558,6.029
light,2,workload,559,5.927
light,2,workload,560,5.546
light,2,workload,561,5.935
light,2,workload,562,5.516
light,2,workload,563,4.497
light,2,workload,564,0.094
light,2,workload,565,0.225
light,2,workload,566,0.164
light,2,workload,567,0.035
light,2,workload,568,0.052
light,2,workload,569,0.071
light,2,workload,570,0.443
light,2,workload,571,0.122
light,2,workload,572,0.103
light,2,workload,573,0.07
light,2,workload,574,0.139
light,2,workload,575,0.044
light,2,workload,576,0.133
light,2,workload,577,0.035
light,2,workload,578,0.052
light,2,workload,579,0.061
light,2,workload,580,0.052
light,2,workload,581,0.053
light,2,workload,582,0.026
light,2,workload,583,0.078
light,2,workload,584,0.095
light,2,workload,585,0.035
light,2,workload,586,0.071
light,2,workload,587,0.052
light,2,workload,588,0.044
light,2,workload,589,0.052
light,2,workload,590,0.091
light,2,workload,591,0.07
light,2,workload,592,0.106
light,2,workload,593,0.026
light,2,workload,594,0.035
light,2,workload,595,0.26
light,2,workload,596,0.044
light,2,workload,597,0.097
light,2,workload,598,0.035
light,2,workload,599,0.053
light,3,idle,0,0.217
light,3,idle,1,0.111
light,3,idle,2,0.131
light,3,idle,3,0.061
light,3,idle,4,3.952
light,3,idle,5,7.104
light,3,idle,6,0.089
light,3,idle,7,0.155
light,3,idle,8,0.088
light,3,idle,9,0.044
light,3,idle,10,0.062
light,3,idle,11,0.115
light,3,idle,12,0.061
light,3,idle,13,0.28
light,3,idle,14,0.052
light,3,idle,15,0.053
light,3,idle,16,0.318
light,3,idle,17,0.088
light,3,idle,18,0.095
light,3,idle,19,0.364
light,3,idle,20,0.07
light,3,idle,21,0.078
light,3,idle,22,0.223
light,3,idle,23,0.114
light,3,idle,24,1.433
light,3,idle,25,0.622
light,3,idle,26,0.167
light,3,idle,27,0.175
light,3,idle,28,0.131
light,3,idle,29,0.175
light,3,idle,30,1.741
light,3,idle,31,0.07
light,3,idle,32,0.061
light,3,idle,33,0.824
light,3,idle,34,0.947
light,3,idle,35,1.195
light,3,idle,36,0.827
light,3,idle,37,0.805
light,3,idle,38,0.717
light,3,idle,39,0.827
light,3,idle,40,0.72
light,3,idle,41,0.677
light,3,idle,42,0.708
light,3,idle,43,0.696
light,3,idle,44,0.699
light,3,idle,45,0.711
light,3,idle,46,0.74
light,3,idle,47,0.972
light,3,idle,48,2.68
light,3,idle,49,0.903
light,3,idle,50,0.747
light,3,idle,51,0.557
light,3,idle,52,0.035
light,3,idle,53,0.053
light,3,idle,54,0.043
light,3,idle,55,0.097
light,3,idle,56,0.071
light,3,idle,57,0.106
light,3,idle,58,0.062
light,3,idle,59,0.035
light,3,idle,60,0.114
light,3,idle,61,0.079
light,3,idle,62,0.044
light,3,idle,63,0.035
light,3,idle,64,0.035
light,3,idle,65,0.035
light,3,idle,66,0.167
light,3,idle,67,0.052
light,3,idle,68,0.026
light,3,idle,69,0.026
light,3,idle,70,0.062
light,3,idle,71,0.105
light,3,idle,72,0.29
light,3,idle,73,0.346
light,3,idle,74,0.035
light,3,idle,75,0.095
light,3,idle,76,0.07
light,3,idle,77,0.165
light,3,idle,78,0.249
light,3,idle,79,0.212
light,3,idle,80,0.218
light,3,idle,81,0.547
light,3,idle,82,0.447
light,3,idle,83,0.089
light,3,idle,84,0.061
light,3,idle,85,0.096
light,3,idle,86,0.044
light,3,idle,87,0.361
light,3,idle,88,0.044
light,3,idle,89,0.026
light,3,idle,90,0.052
light,3,idle,91,0.026
light,3,idle,92,0.228
light,3,idle,93,2.681
light,3,idle,94,6.799
light,3,idle,95,5.951
light,3,idle,96,0.035
light,3,idle,97,0.07
light,3,idle,98,0.052
light,3,idle,99,0.044
light,3,workload,0,2.628
light,3,workload,1,2.281
light,3,workload,2,4.426
light,3,workload,3,5.842
light,3,workload,4,5.479
light,3,workload,5,5.84
light,3,workload,6,5.69
light,3,workload,7,5.249
light,3,workload,8,5.955
light,3,workload,9,6.085
light,3,workload,10,6.21
light,3,workload,11,5.325
light,3,workload,12,5.52
light,3,workload,13,6.215
light,3,workload,14,4.658
light,3,workload,15,5.999
light,3,workload,16,5.922
light,3,workload,17,5.756
light,3,workload,18,7.746
light,3,workload,19,8.134
light,3,workload,20,6.017
light,3,workload,21,5.697
light,3,workload,22,5.836
light,3,workload,23,6.079
light,3,workload,24,4.962
light,3,workload,25,5.397
light,3,workload,26,4.882
light,3,workload,27,5.7
light,3,workload,28,5.183
light,3,workload,29,5.817
light,3,workload,30,1.625
light,3,workload,31,9.982
light,3,workload,32,5.679
light,3,workload,33,3.786
light,3,workload,34,4.859
light,3,workload,35,4.332
light,3,workload,36,6.131
light,3,workload,37,5.931
light,3,workload,38,5.619
light,3,workload,39,5.89
light,3,workload,40,4.534
light,3,workload,41,5.893
light,3,workload,42,5.899
light,3,workload,43,5.842
light,3,workload,44,6.027
light,3,workload,45,6.518
light,3,workload,46,5.639
light,3,workload,47,5.637
light,3,workload,48,6.063
light,3,workload,49,5.808
light,3,workload,50,5.872
light,3,workload,51,5.868
light,3,workload,52,5.627
light,3,workload,53,6.205
light,3,workload,54,5.874
light,3,workload,55,5.656
light,3,workload,56,5.913
light,3,workload,57,6.083
light,3,workload,58,5.72
light,3,workload,59,5.856
light,3,workload,60,5.491
light,3,workload,61,4.988
light,3,workload,62,5.67
light,3,workload,63,6.328
light,3,workload,64,5.854
light,3,workload,65,5.587
light,3,workload,66,5.905
light,3,workload,67,5.604
light,3,workload,68,1.869
light,3,workload,69,8.174
light,3,workload,70,6.105
light,3,workload,71,6.022
light,3,workload,72,5.577
light,3,workload,73,5.65
light,3,workload,74,4.228
light,3,workload,75,5.152
light,3,workload,76,6.044
light,3,workload,77,5.949
light,3,workload,78,4.868
light,3,workload,79,5.642
light,3,workload,80,5.219
light,3,workload,81,3.656
light,3,workload,82,6.055
light,3,workload,83,8.66
light,3,workload,84,8.278
light,3,workload,85,5.485
light,3,workload,86,4.861
light,3,workload,87,5.558
light,3,workload,88,6.011
light,3,workload,89,5.489
light,3,workload,90,5.078
light,3,workload,91,5.77
light,3,workload,92,6.19
light,3,workload,93,6.157
light,3,workload,94,5.795
light,3,workload,95,5.993
light,3,workload,96,6.11
light,3,workload,97,5.405
light,3,workload,98,5.856
light,3,workload,99,5.607
light,3,workload,100,4.287
light,3,workload,101,5.214
light,3,workload,102,6.058
light,3,workload,103,5.882
light,3,workload,104,6.463
light,3,workload,105,5.559
light,3,workload,106,5.733
light,3,workload,107,6.048
light,3,workload,108,5.695
light,3,workload,109,5.809
light,3,workload,110,6.011
light,3,workload,111,5.822
light,3,workload,112,6.185
light,3,workload,113,5.47
light,3,workload,114,5.382
light,3,workload,115,5.092
light,3,workload,116,5.419
light,3,workload,117,6.193
light,3,workload,118,6.336
light,3,workload,119,6.711
light,3,workload,120,6.74
light,3,workload,121,6.631
light,3,workload,122,6.04
light,3,workload,123,6.79
light,3,workload,124,6.861
light,3,workload,125,6.883
light,3,workload,126,6.937
light,3,workload,127,6.876
light,3,workload,128,6.775
light,3,workload,129,6.669
light,3,workload,130,6.338
light,3,workload,131,6.087
light,3,workload,132,6.973
light,3,workload,133,6.572
light,3,workload,134,6.553
light,3,workload,135,6.66
light,3,workload,136,6.134
light,3,workload,137,5.255
light,3,workload,138,6.086
light,3,workload,139,5.858
light,3,workload,140,5.893
light,3,workload,141,5.712
light,3,workload,142,7.236
light,3,workload,143,5.821
light,3,workload,144,6.164
light,3,workload,145,5.824
light,3,workload,146,6.078
light,3,workload,147,6.082
light,3,workload,148,5.769
light,3,workload,149,6.308
light,3,workload,150,5.609
light,3,workload,151,5.33
light,3,workload,152,4.701
light,3,workload,153,5.174
light,3,workload,154,6.042
light,3,workload,155,5.764
light,3,workload,156,6.037
light,3,workload,157,6.045
light,3,workload,158,5.414
light,3,workload,159,5.619
light,3,workload,160,5.938
light,3,workload,161,5.647
light,3,workload,162,5.709
light,3,workload,163,7.237
light,3,workload,164,9.28
light,3,workload,165,8.253
light,3,workload,166,4.936
light,3,workload,167,3.801
light,3,workload,168,5.831
light,3,workload,169,5.716
light,3,workload,170,5.865
light,3,workload,171,5.67
light,3,workload,172,5.725
light,3,workload,173,5.567
light,3,workload,174,5.789
light,3,workload,175,5.436
light,3,workload,176,5.485
light,3,workload,177,6.121
light,3,workload,178,6.38
light,3,workload,179,5.034
light,3,workload,180,3.949
light,3,workload,181,5.17
light,3,workload,182,4.963
light,3,workload,183,6.201
light,3,workload,184,10.779
light,3,workload,185,8.74
light,3,workload,186,8.78
light,3,workload,187,5.47
light,3,workload,188,5.354
light,3,workload,189,5.61
light,3,workload,190,5.851
light,3,workload,191,5.737
light,3,workload,192,4.705
light,3,workload,193,5.064
light,3,workload,194,5.517
light,3,workload,195,6.218
light,3,workload,196,6.192
light,3,workload,197,5.755
light,3,workload,198,6.76
light,3,workload,199,6.99
light,3,workload,200,5.452
light,3,workload,201,5.174
light,3,workload,202,6.045
light,3,workload,203,6.086
light,3,workload,204,1.625
light,3,workload,205,10.041
light,3,workload,206,6.939
light,3,workload,207,6.121
light,3,workload,208,5.391
light,3,workload,209,7.841
light,3,workload,210,6.642
light,3,workload,211,5.653
light,3,workload,212,5.384
light,3,workload,213,6.062
light,3,workload,214,5.798
light,3,workload,215,5.843
light,3,workload,216,6.07
light,3,workload,217,6.058
light,3,workload,218,5.444
light,3,workload,219,5.813
light,3,workload,220,6.161
light,3,workload,221,6.64
light,3,workload,222,5.888
light,3,workload,223,5.359
light,3,workload,224,5.137
light,3,workload,225,4.422
light,3,workload,226,6.078
light,3,workload,227,5.709
light,3,workload,228,4.867
light,3,workload,229,5.586
light,3,workload,230,5.89
light,3,workload,231,5.614
light,3,workload,232,6.313
light,3,workload,233,6.111
light,3,workload,234,5.445
light,3,workload,235,6.106
light,3,workload,236,5.713
light,3,workload,237,6.098
light,3,workload,238,6.17
light,3,workload,239,5.882
light,3,workload,240,6.049
light,3,workload,241,5.785
light,3,workload,242,5.661
light,3,workload,243,6.147
light,3,workload,244,5.743
light,3,workload,245,5.788
light,3,workload,246,4.903
light,3,workload,247,4.323
light,3,workload,248,5.125
light,3,workload,249,5.656
light,3,workload,250,5.993
light,3,workload,251,5.468
light,3,workload,252,5.908
light,3,workload,253,5.055
light,3,workload,254,5.84
light,3,workload,255,5.257
light,3,workload,256,5.658
light,3,workload,257,6.228
light,3,workload,258,5.496
light,3,workload,259,6.105
light,3,workload,260,6.125
light,3,workload,261,5.521
light,3,workload,262,5.273
light,3,workload,263,6.062
light,3,workload,264,5.44
light,3,workload,265,5.264
light,3,workload,266,6.284
light,3,workload,267,5.985
light,3,workload,268,5.796
light,3,workload,269,4.394
light,3,workload,270,4.96
light,3,workload,271,5.539
light,3,workload,272,6.011
light,3,workload,273,5.231
light,3,workload,274,6.022
light,3,workload,275,5.525
light,3,workload,276,5.767
light,3,workload,277,6.11
light,3,workload,278,5.421
light,3,workload,279,6.019
light,3,workload,280,6.244
light,3,workload,281,5.85
light,3,workload,282,5.503
light,3,workload,283,5.459
light,3,workload,284,4.973
light,3,workload,285,5.561
light,3,workload,286,5.512
light,3,workload,287,6.139
light,3,workload,288,5.613
light,3,workload,289,5.565
light,3,workload,290,1.934
light,3,workload,291,9.691
light,3,workload,292,5.497
light,3,workload,293,5.78
light,3,workload,294,5.568
light,3,workload,295,5.862
light,3,workload,296,5.775
light,3,workload,297,6.243
light,3,workload,298,5.957
light,3,workload,299,5.783
light,3,workload,300,8.203
light,3,workload,301,7.797
light,3,workload,302,5.946
light,3,workload,303,4.64
light,3,workload,304,5.355
light,3,workload,305,6.28
light,3,workload,306,5.849
light,3,workload,307,5.807
light,3,workload,308,6.373
light,3,workload,309,5.996
light,3,workload,310,5.779
light,3,workload,311,5.772
light,3,workload,312,5.611
light,3,workload,313,6.172
light,3,workload,314,6.036
light,3,workload,315,6.843
light,3,workload,316,5.811
light,3,workload,317,5.565
light,3,workload,318,6.225
light,3,workload,319,6.013
light,3,workload,320,5.312
light,3,workload,321,5.73
light,3,workload,322,6.154
light,3,workload,323,5.922
light,3,workload,324,5.81
light,3,workload,325,5.848
light,3,workload,326,5.925
light,3,workload,327,6.265
light,3,workload,328,6.423
light,3,workload,329,5.539
light,3,workload,330,6.051
light,3,workload,331,5.888
light,3,workload,332,6.206
light,3,workload,333,6.191
light,3,workload,334,5.292
light,3,workload,335,5.964
light,3,workload,336,5.239
light,3,workload,337,6.327
light,3,workload,338,5.652
light,3,workload,339,5.916
light,3,workload,340,6.19
light,3,workload,341,5.885
light,3,workload,342,6.412
light,3,workload,343,5.776
light,3,workload,344,4.574
light,3,workload,345,5.943
light,3,workload,346,5.894
light,3,workload,347,6.238
light,3,workload,348,5.895
light,3,workload,349,5.923
light,3,workload,350,6.134
light,3,workload,351,5.584
light,3,workload,352,4.941
light,3,workload,353,5.659
light,3,workload,354,5.47
light,3,workload,355,4.59
light,3,workload,356,5.99
light,3,workload,357,5.764
light,3,workload,358,6.222
light,3,workload,359,6.394
light,3,workload,360,5.717
light,3,workload,361,6.138
light,3,workload,362,6.197
light,3,workload,363,6.144
light,3,workload,364,5.272
light,3,workload,365,6.412
light,3,workload,366,5.358
light,3,workload,367,5.973
light,3,workload,368,6.134
light,3,workload,369,5.89
light,3,workload,370,5.737
light,3,workload,371,9.209
light,3,workload,372,5.724
light,3,workload,373,4.268
light,3,workload,374,5.865
light,3,workload,375,5.366
light,3,workload,376,6.137
light,3,workload,377,5.8
light,3,workload,378,6.311
light,3,workload,379,6.064
light,3,workload,380,5.924
light,3,workload,381,5.803
light,3,workload,382,6.015
light,3,workload,383,6.176
light,3,workload,384,5.479
light,3,workload,385,6.261
light,3,workload,386,5.817
light,3,workload,387,5.886
light,3,workload,388,6.315
light,3,workload,389,5.802
light,3,workload,390,5.744
light,3,workload,391,5.604
light,3,workload,392,6.269
light,3,workload,393,6.262
light,3,workload,394,5.824
light,3,workload,395,6.012
light,3,workload,396,6.109
light,3,workload,397,5.7
light,3,workload,398,5.981
light,3,workload,399,6.111
light,3,workload,400,5.123
light,3,workload,401,5.941
light,3,workload,402,6.711
light,3,workload,403,6.249
light,3,workload,404,5.742
light,3,workload,405,6.184
light,3,workload,406,5.796
light,3,workload,407,5.355
light,3,workload,408,5.996
light,3,workload,409,6.014
light,3,workload,410,6.781
light,3,workload,411,5.801
light,3,workload,412,6.291
light,3,workload,413,6.226
light,3,workload,414,6.007
light,3,workload,415,6.258
light,3,workload,416,1.568
light,3,workload,417,8.825
light,3,workload,418,4.524
light,3,workload,419,5.158
light,3,workload,420,5.302
light,3,workload,421,5.914
light,3,workload,422,5.912
light,3,workload,423,6.228
light,3,workload,424,5.933
light,3,workload,425,5.741
light,3,workload,426,6.136
light,3,workload,427,6.302
light,3,workload,428,5.809
light,3,workload,429,6.157
light,3,workload,430,6.205
light,3,workload,431,6.038
light,3,workload,432,5.939
light,3,workload,433,6.342
light,3,workload,434,6.508
light,3,workload,435,5.658
light,3,workload,436,5.622
light,3,workload,437,5.495
light,3,workload,438,6.083
light,3,workload,439,6.166
light,3,workload,440,6.143
light,3,workload,441,6.5
light,3,workload,442,7.886
light,3,workload,443,6.29
light,3,workload,444,6.023
light,3,workload,445,5.943
light,3,workload,446,10.513
light,3,workload,447,11.159
light,3,workload,448,9.374
light,3,workload,449,7.755
light,3,workload,450,1.846
light,3,workload,451,9.382
light,3,workload,452,5.609
light,3,workload,453,5.858
light,3,workload,454,6.258
light,3,workload,455,6.346
light,3,workload,456,6.069
light,3,workload,457,6.537
light,3,workload,458,9.71
light,3,workload,459,9.856
light,3,workload,460,10.762
light,3,workload,461,13.451
light,3,workload,462,8.841
light,3,workload,463,9.572
light,3,workload,464,10.06
light,3,workload,465,8.463
light,3,workload,466,9.737
light,3,workload,467,10.766
light,3,workload,468,9.585
light,3,workload,469,9.955
light,3,workload,470,13.836
light,3,workload,471,14.72
light,3,workload,472,12.661
light,3,workload,473,8.427
light,3,workload,474,9.206
light,3,workload,475,9.685
light,3,workload,476,9.25
light,3,workload,477,12.446
light,3,workload,478,11.321
light,3,workload,479,9.985
light,3,workload,480,8.646
light,3,workload,481,10.519
light,3,workload,482,11.001
light,3,workload,483,11.245
light,3,workload,484,9.834
light,3,workload,485,8.21
light,3,workload,486,9.658
light,3,workload,487,9.898
light,3,workload,488,13.516
light,3,workload,489,13.773
light,3,workload,490,13.825
light,3,workload,491,8.903
light,3,workload,492,7.606
light,3,workload,493,9.539
light,3,workload,494,11.904
light,3,workload,495,11.649
light,3,workload,496,16.825
light,3,workload,497,14.29
light,3,workload,498,14.6
light,3,workload,499,12.13
light,3,workload,500,10.838
light,3,workload,501,10.098
light,3,workload,502,8.633
light,3,workload,503,12.089
light,3,workload,504,10.146
light,3,workload,505,9.482
light,3,workload,506,9.682
light,3,workload,507,9.692
light,3,workload,508,10.281
light,3,workload,509,10.502
light,3,workload,510,8.506
light,3,workload,511,9.894
light,3,workload,512,9.533
light,3,workload,513,9.51
light,3,workload,514,9.055
light,3,workload,515,12.333
light,3,workload,516,13.942
light,3,workload,517,15.96
light,3,workload,518,11.439
light,3,workload,519,10.222
light,3,workload,520,9.846
light,3,workload,521,10.094
light,3,workload,522,11.607
light,3,workload,523,12.824
light,3,workload,524,12.042
light,3,workload,525,11.477
light,3,workload,526,11.236
light,3,workload,527,10.135
light,3,workload,528,8.414
light,3,workload,529,10.77
light,3,workload,530,9.44
light,3,workload,531,8.929
light,3,workload,532,9.598
light,3,workload,533,9.511
light,3,workload,534,11.046
light,3,workload,535,11.007
light,3,workload,536,10.418
light,3,workload,537,10.208
light,3,workload,538,8.926
light,3,workload,539,8.65
light,3,workload,540,9.947
light,3,workload,541,12.338
light,3,workload,542,15.277
light,3,workload,543,14.986
light,3,workload,544,8.714
light,3,workload,545,5.676
light,3,workload,546,13.557
light,3,workload,547,10.289
light,3,workload,548,10.981
light,3,workload,549,12.846
light,3,workload,550,11.125
light,3,workload,551,11.156
light,3,workload,552,11.018
light,3,workload,553,10.371
light,3,workload,554,9.459
light,3,workload,555,11.545
light,3,workload,556,7.898
light,3,workload,557,9.587
light,3,workload,558,10.022
light,3,workload,559,9.873
light,3,workload,560,9.56
light,3,workload,561,10.829
light,3,workload,562,9.283
light,3,workload,563,5.983
light,3,workload,564,5.382
light,3,workload,565,4.232
light,3,workload,566,4.409
light,3,workload,567,13.544
light,3,workload,568,12.134
light,3,workload,569,4.395
light,3,workload,570,3.807
light,3,workload,571,5.607
light,3,workload,572,5.587
light,3,workload,573,5.885
light,3,workload,574,5.658
light,3,workload,575,5.387
light,3,workload,576,5.819
light,3,workload,577,3.494
light,3,workload,578,5.917
light,3,workload,579,3.453
light,3,workload,580,4.405
light,3,workload,581,4.95
light,3,workload,582,5.561
light,3,workload,583,7.207
light,3,workload,584,3.877
light,3,workload,585,4.468
light,3,workload,586,4.419
light,3,workload,587,5.034
light,3,workload,588,4.492
light,3,workload,589,10.833
light,3,workload,590,13.089
light,3,workload,591,6.385
light,3,workload,592,4.747
light,3,workload,593,5.078
light,3,workload,594,6.118
light,3,workload,595,6.182
light,3,workload,596,6.161
light,3,workload,597,5.418
light,3,workload,598,6.129
light,3,workload,599,4.11
medium,1,idle,0,2.529
medium,1,idle,1,2.687
medium,1,idle,2,2.787
medium,1,idle,3,2.686
medium,1,idle,4,3.846
medium,1,idle,5,5.496
medium,1,idle,6,4.723
medium,1,idle,7,4.46
medium,1,idle,8,5.108
medium,1,idle,9,3.66
medium,1,idle,10,4.379
medium,1,idle,11,4.229
medium,1,idle,12,3.808
medium,1,idle,13,3.678
medium,1,idle,14,5.297
medium,1,idle,15,2.116
medium,1,idle,16,1.734
medium,1,idle,17,3.901
medium,1,idle,18,3.859
medium,1,idle,19,3.473
medium,1,idle,20,3.173
medium,1,idle,21,3.687
medium,1,idle,22,2.41
medium,1,idle,23,2.701
medium,1,idle,24,1.63
medium,1,idle,25,1.635
medium,1,idle,26,1.53
medium,1,idle,27,1.347
medium,1,idle,28,1.914
medium,1,idle,29,2.495
medium,1,idle,30,1.622
medium,1,idle,31,2.274
medium,1,idle,32,1.774
medium,1,idle,33,3.011
medium,1,idle,34,2.372
medium,1,idle,35,1.976
medium,1,idle,36,2.266
medium,1,idle,37,2.597
medium,1,idle,38,3.009
medium,1,idle,39,3.485
medium,1,idle,40,4.394
medium,1,idle,41,3.133
medium,1,idle,42,3.275
medium,1,idle,43,3.104
medium,1,idle,44,4.126
medium,1,idle,45,4.395
medium,1,idle,46,1.83
medium,1,idle,47,1.119
medium,1,idle,48,0.886
medium,1,idle,49,0.969
medium,1,idle,50,2.233
medium,1,idle,51,3.257
medium,1,idle,52,3.927
medium,1,idle,53,4.642
medium,1,idle,54,2.6
medium,1,idle,55,2.878
medium,1,idle,56,2.362
medium,1,idle,57,2.88
medium,1,idle,58,2.96
medium,1,idle,59,3.763
medium,1,idle,60,4.14
medium,1,idle,61,4.445
medium,1,idle,62,4.006
medium,1,idle,63,4.227
medium,1,idle,64,3.426
medium,1,idle,65,3.455
medium,1,idle,66,3.656
medium,1,idle,67,4.327
medium,1,idle,68,3.539
medium,1,idle,69,4.581
medium,1,idle,70,4.499
medium,1,idle,71,4.111
medium,1,idle,72,3.323
medium,1,idle,73,4.343
medium,1,idle,74,4.313
medium,1,idle,75,4.656
medium,1,idle,76,5.909
medium,1,idle,77,6.051
medium,1,idle,78,5.51
medium,1,idle,79,2.69
medium,1,idle,80,4.549
medium,1,idle,81,5.289
medium,1,idle,82,4.425
medium,1,idle,83,5.165
medium,1,idle,84,7.437
medium,1,idle,85,5.708
medium,1,idle,86,7.301
medium,1,idle,87,5.163
medium,1,idle,88,4.243
medium,1,idle,89,4.565
medium,1,idle,90,5.555
medium,1,idle,91,6.109
medium,1,idle,92,4.363
medium,1,idle,93,5.197
medium,1,idle,94,5.755
medium,1,idle,95,5.871
medium,1,idle,96,6.232
medium,1,idle,97,6.924
medium,1,idle,98,5.816
medium,1,idle,99,4.044
medium,1,workload,0,8.566
medium,1,workload,1,7.591
medium,1,workload,2,14.918
medium,1,workload,3,9.023
medium,1,workload,4,10.808
medium,1,workload,5,11.082
medium,1,workload,6,12.243
medium,1,workload,7,14.459
medium,1,workload,8,11.053
medium,1,workload,9,11.16
medium,1,workload,10,11.747
medium,1,workload,11,14.792
medium,1,workload,12,11.67
medium,1,workload,13,12.361
medium,1,workload,14,15.879
medium,1,workload,15,16.914
medium,1,workload,16,15.033
medium,1,workload,17,12.476
medium,1,workload,18,11.056
medium,1,workload,19,11.489
medium,1,workload,20,12.08
medium,1,workload,21,13.916
medium,1,workload,22,10.626
medium,1,workload,23,11.969
medium,1,workload,24,10.936
medium,1,workload,25,9.53
medium,1,workload,26,7.185
medium,1,workload,27,7.889
medium,1,workload,28,7.638
medium,1,workload,29,7.465
medium,1,workload,30,9.806
medium,1,workload,31,7.229
medium,1,workload,32,6.16
medium,1,workload,33,9.131
medium,1,workload,34,10.945
medium,1,workload,35,4.571
medium,1,workload,36,10.346
medium,1,workload,37,7.381
medium,1,workload,38,6.445
medium,1,workload,39,8.044
medium,1,workload,40,6.238
medium,1,workload,41,7.247
medium,1,workload,42,7.319
medium,1,workload,43,10.018
medium,1,workload,44,7.381
medium,1,workload,45,6.693
medium,1,workload,46,6.405
medium,1,workload,47,7.879
medium,1,workload,48,8.503
medium,1,workload,49,7.052
medium,1,workload,50,6.995
medium,1,workload,51,6.437
medium,1,workload,52,9.116
medium,1,workload,53,7.472
medium,1,workload,54,5.292
medium,1,workload,55,4.138
medium,1,workload,56,11.757
medium,1,workload,57,7.508
medium,1,workload,58,6.57
medium,1,workload,59,7.014
medium,1,workload,60,5.183
medium,1,workload,61,9.375
medium,1,workload,62,6.995
medium,1,workload,63,7.288
medium,1,workload,64,7.155
medium,1,workload,65,9.449
medium,1,workload,66,8.336
medium,1,workload,67,7.59
medium,1,workload,68,7.051
medium,1,workload,69,6.838
medium,1,workload,70,10.627
medium,1,workload,71,6.754
medium,1,workload,72,7.644
medium,1,workload,73,7.874
medium,1,workload,74,7.309
medium,1,workload,75,5.828
medium,1,workload,76,5.797
medium,1,workload,77,6.055
medium,1,workload,78,9.46
medium,1,workload,79,7.537
medium,1,workload,80,6.383
medium,1,workload,81,7.765
medium,1,workload,82,7.743
medium,1,workload,83,8.357
medium,1,workload,84,8.025
medium,1,workload,85,7.145
medium,1,workload,86,7.41
medium,1,workload,87,9.347
medium,1,workload,88,9.325
medium,1,workload,89,10.014
medium,1,workload,90,8.175
medium,1,workload,91,7.113
medium,1,workload,92,10.658
medium,1,workload,93,6.81
medium,1,workload,94,7.16
medium,1,workload,95,7.944
medium,1,workload,96,9.223
medium,1,workload,97,8.873
medium,1,workload,98,6.547
medium,1,workload,99,7.948
medium,1,workload,100,9.76
medium,1,workload,101,9.535
medium,1,workload,102,8.416
medium,1,workload,103,10.05
medium,1,workload,104,8.922
medium,1,workload,105,8.933
medium,1,workload,106,10.072
medium,1,workload,107,9.345
medium,1,workload,108,7.85
medium,1,workload,109,9.52
medium,1,workload,110,9.549
medium,1,workload,111,9.39
medium,1,workload,112,7.404
medium,1,workload,113,6.709
medium,1,workload,114,10.713
medium,1,workload,115,10.088
medium,1,workload,116,9.571
medium,1,workload,117,10.001
medium,1,workload,118,11.232
medium,1,workload,119,11.068
medium,1,workload,120,7.366
medium,1,workload,121,8.26
medium,1,workload,122,8.007
medium,1,workload,123,11.376
medium,1,workload,124,8.375
medium,1,workload,125,7.827
medium,1,workload,126,12.304
medium,1,workload,127,14.015
medium,1,workload,128,11.8
medium,1,workload,129,11.01
medium,1,workload,130,10.919
medium,1,workload,131,10.925
medium,1,workload,132,12.977
medium,1,workload,133,11.027
medium,1,workload,134,11.472
medium,1,workload,135,13.341
medium,1,workload,136,12.177
medium,1,workload,137,9.581
medium,1,workload,138,7.672
medium,1,workload,139,8.136
medium,1,workload,140,7.674
medium,1,workload,141,10.175
medium,1,workload,142,7.136
medium,1,workload,143,8.209
medium,1,workload,144,7.65
medium,1,workload,145,11.137
medium,1,workload,146,6.154
medium,1,workload,147,7.014
medium,1,workload,148,8.963
medium,1,workload,149,8.373
medium,1,workload,150,7.619
medium,1,workload,151,7.202
medium,1,workload,152,6.64
medium,1,workload,153,6.774
medium,1,workload,154,9.825
medium,1,workload,155,6.797
medium,1,workload,156,7.16
medium,1,workload,157,7.154
medium,1,workload,158,9.46
medium,1,workload,159,7.25
medium,1,workload,160,7.634
medium,1,workload,161,6.902
medium,1,workload,162,6.942
medium,1,workload,163,16.416
medium,1,workload,164,10.985
medium,1,workload,165,8.166
medium,1,workload,166,7.114
medium,1,workload,167,8.68
medium,1,workload,168,7.149
medium,1,workload,169,7.174
medium,1,workload,170,7.097
medium,1,workload,171,7.705
medium,1,workload,172,9.775
medium,1,workload,173,7.293
medium,1,workload,174,6.784
medium,1,workload,175,7.426
medium,1,workload,176,9.045
medium,1,workload,177,8.154
medium,1,workload,178,7.23
medium,1,workload,179,8.101
medium,1,workload,180,6.187
medium,1,workload,181,8.413
medium,1,workload,182,6.703
medium,1,workload,183,6.187
medium,1,workload,184,6.86
medium,1,workload,185,8.232
medium,1,workload,186,9.403
medium,1,workload,187,6.564
medium,1,workload,188,7.423
medium,1,workload,189,10.33
medium,1,workload,190,8.845
medium,1,workload,191,8.385
medium,1,workload,192,6.945
medium,1,workload,193,7.448
medium,1,workload,194,10.681
medium,1,workload,195,7.811
medium,1,workload,196,7.72
medium,1,workload,197,9.971
medium,1,workload,198,12.329
medium,1,workload,199,13.127
medium,1,workload,200,8.133
medium,1,workload,201,7.897
medium,1,workload,202,7.256
medium,1,workload,203,9.874
medium,1,workload,204,10.139
medium,1,workload,205,7.679
medium,1,workload,206,8.837
medium,1,workload,207,11.952
medium,1,workload,208,10.742
medium,1,workload,209,9.591
medium,1,workload,210,10.309
medium,1,workload,211,10.299
medium,1,workload,212,9.33
medium,1,workload,213,7.641
medium,1,workload,214,8.898
medium,1,workload,215,7.533
medium,1,workload,216,11.393
medium,1,workload,217,8.629
medium,1,workload,218,11.666
medium,1,workload,219,11.195
medium,1,workload,220,13.141
medium,1,workload,221,12.407
medium,1,workload,222,11.958
medium,1,workload,223,10.881
medium,1,workload,224,10.935
medium,1,workload,225,13.186
medium,1,workload,226,11.127
medium,1,workload,227,11.681
medium,1,workload,228,13.438
medium,1,workload,229,10.156
medium,1,workload,230,7.349
medium,1,workload,231,8.664
medium,1,workload,232,8.851
medium,1,workload,233,7.22
medium,1,workload,234,11.68
medium,1,workload,235,10.994
medium,1,workload,236,13.11
medium,1,workload,237,8.139
medium,1,workload,238,10.732
medium,1,workload,239,7.668
medium,1,workload,240,8.268
medium,1,workload,241,8.668
medium,1,workload,242,7.959
medium,1,workload,243,10.345
medium,1,workload,244,10.625
medium,1,workload,245,9.795
medium,1,workload,246,10.052
medium,1,workload,247,11.666
medium,1,workload,248,10.084
medium,1,workload,249,8.219
medium,1,workload,250,6.896
medium,1,workload,251,9.879
medium,1,workload,252,9.426
medium,1,workload,253,8.672
medium,1,workload,254,8.482
medium,1,workload,255,12.516
medium,1,workload,256,14.011
medium,1,workload,257,11.724
medium,1,workload,258,12.256
medium,1,workload,259,11.288
medium,1,workload,260,13.43
medium,1,workload,261,11.397
medium,1,workload,262,10.994
medium,1,workload,263,10.979
medium,1,workload,264,12.706
medium,1,workload,265,15.779
medium,1,workload,266,8.026
medium,1,workload,267,6.893
medium,1,workload,268,8.844
medium,1,workload,269,10.076
medium,1,workload,270,8.346
medium,1,workload,271,8.927
medium,1,workload,272,10.131
medium,1,workload,273,12.482
medium,1,workload,274,11.473
medium,1,workload,275,9.339
medium,1,workload,276,8.244
medium,1,workload,277,8.309
medium,1,workload,278,12.657
medium,1,workload,279,9.709
medium,1,workload,280,9.619
medium,1,workload,281,8.512
medium,1,workload,282,12.108
medium,1,workload,283,9.719
medium,1,workload,284,9.141
medium,1,workload,285,14.241
medium,1,workload,286,15.707
medium,1,workload,287,15.931
medium,1,workload,288,10.324
medium,1,workload,289,10.169
medium,1,workload,290,10.763
medium,1,workload,291,11.173
medium,1,workload,292,9.3
medium,1,workload,293,9.513
medium,1,workload,294,9.386
medium,1,workload,295,8.859
medium,1,workload,296,12.283
medium,1,workload,297,10.429
medium,1,workload,298,9.101
medium,1,workload,299,8.453
medium,1,workload,300,11.478
medium,1,workload,301,9.408
medium,1,workload,302,10.004
medium,1,workload,303,8.535
medium,1,workload,304,14.101
medium,1,workload,305,13.022
medium,1,workload,306,10.411
medium,1,workload,307,9.085
medium,1,workload,308,8.986
medium,1,workload,309,11.461
medium,1,workload,310,8.584
medium,1,workload,311,9.932
medium,1,workload,312,9.767
medium,1,workload,313,13.237
medium,1,workload,314,8.948
medium,1,workload,315,13.36
medium,1,workload,316,12.629
medium,1,workload,317,9.741
medium,1,workload,318,11.941
medium,1,workload,319,8.855
medium,1,workload,320,9.007
medium,1,workload,321,8.69
medium,1,workload,322,9.813
medium,1,workload,323,9.964
medium,1,workload,324,8.524
medium,1,workload,325,8.788
medium,1,workload,326,11.883
medium,1,workload,327,9.085
medium,1,workload,328,9.222
medium,1,workload,329,7.134
medium,1,workload,330,12.117
medium,1,workload,331,9.562
medium,1,workload,332,8.896
medium,1,workload,333,8.798
medium,1,workload,334,5.669
medium,1,workload,335,6.153
medium,1,workload,336,3.865
medium,1,workload,337,4.268
medium,1,workload,338,4.17
medium,1,workload,339,6.456
medium,1,workload,340,4.449
medium,1,workload,341,4.096
medium,1,workload,342,4.2
medium,1,workload,343,6.361
medium,1,workload,344,4.464
medium,1,workload,345,4.517
medium,1,workload,346,4.291
medium,1,workload,347,5.747
medium,1,workload,348,4.648
medium,1,workload,349,3.505
medium,1,workload,350,4.38
medium,1,workload,351,4.052
medium,1,workload,352,6.979
medium,1,workload,353,3.441
medium,1,workload,354,4.332
medium,1,workload,355,4.082
medium,1,workload,356,6.594
medium,1,workload,357,4.054
medium,1,workload,358,4.39
medium,1,workload,359,4.512
medium,1,workload,360,6.192
medium,1,workload,361,4.859
medium,1,workload,362,3.744
medium,1,workload,363,3.92
medium,1,workload,364,6.353
medium,1,workload,365,5.069
medium,1,workload,366,3.878
medium,1,workload,367,4.206
medium,1,workload,368,4.971
medium,1,workload,369,6.225
medium,1,workload,370,3.469
medium,1,workload,371,4.254
medium,1,workload,372,4.729
medium,1,workload,373,6.329
medium,1,workload,374,4.269
medium,1,workload,375,3.317
medium,1,workload,376,3.745
medium,1,workload,377,6.219
medium,1,workload,378,4.47
medium,1,workload,379,3.505
medium,1,workload,380,3.975
medium,1,workload,381,6.181
medium,1,workload,382,4.432
medium,1,workload,383,4.353
medium,1,workload,384,4.281
medium,1,workload,385,4.775
medium,1,workload,386,5.997
medium,1,workload,387,3.804
medium,1,workload,388,4.088
medium,1,workload,389,4.127
medium,1,workload,390,6.638
medium,1,workload,391,4.087
medium,1,workload,392,3.515
medium,1,workload,393,4.98
medium,1,workload,394,6.241
medium,1,workload,395,4.435
medium,1,workload,396,4.422
medium,1,workload,397,4.147
medium,1,workload,398,6.098
medium,1,workload,399,4.875
medium,1,workload,400,3.809
medium,1,workload,401,4.152
medium,1,workload,402,5.305
medium,1,workload,403,6.176
medium,1,workload,404,3.72
medium,1,workload,405,3.115
medium,1,workload,406,5.691
medium,1,workload,407,5.924
medium,1,workload,408,3.623
medium,1,workload,409,3.065
medium,1,workload,410,3.375
medium,1,workload,411,6.538
medium,1,workload,412,3.818
medium,1,workload,413,3.801
medium,1,workload,414,3.858
medium,1,workload,415,6.521
medium,1,workload,416,4.753
medium,1,workload,417,4.193
medium,1,workload,418,3.367
medium,1,workload,419,4.567
medium,1,workload,420,6.974
medium,1,workload,421,4.04
medium,1,workload,422,4.577
medium,1,workload,423,3.968
medium,1,workload,424,6.917
medium,1,workload,425,3.932
medium,1,workload,426,3.73
medium,1,workload,427,1.264
medium,1,workload,428,8.368
medium,1,workload,429,4.471
medium,1,workload,430,3.262
medium,1,workload,431,4.023
medium,1,workload,432,6.815
medium,1,workload,433,4.471
medium,1,workload,434,3.89
medium,1,workload,435,3.405
medium,1,workload,436,5.185
medium,1,workload,437,5.047
medium,1,workload,438,3.379
medium,1,workload,439,4.233
medium,1,workload,440,3.709
medium,1,workload,441,6.66
medium,1,workload,442,4.33
medium,1,workload,443,3.422
medium,1,workload,444,4.106
medium,1,workload,445,6.874
medium,1,workload,446,4.094
medium,1,workload,447,3.998
medium,1,workload,448,4.083
medium,1,workload,449,5.998
medium,1,workload,450,4.849
medium,1,workload,451,3.832
medium,1,workload,452,3.69
medium,1,workload,453,5.02
medium,1,workload,454,5.879
medium,1,workload,455,3.101
medium,1,workload,456,4.285
medium,1,workload,457,4.414
medium,1,workload,458,7.034
medium,1,workload,459,4.043
medium,1,workload,460,4.265
medium,1,workload,461,4.159
medium,1,workload,462,6.629
medium,1,workload,463,3.902
medium,1,workload,464,3.786
medium,1,workload,465,4.024
medium,1,workload,466,6.171
medium,1,workload,467,4.729
medium,1,workload,468,3.143
medium,1,workload,469,3.537
medium,1,workload,470,5.259
medium,1,workload,471,6.13
medium,1,workload,472,3.84
medium,1,workload,473,3.988
medium,1,workload,474,3.86
medium,1,workload,475,6.627
medium,1,workload,476,3.813
medium,1,workload,477,3.703
medium,1,workload,478,4.202
medium,1,workload,479,6.159
medium,1,workload,480,3.488
medium,1,workload,481,3.589
medium,1,workload,482,3.18
medium,1,workload,483,6.3
medium,1,workload,484,4.622
medium,1,workload,485,3.97
medium,1,workload,486,4.196
medium,1,workload,487,6.013
medium,1,workload,488,7.811
medium,1,workload,489,4.258
medium,1,workload,490,3.404
medium,1,workload,491,3.471
medium,1,workload,492,6.5
medium,1,workload,493,4.548
medium,1,workload,494,3.217
medium,1,workload,495,4.27
medium,1,workload,496,5.947
medium,1,workload,497,3.835
medium,1,workload,498,3.691
medium,1,workload,499,4.401
medium,1,workload,500,6.008
medium,1,workload,501,5.321
medium,1,workload,502,4.234
medium,1,workload,503,4.1
medium,1,workload,504,5.604
medium,1,workload,505,5.378
medium,1,workload,506,4.094
medium,1,workload,507,3.848
medium,1,workload,508,3.958
medium,1,workload,509,6.064
medium,1,workload,510,4.985
medium,1,workload,511,3.799
medium,1,workload,512,4.387
medium,1,workload,513,6.596
medium,1,workload,514,3.693
medium,1,workload,515,4.492
medium,1,workload,516,3.781
medium,1,workload,517,6.009
medium,1,workload,518,4.526
medium,1,workload,519,4.12
medium,1,workload,520,3.194
medium,1,workload,521,8.039
medium,1,workload,522,6.644
medium,1,workload,523,5.397
medium,1,workload,524,3.704
medium,1,workload,525,3.521
medium,1,workload,526,6.895
medium,1,workload,527,4.046
medium,1,workload,528,4.347
medium,1,workload,529,3.403
medium,1,workload,530,6.314
medium,1,workload,531,4.082
medium,1,workload,532,4.374
medium,1,workload,533,3.894
medium,1,workload,534,6.629
medium,1,workload,535,4.658
medium,1,workload,536,3.972
medium,1,workload,537,4.143
medium,1,workload,538,6.109
medium,1,workload,539,4.554
medium,1,workload,540,4.14
medium,1,workload,541,4.074
medium,1,workload,542,4.032
medium,1,workload,543,7.641
medium,1,workload,544,4.092
medium,1,workload,545,3.34
medium,1,workload,546,4.144
medium,1,workload,547,6.289
medium,1,workload,548,4.285
medium,1,workload,549,3.82
medium,1,workload,550,4.092
medium,1,workload,551,6.041
medium,1,workload,552,4.534
medium,1,workload,553,3.299
medium,1,workload,554,3.787
medium,1,workload,555,6.644
medium,1,workload,556,4.476
medium,1,workload,557,3.705
medium,1,workload,558,3.758
medium,1,workload,559,3.867
medium,1,workload,560,7.484
medium,1,workload,561,4.33
medium,1,workload,562,3.2
medium,1,workload,563,3.858
medium,1,workload,564,1.237
medium,1,workload,565,0.112
medium,1,workload,566,0.201
medium,1,workload,567,0.086
medium,1,workload,568,0.186
medium,1,workload,569,0.078
medium,1,workload,570,0.114
medium,1,workload,571,0.133
medium,1,workload,572,0.087
medium,1,workload,573,0.123
medium,1,workload,574,0.254
medium,1,workload,575,0.192
medium,1,workload,576,0.149
medium,1,workload,577,0.105
medium,1,workload,578,0.087
medium,1,workload,579,1.72
medium,1,workload,580,0.158
medium,1,workload,581,0.106
medium,1,workload,582,0.217
medium,1,workload,583,0.079
medium,1,workload,584,0.131
medium,1,workload,585,0.167
medium,1,workload,586,0.096
medium,1,workload,587,0.148
medium,1,workload,588,0.079
medium,1,workload,589,0.114
medium,1,workload,590,0.079
medium,1,workload,591,0.114
medium,1,workload,592,0.148
medium,1,workload,593,0.245
medium,1,workload,594,0.151
medium,1,workload,595,0.07
medium,1,workload,596,0.201
medium,1,workload,597,0.14
medium,1,workload,598,0.106
medium,1,workload,599,0.079
medium,2,idle,0,0.869
medium,2,idle,1,0.083
medium,2,idle,2,0.107
medium,2,idle,3,0.069
medium,2,idle,4,0.078
medium,2,idle,5,0.188
medium,2,idle,6,0.276
medium,2,idle,7,0.235
medium,2,idle,8,0.078
medium,2,idle,9,0.094
medium,2,idle,10,0.069
medium,2,idle,11,0.64
medium,2,idle,12,1.594
medium,2,idle,13,1.925
medium,2,idle,14,2.329
medium,2,idle,15,2.16
medium,2,idle,16,1.487
medium,2,idle,17,5.659
medium,2,idle,18,3.04
medium,2,idle,19,2.729
medium,2,idle,20,2.365
medium,2,idle,21,2.061
medium,2,idle,22,2.045
medium,2,idle,23,1.954
medium,2,idle,24,1.895
medium,2,idle,25,1.905
medium,2,idle,26,1.959
medium,2,idle,27,2.028
medium,2,idle,28,2.421
medium,2,idle,29,2.519
medium,2,idle,30,2.445
medium,2,idle,31,2.014
medium,2,idle,32,1.223
medium,2,idle,33,0.949
medium,2,idle,34,0.688
medium,2,idle,35,0.686
medium,2,idle,36,0.8
medium,2,idle,37,0.564
medium,2,idle,38,0.539
medium,2,idle,39,0.526
medium,2,idle,40,0.579
medium,2,idle,41,0.501
medium,2,idle,42,0.412
medium,2,idle,43,0.658
medium,2,idle,44,0.446
medium,2,idle,45,0.318
medium,2,idle,46,0.593
medium,2,idle,47,0.482
medium,2,idle,48,0.808
medium,2,idle,49,0.459
medium,2,idle,50,0.752
medium,2,idle,51,0.541
medium,2,idle,52,0.337
medium,2,idle,53,0.466
medium,2,idle,54,0.449
medium,2,idle,55,0.402
medium,2,idle,56,0.411
medium,2,idle,57,0.43
medium,2,idle,58,0.412
medium,2,idle,59,0.31
medium,2,idle,60,0.404
medium,2,idle,61,0.503
medium,2,idle,62,0.433
medium,2,idle,63,0.676
medium,2,idle,64,1.127
medium,2,idle,65,3.086
medium,2,idle,66,1.493
medium,2,idle,67,0.468
medium,2,idle,68,0.621
medium,2,idle,69,0.429
medium,2,idle,70,0.395
medium,2,idle,71,0.438
medium,2,idle,72,0.461
medium,2,idle,73,0.453
medium,2,idle,74,0.551
medium,2,idle,75,0.405
medium,2,idle,76,0.362
medium,2,idle,77,0.468
medium,2,idle,78,0.997
medium,2,idle,79,1.177
medium,2,idle,80,0.46
medium,2,idle,81,0.584
medium,2,idle,82,0.416
medium,2,idle,83,0.63
medium,2,idle,84,0.45
medium,2,idle,85,0.409
medium,2,idle,86,0.449
medium,2,idle,87,0.481
medium,2,idle,88,0.316
medium,2,idle,89,0.595
medium,2,idle,90,0.434
medium,2,idle,91,0.485
medium,2,idle,92,0.386
medium,2,idle,93,0.405
medium,2,idle,94,0.472
medium,2,idle,95,0.412
medium,2,idle,96,0.438
medium,2,idle,97,0.629
medium,2,idle,98,0.391
medium,2,idle,99,0.481
medium,2,workload,0,5.434
medium,2,workload,1,5.741
medium,2,workload,2,4.916
medium,2,workload,3,4.547
medium,2,workload,4,4.542
medium,2,workload,5,4.22
medium,2,workload,6,8.02
medium,2,workload,7,4.941
medium,2,workload,8,4.703
medium,2,workload,9,4.63
medium,2,workload,10,8.733
medium,2,workload,11,4.816
medium,2,workload,12,3.936
medium,2,workload,13,4.904
medium,2,workload,14,7.859
medium,2,workload,15,6.27
medium,2,workload,16,5.379
medium,2,workload,17,4.757
medium,2,workload,18,6.943
medium,2,workload,19,6.244
medium,2,workload,20,4.046
medium,2,workload,21,4.183
medium,2,workload,22,6.795
medium,2,workload,23,5.887
medium,2,workload,24,4.487
medium,2,workload,25,4.583
medium,2,workload,26,5.723
medium,2,workload,27,6.879
medium,2,workload,28,3.94
medium,2,workload,29,4.52
medium,2,workload,30,5.196
medium,2,workload,31,8.151
medium,2,workload,32,4.475
medium,2,workload,33,3.999
medium,2,workload,34,4.54
medium,2,workload,35,7.775
medium,2,workload,36,4.014
medium,2,workload,37,3.942
medium,2,workload,38,5.463
medium,2,workload,39,7.61
medium,2,workload,40,4.266
medium,2,workload,41,4.373
medium,2,workload,42,4.415
medium,2,workload,43,7.225
medium,2,workload,44,5.258
medium,2,workload,45,4.149
medium,2,workload,46,4.116
medium,2,workload,47,7.682
medium,2,workload,48,6.13
medium,2,workload,49,4.701
medium,2,workload,50,5.138
medium,2,workload,51,7.353
medium,2,workload,52,7.269
medium,2,workload,53,5.985
medium,2,workload,54,5.072
medium,2,workload,55,5.87
medium,2,workload,56,7.843
medium,2,workload,57,4.8
medium,2,workload,58,4.88
medium,2,workload,59,4.172
medium,2,workload,60,8.639
medium,2,workload,61,5.127
medium,2,workload,62,4.394
medium,2,workload,63,4.347
medium,2,workload,64,8.529
medium,2,workload,65,6.07
medium,2,workload,66,4.249
medium,2,workload,67,4.319
medium,2,workload,68,7.967
medium,2,workload,69,4.344
medium,2,workload,70,4.785
medium,2,workload,71,4.485
medium,2,workload,72,8.038
medium,2,workload,73,5.483
medium,2,workload,74,4.009
medium,2,workload,75,4.902
medium,2,workload,76,7.878
medium,2,workload,77,4.928
medium,2,workload,78,4.429
medium,2,workload,79,4.018
medium,2,workload,80,7.286
medium,2,workload,81,5.835
medium,2,workload,82,4.304
medium,2,workload,83,4.217
medium,2,workload,84,6.84
medium,2,workload,85,5.012
medium,2,workload,86,4.718
medium,2,workload,87,7.979
medium,2,workload,88,13.686
medium,2,workload,89,12.154
medium,2,workload,90,8.652
medium,2,workload,91,4.658
medium,2,workload,92,4.922
medium,2,workload,93,8.735
medium,2,workload,94,5.063
medium,2,workload,95,4.592
medium,2,workload,96,4.418
medium,2,workload,97,8.241
medium,2,workload,98,6.613
medium,2,workload,99,6.315
medium,2,workload,100,9.042
medium,2,workload,101,11.325
medium,2,workload,102,7.249
medium,2,workload,103,7.681
medium,2,workload,104,10.816
medium,2,workload,105,10.266
medium,2,workload,106,7.135
medium,2,workload,107,10.697
medium,2,workload,108,9.591
medium,2,workload,109,8.496
medium,2,workload,110,12.477
medium,2,workload,111,16.143
medium,2,workload,112,15.365
medium,2,workload,113,8.564
medium,2,workload,114,10.082
medium,2,workload,115,8.711
medium,2,workload,116,12.668
medium,2,workload,117,9.354
medium,2,workload,118,8.729
medium,2,workload,119,10.911
medium,2,workload,120,10.364
medium,2,workload,121,8.783
medium,2,workload,122,8.666
medium,2,workload,123,10.171
medium,2,workload,124,8.926
medium,2,workload,125,8.468
medium,2,workload,126,10.76
medium,2,workload,127,17.864
medium,2,workload,128,17.6
medium,2,workload,129,8.159
medium,2,workload,130,8.371
medium,2,workload,131,8.03
medium,2,workload,132,11.942
medium,2,workload,133,9.421
medium,2,workload,134,17.973
medium,2,workload,135,14.622
medium,2,workload,136,13.677
medium,2,workload,137,13.223
medium,2,workload,138,10.386
medium,2,workload,139,7.788
medium,2,workload,140,7.675
medium,2,workload,141,12.342
medium,2,workload,142,8.134
medium,2,workload,143,7.839
medium,2,workload,144,9.302
medium,2,workload,145,11.077
medium,2,workload,146,10.045
medium,2,workload,147,9.595
medium,2,workload,148,8.88
medium,2,workload,149,7.91
medium,2,workload,150,11.543
medium,2,workload,151,7.526
medium,2,workload,152,8.348
medium,2,workload,153,15.374
medium,2,workload,154,19.075
medium,2,workload,155,9.753
medium,2,workload,156,8.847
medium,2,workload,157,7.664
medium,2,workload,158,8.713
medium,2,workload,159,11.638
medium,2,workload,160,11.187
medium,2,workload,161,10.369
medium,2,workload,162,11.754
medium,2,workload,163,11.209
medium,2,workload,164,10.146
medium,2,workload,165,7.266
medium,2,workload,166,9.653
medium,2,workload,167,8.877
medium,2,workload,168,9.042
medium,2,workload,169,9.08
medium,2,workload,170,8.812
medium,2,workload,171,8.991
medium,2,workload,172,13.485
medium,2,workload,173,7.476
medium,2,workload,174,7.815
medium,2,workload,175,8.173
medium,2,workload,176,11.145
medium,2,workload,177,8.98
medium,2,workload,178,12.796
medium,2,workload,179,16.419
medium,2,workload,180,13.453
medium,2,workload,181,10.98
medium,2,workload,182,8.332
medium,2,workload,183,7.776
medium,2,workload,184,9.142
medium,2,workload,185,11.515
medium,2,workload,186,10.771
medium,2,workload,187,10.062
medium,2,workload,188,9.31
medium,2,workload,189,12.34
medium,2,workload,190,9.099
medium,2,workload,191,8.741
medium,2,workload,192,8.89
medium,2,workload,193,7.467
medium,2,workload,194,10.504
medium,2,workload,195,8.455
medium,2,workload,196,9.28
medium,2,workload,197,10.108
medium,2,workload,198,10.5
medium,2,workload,199,9.411
medium,2,workload,200,8.359
medium,2,workload,201,8.903
medium,2,workload,202,10.071
medium,2,workload,203,13.532
medium,2,workload,204,16.558
medium,2,workload,205,12.155
medium,2,workload,206,8.66
medium,2,workload,207,9.733
medium,2,workload,208,9.929
medium,2,workload,209,9.466
medium,2,workload,210,9.481
medium,2,workload,211,11.538
medium,2,workload,212,10.058
medium,2,workload,213,9.496
medium,2,workload,214,6.762
medium,2,workload,215,9.462
medium,2,workload,216,10.184
medium,2,workload,217,8.639
medium,2,workload,218,9.071
medium,2,workload,219,8.634
medium,2,workload,220,11.563
medium,2,workload,221,10.284
medium,2,workload,222,8.263
medium,2,workload,223,8.382
medium,2,workload,224,10.419
medium,2,workload,225,8.521
medium,2,workload,226,8.764
medium,2,workload,227,13.1
medium,2,workload,228,16.669
medium,2,workload,229,16.877
medium,2,workload,230,9.208
medium,2,workload,231,7.481
medium,2,workload,232,9.67
medium,2,workload,233,11.601
medium,2,workload,234,10.194
medium,2,workload,235,9.695
medium,2,workload,236,9.175
medium,2,workload,237,12.667
medium,2,workload,238,10.963
medium,2,workload,239,8.344
medium,2,workload,240,9.871
medium,2,workload,241,6.858
medium,2,workload,242,10.907
medium,2,workload,243,9.432
medium,2,workload,244,8.487
medium,2,workload,245,10.788
medium,2,workload,246,10.983
medium,2,workload,247,8.999
medium,2,workload,248,7.896
medium,2,workload,249,9.228
medium,2,workload,250,9.626
medium,2,workload,251,10.186
medium,2,workload,252,16.425
medium,2,workload,253,16.776
medium,2,workload,254,9.342
medium,2,workload,255,10.57
medium,2,workload,256,9.254
medium,2,workload,257,8.895
medium,2,workload,258,10.865
medium,2,workload,259,10.71
medium,2,workload,260,10.919
medium,2,workload,261,9.433
medium,2,workload,262,8.976
medium,2,workload,263,7.394
medium,2,workload,264,12.676
medium,2,workload,265,7.32
medium,2,workload,266,7.472
medium,2,workload,267,7.792
medium,2,workload,268,10.061
medium,2,workload,269,5.379
medium,2,workload,270,4.062
medium,2,workload,271,6.28
medium,2,workload,272,16.336
medium,2,workload,273,15.41
medium,2,workload,274,11.533
medium,2,workload,275,12.062
medium,2,workload,276,15.725
medium,2,workload,277,17.156
medium,2,workload,278,12.657
medium,2,workload,279,11.84
medium,2,workload,280,16.402
medium,2,workload,281,17.564
medium,2,workload,282,18.547
medium,2,workload,283,16.31
medium,2,workload,284,14.133
medium,2,workload,285,13.328
medium,2,workload,286,14.307
medium,2,workload,287,12.943
medium,2,workload,288,13.266
medium,2,workload,289,13.817
medium,2,workload,290,12.281
medium,2,workload,291,13.538
medium,2,workload,292,12.795
medium,2,workload,293,11.518
medium,2,workload,294,10.455
medium,2,workload,295,11.411
medium,2,workload,296,19.603
medium,2,workload,297,12.274
medium,2,workload,298,11.989
medium,2,workload,299,11.182
medium,2,workload,300,13.737
medium,2,workload,301,9.697
medium,2,workload,302,11.15
medium,2,workload,303,18.533
medium,2,workload,304,14.711
medium,2,workload,305,15.653
medium,2,workload,306,14.173
medium,2,workload,307,15.741
medium,2,workload,308,12.825
medium,2,workload,309,13.472
medium,2,workload,310,19.433
medium,2,workload,311,17.15
medium,2,workload,312,16.004
medium,2,workload,313,16.933
medium,2,workload,314,12.468
medium,2,workload,315,16.908
medium,2,workload,316,12.853
medium,2,workload,317,12.93
medium,2,workload,318,12.497
medium,2,workload,319,17.336
medium,2,workload,320,11.948
medium,2,workload,321,11.894
medium,2,workload,322,12.014
medium,2,workload,323,11.021
medium,2,workload,324,12.794
medium,2,workload,325,11.356
medium,2,workload,326,7.582
medium,2,workload,327,8.955
medium,2,workload,328,11.754
medium,2,workload,329,13.268
medium,2,workload,330,15.81
medium,2,workload,331,14.433
medium,2,workload,332,13.894
medium,2,workload,333,17.837
medium,2,workload,334,17.05
medium,2,workload,335,11.962
medium,2,workload,336,15.633
medium,2,workload,337,15.722
medium,2,workload,338,15.995
medium,2,workload,339,11.832
medium,2,workload,340,15.663
medium,2,workload,341,17.435
medium,2,workload,342,13.157
medium,2,workload,343,9.603
medium,2,workload,344,10.78
medium,2,workload,345,8.228
medium,2,workload,346,8.541
medium,2,workload,347,4.122
medium,2,workload,348,11.119
medium,2,workload,349,7.472
medium,2,workload,350,8.515
medium,2,workload,351,9.549
medium,2,workload,352,8.024
medium,2,workload,353,8.037
medium,2,workload,354,8.903
medium,2,workload,355,10.432
medium,2,workload,356,8.422
medium,2,workload,357,8.826
medium,2,workload,358,7.283
medium,2,workload,359,12.728
medium,2,workload,360,10.819
medium,2,workload,361,9.018
medium,2,workload,362,7.256
medium,2,workload,363,7.069
medium,2,workload,364,13.678
medium,2,workload,365,10.671
medium,2,workload,366,13.004
medium,2,workload,367,8.613
medium,2,workload,368,9.129
medium,2,workload,369,11.91
medium,2,workload,370,8.006
medium,2,workload,371,8.895
medium,2,workload,372,10.684
medium,2,workload,373,12.82
medium,2,workload,374,11.146
medium,2,workload,375,10.8
medium,2,workload,376,10.636
medium,2,workload,377,10.202
medium,2,workload,378,8.973
medium,2,workload,379,8.583
medium,2,workload,380,13.32
medium,2,workload,381,11.623
medium,2,workload,382,15.432
medium,2,workload,383,14.299
medium,2,workload,384,11.852
medium,2,workload,385,11.826
medium,2,workload,386,14.646
medium,2,workload,387,12.258
medium,2,workload,388,11.828
medium,2,workload,389,12.515
medium,2,workload,390,13.591
medium,2,workload,391,7.211
medium,2,workload,392,15.159
medium,2,workload,393,8.421
medium,2,workload,394,7.603
medium,2,workload,395,9.531
medium,2,workload,396,7.325
medium,2,workload,397,8.221
medium,2,workload,398,7.078
medium,2,workload,399,8.675
medium,2,workload,400,9.323
medium,2,workload,401,8.241
medium,2,workload,402,10.008
medium,2,workload,403,7.411
medium,2,workload,404,11.194
medium,2,workload,405,9.64
medium,2,workload,406,7.561
medium,2,workload,407,8.005
medium,2,workload,408,10.085
medium,2,workload,409,8.829
medium,2,workload,410,7.838
medium,2,workload,411,8.897
medium,2,workload,412,8.215
medium,2,workload,413,10.654
medium,2,workload,414,6.969
medium,2,workload,415,6.734
medium,2,workload,416,9.123
medium,2,workload,417,10.337
medium,2,workload,418,8.17
medium,2,workload,419,7.512
medium,2,workload,420,8.134
medium,2,workload,421,7.022
medium,2,workload,422,10.083
medium,2,workload,423,12.62
medium,2,workload,424,11.81
medium,2,workload,425,8.679
medium,2,workload,426,10.463
medium,2,workload,427,8.208
medium,2,workload,428,7.707
medium,2,workload,429,7.257
medium,2,workload,430,7.108
medium,2,workload,431,9.776
medium,2,workload,432,7.08
medium,2,workload,433,8.269
medium,2,workload,434,7.049
medium,2,workload,435,8.936
medium,2,workload,436,4.8
medium,2,workload,437,10.406
medium,2,workload,438,8.113
medium,2,workload,439,11.46
medium,2,workload,440,8.547
medium,2,workload,441,9.041
medium,2,workload,442,9.001
medium,2,workload,443,7.923
medium,2,workload,444,10.554
medium,2,workload,445,8.686
medium,2,workload,446,7.576
medium,2,workload,447,9.437
medium,2,workload,448,11.214
medium,2,workload,449,7.671
medium,2,workload,450,7.991
medium,2,workload,451,9.077
medium,2,workload,452,8.914
medium,2,workload,453,8.142
medium,2,workload,454,6.472
medium,2,workload,455,5.525
medium,2,workload,456,5.542
medium,2,workload,457,9.416
medium,2,workload,458,7.567
medium,2,workload,459,7.24
medium,2,workload,460,7.613
medium,2,workload,461,10.257
medium,2,workload,462,8.239
medium,2,workload,463,7.606
medium,2,workload,464,7.897
medium,2,workload,465,9.22
medium,2,workload,466,10.237
medium,2,workload,467,8.043
medium,2,workload,468,8.171
medium,2,workload,469,7.985
medium,2,workload,470,11.197
medium,2,workload,471,8.304
medium,2,workload,472,8.314
medium,2,workload,473,8.899
medium,2,workload,474,10.418
medium,2,workload,475,9.15
medium,2,workload,476,9.107
medium,2,workload,477,8.286
medium,2,workload,478,8.782
medium,2,workload,479,11.093
medium,2,workload,480,9.652
medium,2,workload,481,9.335
medium,2,workload,482,9.125
medium,2,workload,483,12.462
medium,2,workload,484,10.712
medium,2,workload,485,8.916
medium,2,workload,486,8.137
medium,2,workload,487,8.386
medium,2,workload,488,12.353
medium,2,workload,489,8.929
medium,2,workload,490,9.333
medium,2,workload,491,12.25
medium,2,workload,492,10.328
medium,2,workload,493,12.501
medium,2,workload,494,8.328
medium,2,workload,495,9.872
medium,2,workload,496,8.049
medium,2,workload,497,12.381
medium,2,workload,498,9.923
medium,2,workload,499,8.838
medium,2,workload,500,10.014
medium,2,workload,501,13.12
medium,2,workload,502,11.224
medium,2,workload,503,10.809
medium,2,workload,504,10.349
medium,2,workload,505,12.769
medium,2,workload,506,8.081
medium,2,workload,507,8.98
medium,2,workload,508,9.292
medium,2,workload,509,12.259
medium,2,workload,510,10.481
medium,2,workload,511,11.687
medium,2,workload,512,13.148
medium,2,workload,513,12.089
medium,2,workload,514,14.542
medium,2,workload,515,12.058
medium,2,workload,516,13.591
medium,2,workload,517,15.588
medium,2,workload,518,15.645
medium,2,workload,519,14.063
medium,2,workload,520,13.873
medium,2,workload,521,13.628
medium,2,workload,522,11.653
medium,2,workload,523,12.413
medium,2,workload,524,9.356
medium,2,workload,525,10.263
medium,2,workload,526,7.69
medium,2,workload,527,8.348
medium,2,workload,528,9.338
medium,2,workload,529,7.825
medium,2,workload,530,7.54
medium,2,workload,531,7.676
medium,2,workload,532,11.012
medium,2,workload,533,8.223
medium,2,workload,534,8.323
medium,2,workload,535,8.469
medium,2,workload,536,11.683
medium,2,workload,537,8.936
medium,2,workload,538,8.321
medium,2,workload,539,9.893
medium,2,workload,540,7.531
medium,2,workload,541,11.116
medium,2,workload,542,7.69
medium,2,workload,543,6.61
medium,2,workload,544,6.306
medium,2,workload,545,9.591
medium,2,workload,546,8.12
medium,2,workload,547,8.072
medium,2,workload,548,8.177
medium,2,workload,549,9.458
medium,2,workload,550,9.855
medium,2,workload,551,8.054
medium,2,workload,552,7.776
medium,2,workload,553,8.881
medium,2,workload,554,9.512
medium,2,workload,555,7.213
medium,2,workload,556,7.689
medium,2,workload,557,7.27
medium,2,workload,558,4.953
medium,2,workload,559,2.815
medium,2,workload,560,2.244
medium,2,workload,561,2.364
medium,2,workload,562,2.948
medium,2,workload,563,4.789
medium,2,workload,564,2.612
medium,2,workload,565,2.564
medium,2,workload,566,2.97
medium,2,workload,567,3.157
medium,2,workload,568,3.653
medium,2,workload,569,4.254
medium,2,workload,570,4.498
medium,2,workload,571,4.751
medium,2,workload,572,6.077
medium,2,workload,573,4.151
medium,2,workload,574,5.273
medium,2,workload,575,4.286
medium,2,workload,576,4.541
medium,2,workload,577,4.18
medium,2,workload,578,3.542
medium,2,workload,579,2.468
medium,2,workload,580,1.886
medium,2,workload,581,1.617
medium,2,workload,582,2.044
medium,2,workload,583,2.2
medium,2,workload,584,2.75
medium,2,workload,585,3.712
medium,2,workload,586,3.052
medium,2,workload,587,3.475
medium,2,workload,588,4.171
medium,2,workload,589,5.73
medium,2,workload,590,4.46
medium,2,workload,591,4.93
medium,2,workload,592,3.89
medium,2,workload,593,4.4
medium,2,workload,594,4.049
medium,2,workload,595,4.155
medium,2,workload,596,5.012
medium,2,workload,597,4.925
medium,2,workload,598,4.447
medium,2,workload,599,3.18
medium,3,idle,0,8.566
medium,3,idle,1,8.634
medium,3,idle,2,10.64
medium,3,idle,3,8.615
medium,3,idle,4,4.131
medium,3,idle,5,5.458
medium,3,idle,6,5.166
medium,3,idle,7,4.75
medium,3,idle,8,9.176
medium,3,idle,9,4.458
medium,3,idle,10,8.882
medium,3,idle,11,6.071
medium,3,idle,12,5.793
medium,3,idle,13,5.198
medium,3,idle,14,6.517
medium,3,idle,15,6.169
medium,3,idle,16,6.334
medium,3,idle,17,6.768
medium,3,idle,18,6.402
medium,3,idle,19,6.234
medium,3,idle,20,6.655
medium,3,idle,21,6.397
medium,3,idle,22,6.366
medium,3,idle,23,6.206
medium,3,idle,24,6.32
medium,3,idle,25,6.626
medium,3,idle,26,6.211
medium,3,idle,27,7.168
medium,3,idle,28,6.168
medium,3,idle,29,6.284
medium,3,idle,30,6.159
medium,3,idle,31,6.468
medium,3,idle,32,6.323
medium,3,idle,33,6.427
medium,3,idle,34,7.355
medium,3,idle,35,6.3
medium,3,idle,36,5.959
medium,3,idle,37,7.071
medium,3,idle,38,6.768
medium,3,idle,39,6.548
medium,3,idle,40,6.659
medium,3,idle,41,6.903
medium,3,idle,42,6.797
medium,3,idle,43,6.324
medium,3,idle,44,6.918
medium,3,idle,45,6.591
medium,3,idle,46,9.477
medium,3,idle,47,4.462
medium,3,idle,48,12.11
medium,3,idle,49,7.545
medium,3,idle,50,6.855
medium,3,idle,51,6.653
medium,3,idle,52,5.923
medium,3,idle,53,6.022
medium,3,idle,54,6.12
medium,3,idle,55,6.049
medium,3,idle,56,5.335
medium,3,idle,57,6.124
medium,3,idle,58,5.131
medium,3,idle,59,5.215
medium,3,idle,60,6.176
medium,3,idle,61,6.022
medium,3,idle,62,6.053
medium,3,idle,63,5.988
medium,3,idle,64,5.761
medium,3,idle,65,5.068
medium,3,idle,66,5.903
medium,3,idle,67,6.643
medium,3,idle,68,5.678
medium,3,idle,69,7.23
medium,3,idle,70,6.491
medium,3,idle,71,6.335
medium,3,idle,72,5.661
medium,3,idle,73,7.443
medium,3,idle,74,5.973
medium,3,idle,75,7.292
medium,3,idle,76,15.165
medium,3,idle,77,11.452
medium,3,idle,78,6.164
medium,3,idle,79,6.494
medium,3,idle,80,7.343
medium,3,idle,81,6.495
medium,3,idle,82,6.71
medium,3,idle,83,7.09
medium,3,idle,84,7.599
medium,3,idle,85,6.808
medium,3,idle,86,6.849
medium,3,idle,87,6.331
medium,3,idle,88,6.257
medium,3,idle,89,3.689
medium,3,idle,90,6.349
medium,3,idle,91,5.675
medium,3,idle,92,4.633
medium,3,idle,93,2.957
medium,3,idle,94,4.547
medium,3,idle,95,3.089
medium,3,idle,96,1.041
medium,3,idle,97,0.768
medium,3,idle,98,0.661
medium,3,idle,99,1.072
medium,3,workload,0,8.107
medium,3,workload,1,9.707
medium,3,workload,2,13.175
medium,3,workload,3,9.143
medium,3,workload,4,8.579
medium,3,workload,5,5.231
medium,3,workload,6,7.53
medium,3,workload,7,5.355
medium,3,workload,8,5.218
medium,3,workload,9,5.652
medium,3,workload,10,7.933
medium,3,workload,11,7.515
medium,3,workload,12,7.747
medium,3,workload,13,5.484
medium,3,workload,14,8.143
medium,3,workload,15,6.064
medium,3,workload,16,4.316
medium,3,workload,17,4.627
medium,3,workload,18,7.239
medium,3,workload,19,5.482
medium,3,workload,20,4.165
medium,3,workload,21,4.223
medium,3,workload,22,6.873
medium,3,workload,23,6.271
medium,3,workload,24,4.145
medium,3,workload,25,5.892
medium,3,workload,26,5.717
medium,3,workload,27,7.353
medium,3,workload,28,5.292
medium,3,workload,29,4.535
medium,3,workload,30,4.703
medium,3,workload,31,7.501
medium,3,workload,32,4.48
medium,3,workload,33,4.73
medium,3,workload,34,4.082
medium,3,workload,35,7.902
medium,3,workload,36,5.081
medium,3,workload,37,4.308
medium,3,workload,38,5.217
medium,3,workload,39,6.94
medium,3,workload,40,2.588
medium,3,workload,41,7.219
medium,3,workload,42,4.345
medium,3,workload,43,6.693
medium,3,workload,44,5.096
medium,3,workload,45,5.181
medium,3,workload,46,4.079
medium,3,workload,47,6.278
medium,3,workload,48,4.904
medium,3,workload,49,3.601
medium,3,workload,50,4.43
medium,3,workload,51,4.698
medium,3,workload,52,6.098
medium,3,workload,53,3.71
medium,3,workload,54,4.164
medium,3,workload,55,1.302
medium,3,workload,56,9.534
medium,3,workload,57,3.587
medium,3,workload,58,4.348
medium,3,workload,59,3.88
medium,3,workload,60,6.548
medium,3,workload,61,4.041
medium,3,workload,62,3.007
medium,3,workload,63,1.505
medium,3,workload,64,9.279
medium,3,workload,65,4.299
medium,3,workload,66,4.035
medium,3,workload,67,3.741
medium,3,workload,68,6.662
medium,3,workload,69,4.3
medium,3,workload,70,4.09
medium,3,workload,71,4.368
medium,3,workload,72,6.006
medium,3,workload,73,4.453
medium,3,workload,74,4.049
medium,3,workload,75,3.996
medium,3,workload,76,1.412
medium,3,workload,77,9.283
medium,3,workload,78,3.416
medium,3,workload,79,4.109
medium,3,workload,80,3.857
medium,3,workload,81,7.307
medium,3,workload,82,3.771
medium,3,workload,83,4.003
medium,3,workload,84,3.217
medium,3,workload,85,5.808
medium,3,workload,86,4.613
medium,3,workload,87,4.029
medium,3,workload,88,3.263
medium,3,workload,89,6.473
medium,3,workload,90,7.773
medium,3,workload,91,6.051
medium,3,workload,92,3.757
medium,3,workload,93,5.216
medium,3,workload,94,4.981
medium,3,workload,95,4.159
medium,3,workload,96,3.907
medium,3,workload,97,4.702
medium,3,workload,98,7.36
medium,3,workload,99,6.028
medium,3,workload,100,5.515
medium,3,workload,101,5.759
medium,3,workload,102,7.247
medium,3,workload,103,5.356
medium,3,workload,104,4.121
medium,3,workload,105,4.998
medium,3,workload,106,8.014
medium,3,workload,107,4.738
medium,3,workload,108,5.294
medium,3,workload,109,5.801
medium,3,workload,110,7.019
medium,3,workload,111,5.852
medium,3,workload,112,4.296
medium,3,workload,113,4.315
medium,3,workload,114,5.718
medium,3,workload,115,5.663
medium,3,workload,116,4.523
medium,3,workload,117,4.566
medium,3,workload,118,3.763
medium,3,workload,119,6.803
medium,3,workload,120,3.896
medium,3,workload,121,4.099
medium,3,workload,122,3.593
medium,3,workload,123,6.561
medium,3,workload,124,4.67
medium,3,workload,125,3.85
medium,3,workload,126,3.957
medium,3,workload,127,11.066
medium,3,workload,128,7.442
medium,3,workload,129,4.177
medium,3,workload,130,3.747
medium,3,workload,131,6.03
medium,3,workload,132,4.68
medium,3,workload,133,3.91
medium,3,workload,134,3.675
medium,3,workload,135,5.461
medium,3,workload,136,8.313
medium,3,workload,137,4.179
medium,3,workload,138,3.923
medium,3,workload,139,4.126
medium,3,workload,140,5.699
medium,3,workload,141,3.695
medium,3,workload,142,3.166
medium,3,workload,143,4.615
medium,3,workload,144,5.937
medium,3,workload,145,4.621
medium,3,workload,146,4.39
medium,3,workload,147,4.789
medium,3,workload,148,6.719
medium,3,workload,149,4.792
medium,3,workload,150,4.282
medium,3,workload,151,4.126
medium,3,workload,152,6.845
medium,3,workload,153,6.362
medium,3,workload,154,4.987
medium,3,workload,155,8.406
medium,3,workload,156,10.37
medium,3,workload,157,12.259
medium,3,workload,158,10.714
medium,3,workload,159,10.328
medium,3,workload,160,10.191
medium,3,workload,161,10.647
medium,3,workload,162,11.492
medium,3,workload,163,10.286
medium,3,workload,164,10.285
medium,3,workload,165,9.871
medium,3,workload,166,10.239
medium,3,workload,167,7.33
medium,3,workload,168,8.975
medium,3,workload,169,10.337
medium,3,workload,170,12.497
medium,3,workload,171,15.946
medium,3,workload,172,6.085
medium,3,workload,173,7.796
medium,3,workload,174,4.936
medium,3,workload,175,7.166
medium,3,workload,176,4.514
medium,3,workload,177,4.196
medium,3,workload,178,3.193
medium,3,workload,179,6.253
medium,3,workload,180,4.116
medium,3,workload,181,4.071
medium,3,workload,182,3.779
medium,3,workload,183,5.305
medium,3,workload,184,5.285
medium,3,workload,185,3.343
medium,3,workload,186,4.202
medium,3,workload,187,4.813
medium,3,workload,188,7.117
medium,3,workload,189,3.986
medium,3,workload,190,3.929
medium,3,workload,191,4.09
medium,3,workload,192,6.78
medium,3,workload,193,4.65
medium,3,workload,194,3.318
medium,3,workload,195,3.425
medium,3,workload,196,6.439
medium,3,workload,197,4.359
medium,3,workload,198,4.24
medium,3,workload,199,4.126
medium,3,workload,200,6.179
medium,3,workload,201,4.417
medium,3,workload,202,3.687
medium,3,workload,203,4.1
medium,3,workload,204,5.777
medium,3,workload,205,5.106
medium,3,workload,206,3.893
medium,3,workload,207,3.043
medium,3,workload,208,3.885
medium,3,workload,209,6.807
medium,3,workload,210,4.189
medium,3,workload,211,4.035
medium,3,workload,212,4.207
medium,3,workload,213,7.162
medium,3,workload,214,3.231
medium,3,workload,215,4.467
medium,3,workload,216,4.448
medium,3,workload,217,6.081
medium,3,workload,218,4.654
medium,3,workload,219,3.824
medium,3,workload,220,3.513
medium,3,workload,221,6.485
medium,3,workload,222,4.834
medium,3,workload,223,4.15
medium,3,workload,224,4.074
medium,3,workload,225,6.104
medium,3,workload,226,5.068
medium,3,workload,227,3.869
medium,3,workload,228,3.731
medium,3,workload,229,3.869
medium,3,workload,230,6.327
medium,3,workload,231,3.492
medium,3,workload,232,4.761
medium,3,workload,233,4.129
medium,3,workload,234,5.857
medium,3,workload,235,3.49
medium,3,workload,236,4.37
medium,3,workload,237,6.182
medium,3,workload,238,7.791
medium,3,workload,239,4.483
medium,3,workload,240,4.884
medium,3,workload,241,5.441
medium,3,workload,242,6.945
medium,3,workload,243,4.782
medium,3,workload,244,5.12
medium,3,workload,245,3.848
medium,3,workload,246,5.505
medium,3,workload,247,4.575
medium,3,workload,248,3.312
medium,3,workload,249,4.03
medium,3,workload,250,3.501
medium,3,workload,251,6.703
medium,3,workload,252,4.081
medium,3,workload,253,6.702
medium,3,workload,254,6.514
medium,3,workload,255,8.473
medium,3,workload,256,4.132
medium,3,workload,257,3.791
medium,3,workload,258,4.094
medium,3,workload,259,6.474
medium,3,workload,260,4.554
medium,3,workload,261,3.022
medium,3,workload,262,4.011
medium,3,workload,263,6.34
medium,3,workload,264,5.113
medium,3,workload,265,3.519
medium,3,workload,266,3.707
medium,3,workload,267,4.772
medium,3,workload,268,5.887
medium,3,workload,269,4.548
medium,3,workload,270,3.229
medium,3,workload,271,4.885
medium,3,workload,272,7.019
medium,3,workload,273,3.457
medium,3,workload,274,3.268
medium,3,workload,275,3.631
medium,3,workload,276,6.682
medium,3,workload,277,4.362
medium,3,workload,278,4.349
medium,3,workload,279,4.016
medium,3,workload,280,6.152
medium,3,workload,281,4.653
medium,3,workload,282,4.402
medium,3,workload,283,3.604
medium,3,workload,284,5.615
medium,3,workload,285,5.02
medium,3,workload,286,4.535
medium,3,workload,287,4.056
medium,3,workload,288,4.799
medium,3,workload,289,6.938
medium,3,workload,290,4.453
medium,3,workload,291,4.074
medium,3,workload,292,3.779
medium,3,workload,293,6.496
medium,3,workload,294,4.281
medium,3,workload,295,3.276
medium,3,workload,296,3.867
medium,3,workload,297,6.021
medium,3,workload,298,3.904
medium,3,workload,299,3.65
medium,3,workload,300,4.527
medium,3,workload,301,6.529
medium,3,workload,302,4.806
medium,3,workload,303,4.332
medium,3,workload,304,4.549
medium,3,workload,305,8.717
medium,3,workload,306,7.912
medium,3,workload,307,4.737
medium,3,workload,308,4.199
medium,3,workload,309,3.325
medium,3,workload,310,7.647
medium,3,workload,311,4.274
medium,3,workload,312,4.314
medium,3,workload,313,3.903
medium,3,workload,314,6.782
medium,3,workload,315,3.92
medium,3,workload,316,4.098
medium,3,workload,317,3.256
medium,3,workload,318,5.82
medium,3,workload,319,3.942
medium,3,workload,320,3.925
medium,3,workload,321,3.663
medium,3,workload,322,6.064
medium,3,workload,323,1.372
medium,3,workload,324,6.594
medium,3,workload,325,3.766
medium,3,workload,326,4.38
medium,3,workload,327,6.353
medium,3,workload,328,3.917
medium,3,workload,329,4.379
medium,3,workload,330,3.894
medium,3,workload,331,6.611
medium,3,workload,332,4.017
medium,3,workload,333,4.015
medium,3,workload,334,4.11
medium,3,workload,335,6.522
medium,3,workload,336,5.14
medium,3,workload,337,3.455
medium,3,workload,338,4.274
medium,3,workload,339,6.131
medium,3,workload,340,4.801
medium,3,workload,341,4.011
medium,3,workload,342,4.08
medium,3,workload,343,6.216
medium,3,workload,344,4.921
medium,3,workload,345,3.593
medium,3,workload,346,4.68
medium,3,workload,347,4.152
medium,3,workload,348,5.574
medium,3,workload,349,3.787
medium,3,workload,350,4.187
medium,3,workload,351,4.192
medium,3,workload,352,6.201
medium,3,workload,353,3.639
medium,3,workload,354,4.053
medium,3,workload,355,4.003
medium,3,workload,356,6.651
medium,3,workload,357,4.213
medium,3,workload,358,3.822
medium,3,workload,359,3.787
medium,3,workload,360,6.464
medium,3,workload,361,5.576
medium,3,workload,362,4.864
medium,3,workload,363,4.369
medium,3,workload,364,5.752
medium,3,workload,365,4.263
medium,3,workload,366,4.634
medium,3,workload,367,3.391
medium,3,workload,368,3.463
medium,3,workload,369,7.096
medium,3,workload,370,3.668
medium,3,workload,371,3.813
medium,3,workload,372,3.986
medium,3,workload,373,6.945
medium,3,workload,374,4.211
medium,3,workload,375,3.722
medium,3,workload,376,3.883
medium,3,workload,377,6.69
medium,3,workload,378,4.549
medium,3,workload,379,3.978
medium,3,workload,380,4.31
medium,3,workload,381,6.077
medium,3,workload,382,5.952
medium,3,workload,383,3.468
medium,3,workload,384,4.04
medium,3,workload,385,6.102
medium,3,workload,386,4.962
medium,3,workload,387,3.795
medium,3,workload,388,3.85
medium,3,workload,389,4.579
medium,3,workload,390,6.262
medium,3,workload,391,3.763
medium,3,workload,392,3.512
medium,3,workload,393,3.623
medium,3,workload,394,6.777
medium,3,workload,395,4.662
medium,3,workload,396,3.954
medium,3,workload,397,4.021
medium,3,workload,398,6.435
medium,3,workload,399,4.547
medium,3,workload,400,3.291
medium,3,workload,401,4.66
medium,3,workload,402,6.264
medium,3,workload,403,5.08
medium,3,workload,404,3.891
medium,3,workload,405,4.234
medium,3,workload,406,6.164
medium,3,workload,407,4.976
medium,3,workload,408,4.181
medium,3,workload,409,1.765
medium,3,workload,410,7.878
medium,3,workload,411,6.279
medium,3,workload,412,4.336
medium,3,workload,413,4.004
medium,3,workload,414,4.158
medium,3,workload,415,6.546
medium,3,workload,416,3.637
medium,3,workload,417,4.091
medium,3,workload,418,4.35
medium,3,workload,419,6.168
medium,3,workload,420,3.506
medium,3,workload,421,4.044
medium,3,workload,422,3.984
medium,3,workload,423,6.368
medium,3,workload,424,4.318
medium,3,workload,425,3.844
medium,3,workload,426,3.801
medium,3,workload,427,6.371
medium,3,workload,428,4.915
medium,3,workload,429,4.156
medium,3,workload,430,3.839
medium,3,workload,431,5.797
medium,3,workload,432,5.067
medium,3,workload,433,3.522
medium,3,workload,434,4.401
medium,3,workload,435,4.054
medium,3,workload,436,7.499
medium,3,workload,437,3.944
medium,3,workload,438,3.508
medium,3,workload,439,4.776
medium,3,workload,440,6.481
medium,3,workload,441,4.541
medium,3,workload,442,4.085
medium,3,workload,443,4.456
medium,3,workload,444,6.098
medium,3,workload,445,5.228
medium,3,workload,446,3.842
medium,3,workload,447,3.182
medium,3,workload,448,6.386
medium,3,workload,449,4.457
medium,3,workload,450,3.427
medium,3,workload,451,4.324
medium,3,workload,452,5.369
medium,3,workload,453,5.137
medium,3,workload,454,3.903
medium,3,workload,455,3.234
medium,3,workload,456,3.915
medium,3,workload,457,6.527
medium,3,workload,458,3.998
medium,3,workload,459,4.662
medium,3,workload,460,5.098
medium,3,workload,461,9.58
medium,3,workload,462,6.567
medium,3,workload,463,6.226
medium,3,workload,464,7.277
medium,3,workload,465,7.816
medium,3,workload,466,6.358
medium,3,workload,467,4.71
medium,3,workload,468,5.344
medium,3,workload,469,6.023
medium,3,workload,470,5.336
medium,3,workload,471,3.996
medium,3,workload,472,4.011
medium,3,workload,473,5.179
medium,3,workload,474,6.087
medium,3,workload,475,4.374
medium,3,workload,476,3.855
medium,3,workload,477,3.453
medium,3,workload,478,6.519
medium,3,workload,479,4.125
medium,3,workload,480,4.046
medium,3,workload,481,4.261
medium,3,workload,482,7.284
medium,3,workload,483,1.374
medium,3,workload,484,8.218
medium,3,workload,485,4.729
medium,3,workload,486,6.361
medium,3,workload,487,4.269
medium,3,workload,488,4.392
medium,3,workload,489,4.036
medium,3,workload,490,6.597
medium,3,workload,491,4.917
medium,3,workload,492,4.117
medium,3,workload,493,4.284
medium,3,workload,494,6.061
medium,3,workload,495,5.231
medium,3,workload,496,4.655
medium,3,workload,497,4.028
medium,3,workload,498,3.843
medium,3,workload,499,6.787
medium,3,workload,500,4.557
medium,3,workload,501,4.29
medium,3,workload,502,3.961
medium,3,workload,503,6.31
medium,3,workload,504,6.407
medium,3,workload,505,4.034
medium,3,workload,506,4.171
medium,3,workload,507,8.73
medium,3,workload,508,7.348
medium,3,workload,509,3.502
medium,3,workload,510,5.15
medium,3,workload,511,11.366
medium,3,workload,512,5.93
medium,3,workload,513,4.772
medium,3,workload,514,4.419
medium,3,workload,515,3.671
medium,3,workload,516,7.455
medium,3,workload,517,4.036
medium,3,workload,518,4.896
medium,3,workload,519,3.628
medium,3,workload,520,6.893
medium,3,workload,521,3.705
medium,3,workload,522,3.423
medium,3,workload,523,4.007
medium,3,workload,524,6.955
medium,3,workload,525,4.879
medium,3,workload,526,3.583
medium,3,workload,527,4.355
medium,3,workload,528,6.104
medium,3,workload,529,4.582
medium,3,workload,530,4.412
medium,3,workload,531,3.976
medium,3,workload,532,1.122
medium,3,workload,533,8.925
medium,3,workload,534,4.166
medium,3,workload,535,4.945
medium,3,workload,536,4.407
medium,3,workload,537,5.545
medium,3,workload,538,4.083
medium,3,workload,539,3.563
medium,3,workload,540,3.606
medium,3,workload,541,7.581
medium,3,workload,542,4.277
medium,3,workload,543,3.259
medium,3,workload,544,3.897
medium,3,workload,545,5.869
medium,3,workload,546,4.817
medium,3,workload,547,7.69
medium,3,workload,548,4.654
medium,3,workload,549,5.862
medium,3,workload,550,3.959
medium,3,workload,551,3.78
medium,3,workload,552,4.491
medium,3,workload,553,5.295
medium,3,workload,554,5.071
medium,3,workload,555,4.169
medium,3,workload,556,4.322
medium,3,workload,557,4.425
medium,3,workload,558,0.186
medium,3,workload,559,0.044
medium,3,workload,560,0.043
medium,3,workload,561,0.06
medium,3,workload,562,0.052
medium,3,workload,563,0.644
medium,3,workload,564,1.018
medium,3,workload,565,0.366
medium,3,workload,566,0.07
medium,3,workload,567,0.164
medium,3,workload,568,0.13
medium,3,workload,569,0.061
medium,3,workload,570,0.034
medium,3,workload,571,0.053
medium,3,workload,572,0.052
medium,3,workload,573,0.123
medium,3,workload,574,0.132
medium,3,workload,575,0.246
medium,3,workload,576,0.113
medium,3,workload,577,0.053
medium,3,workload,578,0.158
medium,3,workload,579,0.069
medium,3,workload,580,0.035
medium,3,workload,581,0.061
medium,3,workload,582,0.061
medium,3,workload,583,0.087
medium,3,workload,584,0.087
medium,3,workload,585,0.026
medium,3,workload,586,0.026
medium,3,workload,587,0.061
medium,3,workload,588,0.034
medium,3,workload,589,0.155
medium,3,workload,590,0.026
medium,3,workload,591,0.369
medium,3,workload,592,1.271
medium,3,workload,593,0.095
medium,3,workload,594,0.087
medium,3,workload,595,0.035
medium,3,workload,596,0.035
medium,3,workload,597,0.243
medium,3,workload,598,0.476
medium,3,workload,599,0.136
heavy,1,idle,0,0.664
heavy,1,idle,1,0.092
heavy,1,idle,2,0.115
heavy,1,idle,3,0.035
heavy,1,idle,4,0.254
heavy,1,idle,5,0.899
heavy,1,idle,6,5.567
heavy,1,idle,7,3.077
heavy,1,idle,8,7.06
heavy,1,idle,9,4.786
heavy,1,idle,10,4.211
heavy,1,idle,11,3.093
heavy,1,idle,12,4.153
heavy,1,idle,13,4.605
heavy,1,idle,14,4.373
heavy,1,idle,15,4.416
heavy,1,idle,16,4.513
heavy,1,idle,17,4.754
heavy,1,idle,18,4.76
heavy,1,idle,19,4.864
heavy,1,idle,20,4.434
heavy,1,idle,21,3.917
heavy,1,idle,22,6.728
heavy,1,idle,23,7.078
heavy,1,idle,24,4.24
heavy,1,idle,25,3.06
heavy,1,idle,26,2.435
heavy,1,idle,27,4.554
heavy,1,idle,28,5.015
heavy,1,idle,29,4.808
heavy,1,idle,30,4.566
heavy,1,idle,31,3.941
heavy,1,idle,32,4.638
heavy,1,idle,33,5.464
heavy,1,idle,34,5.948
heavy,1,idle,35,5.905
heavy,1,idle,36,6.025
heavy,1,idle,37,5.368
heavy,1,idle,38,4.152
heavy,1,idle,39,3.805
heavy,1,idle,40,9.362
heavy,1,idle,41,7.79
heavy,1,idle,42,7.501
heavy,1,idle,43,7.434
heavy,1,idle,44,7.037
heavy,1,idle,45,7.291
heavy,1,idle,46,7.226
heavy,1,idle,47,7.261
heavy,1,idle,48,10.492
heavy,1,idle,49,7.486
heavy,1,idle,50,5.871
heavy,1,idle,51,5.811
heavy,1,idle,52,2.643
heavy,1,idle,53,2.089
heavy,1,idle,54,1.779
heavy,1,idle,55,2.321
heavy,1,idle,56,2.955
heavy,1,idle,57,4.286
heavy,1,idle,58,9.041
heavy,1,idle,59,9.28
heavy,1,idle,60,4.216
heavy,1,idle,61,5.116
heavy,1,idle,62,3.886
heavy,1,idle,63,3.022
heavy,1,idle,64,5.029
heavy,1,idle,65,4.237
heavy,1,idle,66,4.791
heavy,1,idle,67,3.047
heavy,1,idle,68,2.03
heavy,1,idle,69,1.439
heavy,1,idle,70,1.765
heavy,1,idle,71,3.264
heavy,1,idle,72,4.77
heavy,1,idle,73,4.419
heavy,1,idle,74,3.246
heavy,1,idle,75,2.366
heavy,1,idle,76,1.664
heavy,1,idle,77,1.536
heavy,1,idle,78,1.431
heavy,1,idle,79,2.055
heavy,1,idle,80,2.096
heavy,1,idle,81,1.581
heavy,1,idle,82,1.914
heavy,1,idle,83,1.346
heavy,1,idle,84,1.341
heavy,1,idle,85,1.962
heavy,1,idle,86,1.801
heavy,1,idle,87,2.632
heavy,1,idle,88,3.131
heavy,1,idle,89,1.567
heavy,1,idle,90,2.026
heavy,1,idle,91,2.473
heavy,1,idle,92,2.351
heavy,1,idle,93,3.048
heavy,1,idle,94,3.821
heavy,1,idle,95,3.8
heavy,1,idle,96,4.85
heavy,1,idle,97,2.985
heavy,1,idle,98,3.346
heavy,1,idle,99,3.265
heavy,1,workload,0,9.745
heavy,1,workload,1,9.455
heavy,1,workload,2,8.16
heavy,1,workload,3,12.145
heavy,1,workload,4,10.304
heavy,1,workload,5,12.849
heavy,1,workload,6,11.999
heavy,1,workload,7,11.996
heavy,1,workload,8,12.738
heavy,1,workload,9,13.659
heavy,1,workload,10,13.046
heavy,1,workload,11,13.839
heavy,1,workload,12,13.124
heavy,1,workload,13,11.34
heavy,1,workload,14,13.931
heavy,1,workload,15,18.768
heavy,1,workload,16,13.845
heavy,1,workload,17,11.925
heavy,1,workload,18,11.798
heavy,1,workload,19,10.817
heavy,1,workload,20,12.899
heavy,1,workload,21,11.562
heavy,1,workload,22,13.091
heavy,1,workload,23,11.759
heavy,1,workload,24,10.976
heavy,1,workload,25,10.286
heavy,1,workload,26,10.608
heavy,1,workload,27,11.478
heavy,1,workload,28,11.394
heavy,1,workload,29,11.224
heavy,1,workload,30,13.346
heavy,1,workload,31,17.842
heavy,1,workload,32,13.817
heavy,1,workload,33,11.74
heavy,1,workload,34,13.251
heavy,1,workload,35,13.776
heavy,1,workload,36,13.547
heavy,1,workload,37,13.147
heavy,1,workload,38,11.757
heavy,1,workload,39,15.606
heavy,1,workload,40,13.82
heavy,1,workload,41,6.442
heavy,1,workload,42,19.547
heavy,1,workload,43,12.121
heavy,1,workload,44,15.077
heavy,1,workload,45,10.892
heavy,1,workload,46,14.667
heavy,1,workload,47,23.347
heavy,1,workload,48,16.18
heavy,1,workload,49,17.101
heavy,1,workload,50,11.24
heavy,1,workload,51,13.845
heavy,1,workload,52,12.314
heavy,1,workload,53,13.284
heavy,1,workload,54,13.25
heavy,1,workload,55,11.551
heavy,1,workload,56,13.757
heavy,1,workload,57,15.45
heavy,1,workload,58,14.439
heavy,1,workload,59,15.285
heavy,1,workload,60,15.457
heavy,1,workload,61,15.98
heavy,1,workload,62,11.597
heavy,1,workload,63,18.642
heavy,1,workload,64,19.872
heavy,1,workload,65,14.0
heavy,1,workload,66,13.926
heavy,1,workload,67,13.66
heavy,1,workload,68,18.778
heavy,1,workload,69,18.681
heavy,1,workload,70,18.163
heavy,1,workload,71,16.366
heavy,1,workload,72,16.3
heavy,1,workload,73,15.458
heavy,1,workload,74,17.377
heavy,1,workload,75,15.837
heavy,1,workload,76,16.284
heavy,1,workload,77,17.524
heavy,1,workload,78,16.582
heavy,1,workload,79,16.051
heavy,1,workload,80,21.114
heavy,1,workload,81,15.119
heavy,1,workload,82,11.561
heavy,1,workload,83,11.107
heavy,1,workload,84,11.733
heavy,1,workload,85,12.502
heavy,1,workload,86,12.137
heavy,1,workload,87,10.562
heavy,1,workload,88,12.518
heavy,1,workload,89,15.038
heavy,1,workload,90,11.407
heavy,1,workload,91,12.827
heavy,1,workload,92,13.148
heavy,1,workload,93,12.591
heavy,1,workload,94,14.335
heavy,1,workload,95,12.732
heavy,1,workload,96,19.918
heavy,1,workload,97,16.046
heavy,1,workload,98,12.559
heavy,1,workload,99,12.168
heavy,1,workload,100,12.147
heavy,1,workload,101,12.321
heavy,1,workload,102,12.89
heavy,1,workload,103,13.478
heavy,1,workload,104,12.12
heavy,1,workload,105,12.49
heavy,1,workload,106,12.039
heavy,1,workload,107,12.115
heavy,1,workload,108,12.64
heavy,1,workload,109,10.968
heavy,1,workload,110,12.291
heavy,1,workload,111,12.986
heavy,1,workload,112,18.792
heavy,1,workload,113,14.526
heavy,1,workload,114,13.209
heavy,1,workload,115,8.65
heavy,1,workload,116,13.239
heavy,1,workload,117,11.083
heavy,1,workload,118,11.528
heavy,1,workload,119,11.684
heavy,1,workload,120,11.585
heavy,1,workload,121,10.609
heavy,1,workload,122,11.62
heavy,1,workload,123,12.182
heavy,1,workload,124,13.014
heavy,1,workload,125,11.998
heavy,1,workload,126,11.556
heavy,1,workload,127,13.688
heavy,1,workload,128,20.018
heavy,1,workload,129,15.482
heavy,1,workload,130,12.399
heavy,1,workload,131,12.877
heavy,1,workload,132,10.408
heavy,1,workload,133,10.586
heavy,1,workload,134,11.447
heavy,1,workload,135,9.692
heavy,1,workload,136,11.159
heavy,1,workload,137,12.296
heavy,1,workload,138,13.307
heavy,1,workload,139,12.455
heavy,1,workload,140,16.373
heavy,1,workload,141,12.507
heavy,1,workload,142,13.021
heavy,1,workload,143,13.953
heavy,1,workload,144,18.869
heavy,1,workload,145,16.069
heavy,1,workload,146,12.601
heavy,1,workload,147,12.109
heavy,1,workload,148,12.619
heavy,1,workload,149,11.794
heavy,1,workload,150,11.755
heavy,1,workload,151,12.877
heavy,1,workload,152,13.413
heavy,1,workload,153,13.29
heavy,1,workload,154,12.908
heavy,1,workload,155,11.61
heavy,1,workload,156,12.734
heavy,1,workload,157,13.049
heavy,1,workload,158,12.187
heavy,1,workload,159,12.635
heavy,1,workload,160,18.196
heavy,1,workload,161,17.759
heavy,1,workload,162,13.451
heavy,1,workload,163,11.339
heavy,1,workload,164,14.992
heavy,1,workload,165,16.701
heavy,1,workload,166,11.595
heavy,1,workload,167,11.308
heavy,1,workload,168,17.164
heavy,1,workload,169,14.232
heavy,1,workload,170,13.949
heavy,1,workload,171,13.769
heavy,1,workload,172,12.818
heavy,1,workload,173,14.375
heavy,1,workload,174,12.763
heavy,1,workload,175,13.016
heavy,1,workload,176,16.854
heavy,1,workload,177,22.492
heavy,1,workload,178,16.532
heavy,1,workload,179,15.753
heavy,1,workload,180,14.684
heavy,1,workload,181,13.168
heavy,1,workload,182,11.355
heavy,1,workload,183,14.351
heavy,1,workload,184,13.998
heavy,1,workload,185,13.997
heavy,1,workload,186,14.364
heavy,1,workload,187,14.496
heavy,1,workload,188,17.197
heavy,1,workload,189,15.205
heavy,1,workload,190,18.483
heavy,1,workload,191,16.804
heavy,1,workload,192,19.297
heavy,1,workload,193,24.195
heavy,1,workload,194,17.634
heavy,1,workload,195,17.53
heavy,1,workload,196,17.876
heavy,1,workload,197,18.16
heavy,1,workload,198,14.073
heavy,1,workload,199,14.431
heavy,1,workload,200,13.325
heavy,1,workload,201,14.04
heavy,1,workload,202,15.211
heavy,1,workload,203,11.999
heavy,1,workload,204,13.391
heavy,1,workload,205,13.099
heavy,1,workload,206,12.154
heavy,1,workload,207,12.139
heavy,1,workload,208,14.547
heavy,1,workload,209,20.051
heavy,1,workload,210,15.955
heavy,1,workload,211,12.929
heavy,1,workload,212,13.146
heavy,1,workload,213,11.432
heavy,1,workload,214,12.739
heavy,1,workload,215,12.865
heavy,1,workload,216,14.689
heavy,1,workload,217,12.687
heavy,1,workload,218,12.333
heavy,1,workload,219,12.851
heavy,1,workload,220,13.29
heavy,1,workload,221,14.089
heavy,1,workload,222,12.12
heavy,1,workload,223,11.761
heavy,1,workload,224,12.644
heavy,1,workload,225,19.386
heavy,1,workload,226,15.342
heavy,1,workload,227,13.935
heavy,1,workload,228,12.08
heavy,1,workload,229,12.342
heavy,1,workload,230,10.242
heavy,1,workload,231,14.904
heavy,1,workload,232,10.892
heavy,1,workload,233,12.355
heavy,1,workload,234,12.791
heavy,1,workload,235,14.0
heavy,1,workload,236,12.8
heavy,1,workload,237,11.705
heavy,1,workload,238,12.294
heavy,1,workload,239,10.787
heavy,1,workload,240,16.489
heavy,1,workload,241,19.646
heavy,1,workload,242,16.7
heavy,1,workload,243,11.641
heavy,1,workload,244,11.683
heavy,1,workload,245,12.703
heavy,1,workload,246,12.312
heavy,1,workload,247,11.282
heavy,1,workload,248,10.985
heavy,1,workload,249,11.89
heavy,1,workload,250,11.812
heavy,1,workload,251,12.753
heavy,1,workload,252,14.131
heavy,1,workload,253,13.665
heavy,1,workload,254,14.244
heavy,1,workload,255,14.053
heavy,1,workload,256,14.101
heavy,1,workload,257,21.965
heavy,1,workload,258,15.649
heavy,1,workload,259,13.889
heavy,1,workload,260,14.757
heavy,1,workload,261,14.981
heavy,1,workload,262,17.178
heavy,1,workload,263,14.461
heavy,1,workload,264,14.743
heavy,1,workload,265,14.543
heavy,1,workload,266,17.698
heavy,1,workload,267,16.578
heavy,1,workload,268,13.543
heavy,1,workload,269,13.239
heavy,1,workload,270,12.83
heavy,1,workload,271,13.591
heavy,1,workload,272,11.99
heavy,1,workload,273,19.395
heavy,1,workload,274,17.468
heavy,1,workload,275,12.715
heavy,1,workload,276,13.114
heavy,1,workload,277,12.269
heavy,1,workload,278,13.526
heavy,1,workload,279,13.154
heavy,1,workload,280,15.201
heavy,1,workload,281,15.155
heavy,1,workload,282,17.806
heavy,1,workload,283,15.217
heavy,1,workload,284,16.102
heavy,1,workload,285,14.742
heavy,1,workload,286,12.685
heavy,1,workload,287,15.688
heavy,1,workload,288,12.312
heavy,1,workload,289,19.315
heavy,1,workload,290,21.026
heavy,1,workload,291,16.375
heavy,1,workload,292,14.792
heavy,1,workload,293,16.354
heavy,1,workload,294,13.682
heavy,1,workload,295,11.506
heavy,1,workload,296,13.22
heavy,1,workload,297,13.357
heavy,1,workload,298,16.735
heavy,1,workload,299,17.278
heavy,1,workload,300,17.659
heavy,1,workload,301,17.294
heavy,1,workload,302,16.174
heavy,1,workload,303,18.494
heavy,1,workload,304,19.048
heavy,1,workload,305,21.051
heavy,1,workload,306,25.25
heavy,1,workload,307,18.72
heavy,1,workload,308,14.561
heavy,1,workload,309,14.071
heavy,1,workload,310,14.749
heavy,1,workload,311,13.264
heavy,1,workload,312,11.801
heavy,1,workload,313,12.416
heavy,1,workload,314,13.203
heavy,1,workload,315,12.196
heavy,1,workload,316,13.79
heavy,1,workload,317,11.319
heavy,1,workload,318,12.623
heavy,1,workload,319,14.064
heavy,1,workload,320,13.005
heavy,1,workload,321,15.957
heavy,1,workload,322,21.002
heavy,1,workload,323,14.449
heavy,1,workload,324,14.029
heavy,1,workload,325,12.667
heavy,1,workload,326,12.589
heavy,1,workload,327,12.197
heavy,1,workload,328,11.254
heavy,1,workload,329,12.42
heavy,1,workload,330,12.126
heavy,1,workload,331,11.288
heavy,1,workload,332,13.121
heavy,1,workload,333,13.003
heavy,1,workload,334,11.067
heavy,1,workload,335,14.177
heavy,1,workload,336,13.61
heavy,1,workload,337,14.433
heavy,1,workload,338,19.082
heavy,1,workload,339,15.308
heavy,1,workload,340,12.959
heavy,1,workload,341,11.733
heavy,1,workload,342,11.666
heavy,1,workload,343,11.73
heavy,1,workload,344,11.931
heavy,1,workload,345,12.404
heavy,1,workload,346,11.057
heavy,1,workload,347,11.361
heavy,1,workload,348,11.686
heavy,1,workload,349,12.729
heavy,1,workload,350,12.312
heavy,1,workload,351,12.44
heavy,1,workload,352,11.082
heavy,1,workload,353,12.993
heavy,1,workload,354,20.304
heavy,1,workload,355,14.408
heavy,1,workload,356,13.12
heavy,1,workload,357,12.777
heavy,1,workload,358,13.133
heavy,1,workload,359,11.051
heavy,1,workload,360,13.483
heavy,1,workload,361,13.271
heavy,1,workload,362,11.847
heavy,1,workload,363,13.574
heavy,1,workload,364,10.811
heavy,1,workload,365,10.829
heavy,1,workload,366,9.025
heavy,1,workload,367,10.895
heavy,1,workload,368,11.449
heavy,1,workload,369,14.182
heavy,1,workload,370,20.099
heavy,1,workload,371,16.169
heavy,1,workload,372,11.966
heavy,1,workload,373,10.671
heavy,1,workload,374,12.346
heavy,1,workload,375,17.916
heavy,1,workload,376,16.772
heavy,1,workload,377,11.703
heavy,1,workload,378,11.498
heavy,1,workload,379,12.336
heavy,1,workload,380,12.576
heavy,1,workload,381,12.325
heavy,1,workload,382,12.339
heavy,1,workload,383,12.523
heavy,1,workload,384,11.301
heavy,1,workload,385,12.273
heavy,1,workload,386,19.269
heavy,1,workload,387,17.046
heavy,1,workload,388,12.755
heavy,1,workload,389,11.8
heavy,1,workload,390,11.372
heavy,1,workload,391,12.78
heavy,1,workload,392,11.633
heavy,1,workload,393,12.212
heavy,1,workload,394,13.009
heavy,1,workload,395,13.581
heavy,1,workload,396,13.795
heavy,1,workload,397,13.322
heavy,1,workload,398,14.119
heavy,1,workload,399,14.523
heavy,1,workload,400,14.345
heavy,1,workload,401,17.189
heavy,1,workload,402,19.704
heavy,1,workload,403,18.28
heavy,1,workload,404,12.184
heavy,1,workload,405,12.426
heavy,1,workload,406,13.202
heavy,1,workload,407,11.352
heavy,1,workload,408,14.075
heavy,1,workload,409,16.074
heavy,1,workload,410,14.701
heavy,1,workload,411,16.085
heavy,1,workload,412,12.752
heavy,1,workload,413,13.803
heavy,1,workload,414,11.822
heavy,1,workload,415,14.288
heavy,1,workload,416,11.461
heavy,1,workload,417,12.643
heavy,1,workload,418,17.056
heavy,1,workload,419,21.029
heavy,1,workload,420,17.49
heavy,1,workload,421,14.007
heavy,1,workload,422,14.474
heavy,1,workload,423,15.045
heavy,1,workload,424,11.765
heavy,1,workload,425,14.053
heavy,1,workload,426,12.524
heavy,1,workload,427,14.408
heavy,1,workload,428,12.632
heavy,1,workload,429,13.095
heavy,1,workload,430,17.65
heavy,1,workload,431,18.026
heavy,1,workload,432,18.666
heavy,1,workload,433,16.908
heavy,1,workload,434,18.541
heavy,1,workload,435,24.596
heavy,1,workload,436,17.754
heavy,1,workload,437,16.062
heavy,1,workload,438,18.248
heavy,1,workload,439,18.744
heavy,1,workload,440,15.964
heavy,1,workload,441,14.187
heavy,1,workload,442,14.169
heavy,1,workload,443,12.842
heavy,1,workload,444,12.817
heavy,1,workload,445,13.851
heavy,1,workload,446,11.916
heavy,1,workload,447,15.325
heavy,1,workload,448,12.639
heavy,1,workload,449,13.455
heavy,1,workload,450,13.54
heavy,1,workload,451,21.227
heavy,1,workload,452,14.359
heavy,1,workload,453,13.818
heavy,1,workload,454,13.102
heavy,1,workload,455,11.217
heavy,1,workload,456,11.469
heavy,1,workload,457,13.416
heavy,1,workload,458,14.711
heavy,1,workload,459,12.368
heavy,1,workload,460,12.493
heavy,1,workload,461,11.171
heavy,1,workload,462,11.283
heavy,1,workload,463,12.523
heavy,1,workload,464,13.478
heavy,1,workload,465,13.245
heavy,1,workload,466,12.503
heavy,1,workload,467,19.653
heavy,1,workload,468,15.268
heavy,1,workload,469,10.128
heavy,1,workload,470,12.462
heavy,1,workload,471,4.378
heavy,1,workload,472,17.802
heavy,1,workload,473,12.393
heavy,1,workload,474,10.8
heavy,1,workload,475,11.276
heavy,1,workload,476,10.883
heavy,1,workload,477,11.343
heavy,1,workload,478,11.138
heavy,1,workload,479,11.861
heavy,1,workload,480,10.063
heavy,1,workload,481,11.385
heavy,1,workload,482,13.156
heavy,1,workload,483,19.046
heavy,1,workload,484,14.933
heavy,1,workload,485,12.972
heavy,1,workload,486,12.435
heavy,1,workload,487,10.837
heavy,1,workload,488,14.729
heavy,1,workload,489,12.496
heavy,1,workload,490,11.935
heavy,1,workload,491,12.14
heavy,1,workload,492,11.361
heavy,1,workload,493,11.814
heavy,1,workload,494,12.63
heavy,1,workload,495,12.225
heavy,1,workload,496,16.935
heavy,1,workload,497,15.258
heavy,1,workload,498,11.9
heavy,1,workload,499,17.895
heavy,1,workload,500,12.747
heavy,1,workload,501,10.706
heavy,1,workload,502,10.85
heavy,1,workload,503,12.454
heavy,1,workload,504,12.32
heavy,1,workload,505,11.652
heavy,1,workload,506,12.566
heavy,1,workload,507,10.743
heavy,1,workload,508,13.0
heavy,1,workload,509,11.507
heavy,1,workload,510,14.705
heavy,1,workload,511,13.706
heavy,1,workload,512,12.894
heavy,1,workload,513,12.984
heavy,1,workload,514,15.301
heavy,1,workload,515,19.215
heavy,1,workload,516,14.819
heavy,1,workload,517,12.826
heavy,1,workload,518,11.791
heavy,1,workload,519,12.016
heavy,1,workload,520,12.811
heavy,1,workload,521,12.175
heavy,1,workload,522,11.497
heavy,1,workload,523,12.493
heavy,1,workload,524,14.827
heavy,1,workload,525,12.281
heavy,1,workload,526,13.662
heavy,1,workload,527,14.435
heavy,1,workload,528,14.562
heavy,1,workload,529,17.722
heavy,1,workload,530,13.998
heavy,1,workload,531,18.362
heavy,1,workload,532,18.943
heavy,1,workload,533,12.545
heavy,1,workload,534,13.299
heavy,1,workload,535,12.46
heavy,1,workload,536,13.902
heavy,1,workload,537,17.038
heavy,1,workload,538,16.669
heavy,1,workload,539,14.869
heavy,1,workload,540,15.494
heavy,1,workload,541,16.483
heavy,1,workload,542,14.826
heavy,1,workload,543,11.518
heavy,1,workload,544,15.934
heavy,1,workload,545,15.499
heavy,1,workload,546,13.653
heavy,1,workload,547,17.78
heavy,1,workload,548,19.184
heavy,1,workload,549,17.22
heavy,1,workload,550,15.03
heavy,1,workload,551,15.967
heavy,1,workload,552,16.251
heavy,1,workload,553,17.499
heavy,1,workload,554,17.031
heavy,1,workload,555,16.967
heavy,1,workload,556,17.877
heavy,1,workload,557,15.658
heavy,1,workload,558,15.79
heavy,1,workload,559,19.638
heavy,1,workload,560,16.284
heavy,1,workload,561,14.211
heavy,1,workload,562,12.684
heavy,1,workload,563,11.497
heavy,1,workload,564,5.434
heavy,1,workload,565,3.869
heavy,1,workload,566,3.572
heavy,1,workload,567,3.55
heavy,1,workload,568,6.503
heavy,1,workload,569,2.814
heavy,1,workload,570,5.246
heavy,1,workload,571,3.503
heavy,1,workload,572,3.07
heavy,1,workload,573,2.82
heavy,1,workload,574,3.201
heavy,1,workload,575,2.265
heavy,1,workload,576,6.259
heavy,1,workload,577,3.455
heavy,1,workload,578,2.989
heavy,1,workload,579,2.432
heavy,1,workload,580,2.275
heavy,1,workload,581,2.61
heavy,1,workload,582,2.886
heavy,1,workload,583,2.384
heavy,1,workload,584,2.491
heavy,1,workload,585,2.05
heavy,1,workload,586,4.131
heavy,1,workload,587,3.555
heavy,1,workload,588,2.989
heavy,1,workload,589,3.52
heavy,1,workload,590,6.178
heavy,1,workload,591,2.115
heavy,1,workload,592,5.072
heavy,1,workload,593,3.014
heavy,1,workload,594,3.143
heavy,1,workload,595,3.219
heavy,1,workload,596,3.265
heavy,1,workload,597,3.887
heavy,1,workload,598,5.237
heavy,1,workload,599,3.817
heavy,2,idle,0,0.15
heavy,2,idle,1,0.083
heavy,2,idle,2,0.123
heavy,2,idle,3,0.053
heavy,2,idle,4,0.111
heavy,2,idle,5,0.07
heavy,2,idle,6,0.052
heavy,2,idle,7,0.087
heavy,2,idle,8,0.061
heavy,2,idle,9,0.114
heavy,2,idle,10,0.053
heavy,2,idle,11,0.051
heavy,2,idle,12,0.043
heavy,2,idle,13,0.147
heavy,2,idle,14,0.104
heavy,2,idle,15,0.147
heavy,2,idle,16,0.053
heavy,2,idle,17,0.069
heavy,2,idle,18,0.086
heavy,2,idle,19,0.06
heavy,2,idle,20,0.07
heavy,2,idle,21,0.12
heavy,2,idle,22,0.077
heavy,2,idle,23,0.113
heavy,2,idle,24,0.061
heavy,2,idle,25,0.053
heavy,2,idle,26,0.07
heavy,2,idle,27,0.097
heavy,2,idle,28,0.103
heavy,2,idle,29,0.06
heavy,2,idle,30,0.095
heavy,2,idle,31,0.052
heavy,2,idle,32,0.061
heavy,2,idle,33,0.167
heavy,2,idle,34,0.152
heavy,2,idle,35,1.305
heavy,2,idle,36,0.104
heavy,2,idle,37,0.061
heavy,2,idle,38,0.07
heavy,2,idle,39,0.258
heavy,2,idle,40,0.554
heavy,2,idle,41,0.113
heavy,2,idle,42,0.035
heavy,2,idle,43,0.069
heavy,2,idle,44,0.113
heavy,2,idle,45,0.052
heavy,2,idle,46,0.229
heavy,2,idle,47,0.465
heavy,2,idle,48,0.043
heavy,2,idle,49,0.078
heavy,2,idle,50,0.069
heavy,2,idle,51,0.078
heavy,2,idle,52,0.267
heavy,2,idle,53,0.069
heavy,2,idle,54,0.279
heavy,2,idle,55,0.052
heavy,2,idle,56,0.112
heavy,2,idle,57,0.052
heavy,2,idle,58,0.052
heavy,2,idle,59,0.147
heavy,2,idle,60,0.269
heavy,2,idle,61,0.043
heavy,2,idle,62,0.061
heavy,2,idle,63,0.061
heavy,2,idle,64,0.035
heavy,2,idle,65,0.136
heavy,2,idle,66,0.062
heavy,2,idle,67,0.105
heavy,2,idle,68,0.035
heavy,2,idle,69,0.052
heavy,2,idle,70,0.078
heavy,2,idle,71,0.052
heavy,2,idle,72,0.088
heavy,2,idle,73,0.06
heavy,2,idle,74,0.18
heavy,2,idle,75,0.121
heavy,2,idle,76,0.043
heavy,2,idle,77,0.035
heavy,2,idle,78,0.087
heavy,2,idle,79,0.043
heavy,2,idle,80,0.086
heavy,2,idle,81,0.043
heavy,2,idle,82,0.106
heavy,2,idle,83,0.088
heavy,2,idle,84,0.052
heavy,2,idle,85,0.061
heavy,2,idle,86,0.319
heavy,2,idle,87,0.035
heavy,2,idle,88,0.061
heavy,2,idle,89,0.052
heavy,2,idle,90,0.851
heavy,2,idle,91,1.103
heavy,2,idle,92,0.044
heavy,2,idle,93,0.158
heavy,2,idle,94,0.043
heavy,2,idle,95,0.078
heavy,2,idle,96,0.104
heavy,2,idle,97,0.26
heavy,2,idle,98,0.322
heavy,2,idle,99,0.095
heavy,2,workload,0,13.923
heavy,2,workload,1,12.434
heavy,2,workload,2,12.851
heavy,2,workload,3,14.137
heavy,2,workload,4,14.415
heavy,2,workload,5,14.119
heavy,2,workload,6,12.808
heavy,2,workload,7,15.233
heavy,2,workload,8,14.242
heavy,2,workload,9,13.643
heavy,2,workload,10,11.969
heavy,2,workload,11,14.815
heavy,2,workload,12,16.673
heavy,2,workload,13,18.985
heavy,2,workload,14,22.092
heavy,2,workload,15,10.093
heavy,2,workload,16,11.219
heavy,2,workload,17,9.014
heavy,2,workload,18,9.126
heavy,2,workload,19,8.123
heavy,2,workload,20,9.214
heavy,2,workload,21,8.568
heavy,2,workload,22,8.387
heavy,2,workload,23,8.511
heavy,2,workload,24,9.078
heavy,2,workload,25,9.284
heavy,2,workload,26,8.719
heavy,2,workload,27,8.181
heavy,2,workload,28,9.971
heavy,2,workload,29,15.66
heavy,2,workload,30,12.924
heavy,2,workload,31,8.384
heavy,2,workload,32,9.45
heavy,2,workload,33,8.43
heavy,2,workload,34,8.766
heavy,2,workload,35,10.257
heavy,2,workload,36,8.48
heavy,2,workload,37,9.562
heavy,2,workload,38,8.375
heavy,2,workload,39,7.56
heavy,2,workload,40,10.657
heavy,2,workload,41,9.344
heavy,2,workload,42,8.949
heavy,2,workload,43,9.368
heavy,2,workload,44,13.133
heavy,2,workload,45,16.517
heavy,2,workload,46,10.714
heavy,2,workload,47,9.344
heavy,2,workload,48,9.841
heavy,2,workload,49,9.643
heavy,2,workload,50,9.912
heavy,2,workload,51,8.487
heavy,2,workload,52,9.048
heavy,2,workload,53,11.522
heavy,2,workload,54,12.31
heavy,2,workload,55,8.565
heavy,2,workload,56,8.221
heavy,2,workload,57,8.891
heavy,2,workload,58,9.675
heavy,2,workload,59,8.786
heavy,2,workload,60,15.593
heavy,2,workload,61,13.18
heavy,2,workload,62,12.776
heavy,2,workload,63,12.309
heavy,2,workload,64,9.549
heavy,2,workload,65,8.418
heavy,2,workload,66,7.971
heavy,2,workload,67,8.163
heavy,2,workload,68,7.487
heavy,2,workload,69,9.853
heavy,2,workload,70,8.814
heavy,2,workload,71,8.154
heavy,2,workload,72,9.218
heavy,2,workload,73,8.639
heavy,2,workload,74,8.693
heavy,2,workload,75,12.168
heavy,2,workload,76,15.312
heavy,2,workload,77,9.913
heavy,2,workload,78,8.745
heavy,2,workload,79,8.13
heavy,2,workload,80,7.783
heavy,2,workload,81,8.936
heavy,2,workload,82,9.243
heavy,2,workload,83,10.046
heavy,2,workload,84,8.465
heavy,2,workload,85,9.838
heavy,2,workload,86,9.501
heavy,2,workload,87,9.466
heavy,2,workload,88,11.973
heavy,2,workload,89,12.069
heavy,2,workload,90,12.056
heavy,2,workload,91,13.091
heavy,2,workload,92,15.496
heavy,2,workload,93,7.988
heavy,2,workload,94,8.08
heavy,2,workload,95,8.184
heavy,2,workload,96,9.405
heavy,2,workload,97,8.861
heavy,2,workload,98,8.607
heavy,2,workload,99,7.868
heavy,2,workload,100,9.383
heavy,2,workload,101,9.176
heavy,2,workload,102,9.515
heavy,2,workload,103,9.257
heavy,2,workload,104,9.055
heavy,2,workload,105,10.241
heavy,2,workload,106,8.211
heavy,2,workload,107,15.074
heavy,2,workload,108,13.674
heavy,2,workload,109,8.899
heavy,2,workload,110,8.265
heavy,2,workload,111,10.326
heavy,2,workload,112,8.656
heavy,2,workload,113,8.717
heavy,2,workload,114,8.251
heavy,2,workload,115,8.937
heavy,2,workload,116,9.545
heavy,2,workload,117,8.486
heavy,2,workload,118,9.878
heavy,2,workload,119,9.547
heavy,2,workload,120,8.737
heavy,2,workload,121,8.739
heavy,2,workload,122,12.142
heavy,2,workload,123,16.634
heavy,2,workload,124,10.906
heavy,2,workload,125,8.552
heavy,2,workload,126,8.376
heavy,2,workload,127,8.159
heavy,2,workload,128,9.353
heavy,2,workload,129,7.537
heavy,2,workload,130,11.915
heavy,2,workload,131,11.879
heavy,2,workload,132,13.491
heavy,2,workload,133,10.031
heavy,2,workload,134,10.354
heavy,2,workload,135,10.911
heavy,2,workload,136,10.726
heavy,2,workload,137,13.191
heavy,2,workload,138,11.492
heavy,2,workload,139,18.182
heavy,2,workload,140,25.465
heavy,2,workload,141,16.638
heavy,2,workload,142,19.72
heavy,2,workload,143,21.117
heavy,2,workload,144,15.297
heavy,2,workload,145,12.959
heavy,2,workload,146,13.158
heavy,2,workload,147,2.401
heavy,2,workload,148,24.669
heavy,2,workload,149,11.306
heavy,2,workload,150,13.539
heavy,2,workload,151,13.84
heavy,2,workload,152,13.267
heavy,2,workload,153,13.494
heavy,2,workload,154,13.589
heavy,2,workload,155,16.386
heavy,2,workload,156,16.433
heavy,2,workload,157,15.819
heavy,2,workload,158,18.765
heavy,2,workload,159,21.904
heavy,2,workload,160,18.925
heavy,2,workload,161,13.439
heavy,2,workload,162,12.245
heavy,2,workload,163,12.15
heavy,2,workload,164,14.781
heavy,2,workload,165,16.148
heavy,2,workload,166,16.181
heavy,2,workload,167,17.597
heavy,2,workload,168,18.861
heavy,2,workload,169,17.051
heavy,2,workload,170,14.692
heavy,2,workload,171,12.544
heavy,2,workload,172,11.381
heavy,2,workload,173,12.458
heavy,2,workload,174,13.353
heavy,2,workload,175,10.591
heavy,2,workload,176,15.212
heavy,2,workload,177,20.518
heavy,2,workload,178,18.855
heavy,2,workload,179,12.976
heavy,2,workload,180,11.389
heavy,2,workload,181,10.449
heavy,2,workload,182,9.969
heavy,2,workload,183,9.95
heavy,2,workload,184,9.723
heavy,2,workload,185,9.733
heavy,2,workload,186,10.019
heavy,2,workload,187,11.956
heavy,2,workload,188,18.958
heavy,2,workload,189,10.916
heavy,2,workload,190,12.124
heavy,2,workload,191,14.161
heavy,2,workload,192,18.542
heavy,2,workload,193,13.638
heavy,2,workload,194,14.134
heavy,2,workload,195,16.446
heavy,2,workload,196,12.332
heavy,2,workload,197,7.594
heavy,2,workload,198,14.539
heavy,2,workload,199,14.271
heavy,2,workload,200,9.674
heavy,2,workload,201,9.296
heavy,2,workload,202,9.04
heavy,2,workload,203,9.282
heavy,2,workload,204,10.011
heavy,2,workload,205,8.03
heavy,2,workload,206,10.41
heavy,2,workload,207,9.639
heavy,2,workload,208,1.179
heavy,2,workload,209,18.129
heavy,2,workload,210,14.024
heavy,2,workload,211,16.61
heavy,2,workload,212,9.622
heavy,2,workload,213,9.226
heavy,2,workload,214,9.281
heavy,2,workload,215,9.935
heavy,2,workload,216,10.08
heavy,2,workload,217,8.817
heavy,2,workload,218,8.267
heavy,2,workload,219,9.364
heavy,2,workload,220,10.616
heavy,2,workload,221,12.865
heavy,2,workload,222,9.921
heavy,2,workload,223,9.594
heavy,2,workload,224,9.77
heavy,2,workload,225,9.389
heavy,2,workload,226,16.244
heavy,2,workload,227,13.465
heavy,2,workload,228,9.232
heavy,2,workload,229,8.455
heavy,2,workload,230,10.333
heavy,2,workload,231,10.421
heavy,2,workload,232,9.561
heavy,2,workload,233,11.866
heavy,2,workload,234,8.876
heavy,2,workload,235,9.556
heavy,2,workload,236,10.128
heavy,2,workload,237,9.528
heavy,2,workload,238,9.963
heavy,2,workload,239,9.881
heavy,2,workload,240,9.706
heavy,2,workload,241,12.516
heavy,2,workload,242,15.878
heavy,2,workload,243,10.44
heavy,2,workload,244,8.374
heavy,2,workload,245,8.907
heavy,2,workload,246,8.395
heavy,2,workload,247,8.646
heavy,2,workload,248,9.117
heavy,2,workload,249,9.539
heavy,2,workload,250,3.254
heavy,2,workload,251,17.31
heavy,2,workload,252,1.4
heavy,2,workload,253,16.684
heavy,2,workload,254,9.208
heavy,2,workload,255,9.056
heavy,2,workload,256,9.795
heavy,2,workload,257,13.943
heavy,2,workload,258,14.916
heavy,2,workload,259,9.497
heavy,2,workload,260,10.268
heavy,2,workload,261,9.874
heavy,2,workload,262,9.522
heavy,2,workload,263,8.069
heavy,2,workload,264,9.598
heavy,2,workload,265,8.991
heavy,2,workload,266,9.318
heavy,2,workload,267,8.734
heavy,2,workload,268,10.012
heavy,2,workload,269,12.276
heavy,2,workload,270,10.627
heavy,2,workload,271,9.763
heavy,2,workload,272,10.904
heavy,2,workload,273,15.824
heavy,2,workload,274,12.744
heavy,2,workload,275,8.882
heavy,2,workload,276,9.13
heavy,2,workload,277,10.29
heavy,2,workload,278,9.233
heavy,2,workload,279,9.237
heavy,2,workload,280,7.393
heavy,2,workload,281,9.548
heavy,2,workload,282,8.665
heavy,2,workload,283,9.917
heavy,2,workload,284,9.443
heavy,2,workload,285,9.163
heavy,2,workload,286,9.848
heavy,2,workload,287,9.483
heavy,2,workload,288,12.713
heavy,2,workload,289,16.186
heavy,2,workload,290,8.802
heavy,2,workload,291,8.848
heavy,2,workload,292,11.009
heavy,2,workload,293,10.051
heavy,2,workload,294,9.277
heavy,2,workload,295,7.699
heavy,2,workload,296,9.925
heavy,2,workload,297,7.899
heavy,2,workload,298,8.978
heavy,2,workload,299,8.516
heavy,2,workload,300,9.183
heavy,2,workload,301,9.418
heavy,2,workload,302,8.441
heavy,2,workload,303,10.229
heavy,2,workload,304,15.847
heavy,2,workload,305,13.705
heavy,2,workload,306,8.31
heavy,2,workload,307,9.099
heavy,2,workload,308,10.225
heavy,2,workload,309,10.004
heavy,2,workload,310,10.15
heavy,2,workload,311,9.211
heavy,2,workload,312,10.134
heavy,2,workload,313,9.311
heavy,2,workload,314,9.265
heavy,2,workload,315,9.976
heavy,2,workload,316,9.513
heavy,2,workload,317,10.041
heavy,2,workload,318,11.302
heavy,2,workload,319,13.043
heavy,2,workload,320,15.483
heavy,2,workload,321,13.119
heavy,2,workload,322,11.897
heavy,2,workload,323,10.119
heavy,2,workload,324,9.522
heavy,2,workload,325,9.659
heavy,2,workload,326,9.266
heavy,2,workload,327,9.781
heavy,2,workload,328,8.393
heavy,2,workload,329,9.734
heavy,2,workload,330,8.767
heavy,2,workload,331,1.119
heavy,2,workload,332,17.096
heavy,2,workload,333,11.948
heavy,2,workload,334,10.688
heavy,2,workload,335,10.929
heavy,2,workload,336,14.665
heavy,2,workload,337,14.384
heavy,2,workload,338,8.733
heavy,2,workload,339,8.664
heavy,2,workload,340,7.733
heavy,2,workload,341,7.394
heavy,2,workload,342,9.033
heavy,2,workload,343,9.092
heavy,2,workload,344,10.501
heavy,2,workload,345,9.213
heavy,2,workload,346,9.6
heavy,2,workload,347,8.002
heavy,2,workload,348,9.461
heavy,2,workload,349,9.176
heavy,2,workload,350,9.16
heavy,2,workload,351,10.265
heavy,2,workload,352,16.564
heavy,2,workload,353,11.36
heavy,2,workload,354,8.409
heavy,2,workload,355,8.66
heavy,2,workload,356,9.151
heavy,2,workload,357,9.682
heavy,2,workload,358,12.486
heavy,2,workload,359,11.668
heavy,2,workload,360,12.761
heavy,2,workload,361,12.746
heavy,2,workload,362,11.929
heavy,2,workload,363,11.179
heavy,2,workload,364,12.736
heavy,2,workload,365,12.705
heavy,2,workload,366,12.168
heavy,2,workload,367,18.384
heavy,2,workload,368,18.53
heavy,2,workload,369,14.332
heavy,2,workload,370,11.997
heavy,2,workload,371,12.293
heavy,2,workload,372,12.511
heavy,2,workload,373,12.554
heavy,2,workload,374,14.33
heavy,2,workload,375,13.274
heavy,2,workload,376,14.157
heavy,2,workload,377,13.032
heavy,2,workload,378,15.476
heavy,2,workload,379,14.49
heavy,2,workload,380,13.451
heavy,2,workload,381,13.426
heavy,2,workload,382,11.639
heavy,2,workload,383,18.369
heavy,2,workload,384,19.992
heavy,2,workload,385,12.903
heavy,2,workload,386,14.482
heavy,2,workload,387,13.404
heavy,2,workload,388,15.088
heavy,2,workload,389,12.881
heavy,2,workload,390,12.757
heavy,2,workload,391,13.839
heavy,2,workload,392,12.255
heavy,2,workload,393,13.533
heavy,2,workload,394,14.456
heavy,2,workload,395,14.099
heavy,2,workload,396,10.806
heavy,2,workload,397,9.13
heavy,2,workload,398,10.175
heavy,2,workload,399,15.896
heavy,2,workload,400,14.222
heavy,2,workload,401,8.344
heavy,2,workload,402,9.727
heavy,2,workload,403,10.055
heavy,2,workload,404,8.821
heavy,2,workload,405,8.757
heavy,2,workload,406,9.31
heavy,2,workload,407,10.389
heavy,2,workload,408,8.286
heavy,2,workload,409,10.088
heavy,2,workload,410,9.561
heavy,2,workload,411,9.654
heavy,2,workload,412,7.813
heavy,2,workload,413,10.361
heavy,2,workload,414,11.024
heavy,2,workload,415,15.163
heavy,2,workload,416,11.048
heavy,2,workload,417,9.731
heavy,2,workload,418,8.73
heavy,2,workload,419,9.539
heavy,2,workload,420,8.87
heavy,2,workload,421,9.678
heavy,2,workload,422,9.016
heavy,2,workload,423,9.538
heavy,2,workload,424,8.746
heavy,2,workload,425,9.096
heavy,2,workload,426,8.796
heavy,2,workload,427,10.095
heavy,2,workload,428,8.97
heavy,2,workload,429,9.28
heavy,2,workload,430,14.699
heavy,2,workload,431,15.029
heavy,2,workload,432,9.705
heavy,2,workload,433,8.971
heavy,2,workload,434,8.442
heavy,2,workload,435,8.578
heavy,2,workload,436,9.112
heavy,2,workload,437,10.54
heavy,2,workload,438,11.493
heavy,2,workload,439,9.871
heavy,2,workload,440,10.105
heavy,2,workload,441,9.645
heavy,2,workload,442,9.395
heavy,2,workload,443,9.839
heavy,2,workload,444,8.837
heavy,2,workload,445,11.991
heavy,2,workload,446,16.892
heavy,2,workload,447,10.983
heavy,2,workload,448,7.664
heavy,2,workload,449,8.379
heavy,2,workload,450,10.89
heavy,2,workload,451,8.479
heavy,2,workload,452,9.834
heavy,2,workload,453,8.447
heavy,2,workload,454,9.638
heavy,2,workload,455,8.134
heavy,2,workload,456,10.121
heavy,2,workload,457,10.821
heavy,2,workload,458,9.099
heavy,2,workload,459,10.806
heavy,2,workload,460,9.056
heavy,2,workload,461,14.119
heavy,2,workload,462,14.901
heavy,2,workload,463,10.87
heavy,2,workload,464,9.434
heavy,2,workload,465,9.507
heavy,2,workload,466,8.304
heavy,2,workload,467,9.515
heavy,2,workload,468,10.504
heavy,2,workload,469,8.382
heavy,2,workload,470,10.653
heavy,2,workload,471,9.187
heavy,2,workload,472,10.318
heavy,2,workload,473,8.641
heavy,2,workload,474,10.016
heavy,2,workload,475,11.051
heavy,2,workload,476,10.595
heavy,2,workload,477,16.06
heavy,2,workload,478,12.616
heavy,2,workload,479,9.441
heavy,2,workload,480,10.732
heavy,2,workload,481,9.01
heavy,2,workload,482,10.371
heavy,2,workload,483,10.226
heavy,2,workload,484,8.624
heavy,2,workload,485,10.71
heavy,2,workload,486,12.249
heavy,2,workload,487,10.539
heavy,2,workload,488,9.054
heavy,2,workload,489,9.828
heavy,2,workload,490,9.146
heavy,2,workload,491,9.858
heavy,2,workload,492,12.774
heavy,2,workload,493,16.73
heavy,2,workload,494,10.364
heavy,2,workload,495,8.763
heavy,2,workload,496,12.117
heavy,2,workload,497,11.184
heavy,2,workload,498,9.368
heavy,2,workload,499,9.087
heavy,2,workload,500,8.811
heavy,2,workload,501,1.743
heavy,2,workload,502,17.059
heavy,2,workload,503,9.706
heavy,2,workload,504,10.089
heavy,2,workload,505,9.664
heavy,2,workload,506,9.543
heavy,2,workload,507,8.203
heavy,2,workload,508,15.582
heavy,2,workload,509,15.683
heavy,2,workload,510,10.82
heavy,2,workload,511,9.061
heavy,2,workload,512,8.998
heavy,2,workload,513,8.084
heavy,2,workload,514,8.399
heavy,2,workload,515,8.826
heavy,2,workload,516,8.758
heavy,2,workload,517,10.434
heavy,2,workload,518,8.74
heavy,2,workload,519,8.937
heavy,2,workload,520,9.449
heavy,2,workload,521,0.829
heavy,2,workload,522,17.597
heavy,2,workload,523,11.661
heavy,2,workload,524,16.09
heavy,2,workload,525,11.428
heavy,2,workload,526,9.046
heavy,2,workload,527,9.293
heavy,2,workload,528,7.991
heavy,2,workload,529,11.736
heavy,2,workload,530,12.911
heavy,2,workload,531,12.851
heavy,2,workload,532,15.118
heavy,2,workload,533,13.413
heavy,2,workload,534,13.637
heavy,2,workload,535,14.602
heavy,2,workload,536,13.165
heavy,2,workload,537,12.953
heavy,2,workload,538,15.066
heavy,2,workload,539,17.832
heavy,2,workload,540,20.864
heavy,2,workload,541,12.24
heavy,2,workload,542,13.509
heavy,2,workload,543,14.095
heavy,2,workload,544,13.596
heavy,2,workload,545,13.413
heavy,2,workload,546,13.571
heavy,2,workload,547,13.484
heavy,2,workload,548,16.289
heavy,2,workload,549,13.624
heavy,2,workload,550,13.998
heavy,2,workload,551,13.079
heavy,2,workload,552,12.853
heavy,2,workload,553,13.376
heavy,2,workload,554,14.646
heavy,2,workload,555,18.837
heavy,2,workload,556,19.046
heavy,2,workload,557,13.068
heavy,2,workload,558,14.437
heavy,2,workload,559,13.887
heavy,2,workload,560,13.455
heavy,2,workload,561,13.838
heavy,2,workload,562,11.914
heavy,2,workload,563,13.285
heavy,2,workload,564,13.761
heavy,2,workload,565,13.454
heavy,2,workload,566,13.065
heavy,2,workload,567,13.909
heavy,2,workload,568,14.176
heavy,2,workload,569,14.399
heavy,2,workload,570,12.873
heavy,2,workload,571,5.083
heavy,2,workload,572,4.222
heavy,2,workload,573,4.864
heavy,2,workload,574,4.755
heavy,2,workload,575,4.62
heavy,2,workload,576,0.21
heavy,2,workload,577,0.113
heavy,2,workload,578,0.078
heavy,2,workload,579,0.053
heavy,2,workload,580,0.097
heavy,2,workload,581,0.256
heavy,2,workload,582,0.096
heavy,2,workload,583,0.044
heavy,2,workload,584,0.106
heavy,2,workload,585,0.536
heavy,2,workload,586,0.088
heavy,2,workload,587,0.184
heavy,2,workload,588,0.053
heavy,2,workload,589,0.062
heavy,2,workload,590,0.044
heavy,2,workload,591,0.133
heavy,2,workload,592,0.044
heavy,2,workload,593,0.112
heavy,2,workload,594,0.035
heavy,2,workload,595,0.035
heavy,2,workload,596,0.079
heavy,2,workload,597,0.087
heavy,2,workload,598,0.398
heavy,2,workload,599,0.079
heavy,3,idle,0,8.362
heavy,3,idle,1,5.114
heavy,3,idle,2,2.663
heavy,3,idle,3,2.217
heavy,3,idle,4,3.645
heavy,3,idle,5,5.033
heavy,3,idle,6,4.506
heavy,3,idle,7,3.965
heavy,3,idle,8,4.521
heavy,3,idle,9,3.286
heavy,3,idle,10,5.078
heavy,3,idle,11,6.004
heavy,3,idle,12,5.981
heavy,3,idle,13,6.084
heavy,3,idle,14,5.971
heavy,3,idle,15,3.736
heavy,3,idle,16,4.892
heavy,3,idle,17,6.013
heavy,3,idle,18,9.372
heavy,3,idle,19,8.365
heavy,3,idle,20,7.681
heavy,3,idle,21,7.696
heavy,3,idle,22,7.301
heavy,3,idle,23,7.503
heavy,3,idle,24,7.598
heavy,3,idle,25,7.608
heavy,3,idle,26,9.385
heavy,3,idle,27,9.261
heavy,3,idle,28,5.475
heavy,3,idle,29,5.612
heavy,3,idle,30,3.376
heavy,3,idle,31,2.609
heavy,3,idle,32,2.338
heavy,3,idle,33,3.06
heavy,3,idle,34,3.147
heavy,3,idle,35,2.721
heavy,3,idle,36,3.07
heavy,3,idle,37,4.177
heavy,3,idle,38,4.083
heavy,3,idle,39,3.824
heavy,3,idle,40,4.843
heavy,3,idle,41,3.52
heavy,3,idle,42,4.323
heavy,3,idle,43,6.379
heavy,3,idle,44,4.115
heavy,3,idle,45,3.258
heavy,3,idle,46,2.258
heavy,3,idle,47,2.29
heavy,3,idle,48,2.179
heavy,3,idle,49,1.976
heavy,3,idle,50,4.066
heavy,3,idle,51,4.132
heavy,3,idle,52,3.564
heavy,3,idle,53,3.086
heavy,3,idle,54,2.935
heavy,3,idle,55,2.998
heavy,3,idle,56,2.483
heavy,3,idle,57,2.093
heavy,3,idle,58,2.487
heavy,3,idle,59,1.755
heavy,3,idle,60,1.439
heavy,3,idle,61,1.841
heavy,3,idle,62,1.95
heavy,3,idle,63,1.654
heavy,3,idle,64,2.759
heavy,3,idle,65,1.999
heavy,3,idle,66,3.019
heavy,3,idle,67,1.73
heavy,3,idle,68,1.619
heavy,3,idle,69,1.718
heavy,3,idle,70,2.196
heavy,3,idle,71,2.897
heavy,3,idle,72,3.004
heavy,3,idle,73,5.543
heavy,3,idle,74,3.303
heavy,3,idle,75,3.299
heavy,3,idle,76,3.367
heavy,3,idle,77,3.436
heavy,3,idle,78,3.638
heavy,3,idle,79,4.026
heavy,3,idle,80,5.645
heavy,3,idle,81,1.607
heavy,3,idle,82,1.326
heavy,3,idle,83,0.871
heavy,3,idle,84,1.672
heavy,3,idle,85,3.184
heavy,3,idle,86,3.292
heavy,3,idle,87,3.503
heavy,3,idle,88,3.729
heavy,3,idle,89,2.74
heavy,3,idle,90,3.217
heavy,3,idle,91,3.409
heavy,3,idle,92,3.35
heavy,3,idle,93,3.687
heavy,3,idle,94,4.694
heavy,3,idle,95,3.292
heavy,3,idle,96,4.14
heavy,3,idle,97,4.247
heavy,3,idle,98,3.841
heavy,3,idle,99,3.58
heavy,3,workload,0,12.432
heavy,3,workload,1,10.571
heavy,3,workload,2,12.812
heavy,3,workload,3,12.318
heavy,3,workload,4,12.152
heavy,3,workload,5,12.998
heavy,3,workload,6,13.202
heavy,3,workload,7,12.44
heavy,3,workload,8,12.761
heavy,3,workload,9,15.149
heavy,3,workload,10,11.829
heavy,3,workload,11,12.135
heavy,3,workload,12,13.805
heavy,3,workload,13,11.678
heavy,3,workload,14,14.035
heavy,3,workload,15,18.474
heavy,3,workload,16,15.909
heavy,3,workload,17,15.597
heavy,3,workload,18,11.521
heavy,3,workload,19,17.291
heavy,3,workload,20,12.416
heavy,3,workload,21,13.811
heavy,3,workload,22,11.487
heavy,3,workload,23,11.896
heavy,3,workload,24,13.916
heavy,3,workload,25,11.792
heavy,3,workload,26,13.686
heavy,3,workload,27,12.901
heavy,3,workload,28,14.597
heavy,3,workload,29,14.263
heavy,3,workload,30,14.075
heavy,3,workload,31,19.563
heavy,3,workload,32,19.301
heavy,3,workload,33,12.389
heavy,3,workload,34,12.928
heavy,3,workload,35,12.585
heavy,3,workload,36,14.286
heavy,3,workload,37,12.926
heavy,3,workload,38,11.574
heavy,3,workload,39,15.875
heavy,3,workload,40,15.399
heavy,3,workload,41,16.01
heavy,3,workload,42,17.438
heavy,3,workload,43,18.919
heavy,3,workload,44,15.228
heavy,3,workload,45,16.633
heavy,3,workload,46,18.201
heavy,3,workload,47,20.884
heavy,3,workload,48,23.787
heavy,3,workload,49,19.448
heavy,3,workload,50,16.055
heavy,3,workload,51,13.43
heavy,3,workload,52,14.535
heavy,3,workload,53,13.004
heavy,3,workload,54,10.712
heavy,3,workload,55,11.507
heavy,3,workload,56,9.721
heavy,3,workload,57,12.275
heavy,3,workload,58,15.631
heavy,3,workload,59,15.742
heavy,3,workload,60,10.606
heavy,3,workload,61,12.611
heavy,3,workload,62,12.847
heavy,3,workload,63,11.248
heavy,3,workload,64,18.512
heavy,3,workload,65,18.197
heavy,3,workload,66,13.534
heavy,3,workload,67,10.44
heavy,3,workload,68,13.294
heavy,3,workload,69,12.008
heavy,3,workload,70,12.678
heavy,3,workload,71,10.186
heavy,3,workload,72,11.781
heavy,3,workload,73,11.614
heavy,3,workload,74,11.822
heavy,3,workload,75,10.465
heavy,3,workload,76,12.018
heavy,3,workload,77,13.07
heavy,3,workload,78,12.599
heavy,3,workload,79,12.012
heavy,3,workload,80,17.83
heavy,3,workload,81,18.731
heavy,3,workload,82,10.883
heavy,3,workload,83,11.625
heavy,3,workload,84,11.59
heavy,3,workload,85,11.045
heavy,3,workload,86,10.928
heavy,3,workload,87,11.18
heavy,3,workload,88,11.03
heavy,3,workload,89,10.903
heavy,3,workload,90,11.284
heavy,3,workload,91,10.721
heavy,3,workload,92,12.214
heavy,3,workload,93,13.765
heavy,3,workload,94,10.87
heavy,3,workload,95,12.952
heavy,3,workload,96,15.85
heavy,3,workload,97,17.812
heavy,3,workload,98,11.637
heavy,3,workload,99,12.068
heavy,3,workload,100,11.42
heavy,3,workload,101,10.9
heavy,3,workload,102,11.023
heavy,3,workload,103,13.28
heavy,3,workload,104,12.191
heavy,3,workload,105,11.638
heavy,3,workload,106,12.955
heavy,3,workload,107,12.567
heavy,3,workload,108,12.2
heavy,3,workload,109,12.773
heavy,3,workload,110,12.082
heavy,3,workload,111,10.738
heavy,3,workload,112,12.624
heavy,3,workload,113,17.209
heavy,3,workload,114,12.938
heavy,3,workload,115,11.377
heavy,3,workload,116,11.675
heavy,3,workload,117,12.23
heavy,3,workload,118,11.145
heavy,3,workload,119,11.59
heavy,3,workload,120,4.078
heavy,3,workload,121,19.327
heavy,3,workload,122,11.526
heavy,3,workload,123,12.272
heavy,3,workload,124,13.586
heavy,3,workload,125,10.739
heavy,3,workload,126,13.337
heavy,3,workload,127,11.223
heavy,3,workload,128,13.962
heavy,3,workload,129,20.287
heavy,3,workload,130,14.132
heavy,3,workload,131,11.714
heavy,3,workload,132,11.246
heavy,3,workload,133,9.199
heavy,3,workload,134,10.558
heavy,3,workload,135,10.474
heavy,3,workload,136,9.955
heavy,3,workload,137,10.294
heavy,3,workload,138,10.469
heavy,3,workload,139,10.89
heavy,3,workload,140,12.175
heavy,3,workload,141,13.226
heavy,3,workload,142,11.478
heavy,3,workload,143,13.233
heavy,3,workload,144,16.067
heavy,3,workload,145,19.451
heavy,3,workload,146,21.903
heavy,3,workload,147,13.197
heavy,3,workload,148,12.868
heavy,3,workload,149,11.797
heavy,3,workload,150,12.762
heavy,3,workload,151,13.913
heavy,3,workload,152,11.928
heavy,3,workload,153,13.246
heavy,3,workload,154,13.939
heavy,3,workload,155,15.16
heavy,3,workload,156,15.478
heavy,3,workload,157,15.224
heavy,3,workload,158,15.651
heavy,3,workload,159,11.555
heavy,3,workload,160,12.659
heavy,3,workload,161,17.546
heavy,3,workload,162,20.459
heavy,3,workload,163,12.625
heavy,3,workload,164,13.276
heavy,3,workload,165,18.579
heavy,3,workload,166,16.159
heavy,3,workload,167,16.051
heavy,3,workload,168,16.957
heavy,3,workload,169,16.981
heavy,3,workload,170,16.237
heavy,3,workload,171,17.395
heavy,3,workload,172,16.999
heavy,3,workload,173,16.624
heavy,3,workload,174,17.667
heavy,3,workload,175,18.138
heavy,3,workload,176,13.191
heavy,3,workload,177,15.983
heavy,3,workload,178,20.7
heavy,3,workload,179,15.434
heavy,3,workload,180,13.401
heavy,3,workload,181,11.398
heavy,3,workload,182,13.601
heavy,3,workload,183,10.767
heavy,3,workload,184,12.798
heavy,3,workload,185,12.883
heavy,3,workload,186,12.859
heavy,3,workload,187,12.884
heavy,3,workload,188,12.224
heavy,3,workload,189,12.835
heavy,3,workload,190,11.426
heavy,3,workload,191,12.639
heavy,3,workload,192,11.473
heavy,3,workload,193,15.401
heavy,3,workload,194,19.559
heavy,3,workload,195,14.936
heavy,3,workload,196,11.677
heavy,3,workload,197,11.248
heavy,3,workload,198,9.999
heavy,3,workload,199,13.46
heavy,3,workload,200,11.471
heavy,3,workload,201,10.824
heavy,3,workload,202,10.849
heavy,3,workload,203,10.588
heavy,3,workload,204,12.082
heavy,3,workload,205,12.645
heavy,3,workload,206,12.901
heavy,3,workload,207,10.724
heavy,3,workload,208,12.953
heavy,3,workload,209,13.154
heavy,3,workload,210,19.171
heavy,3,workload,211,16.642
heavy,3,workload,212,12.106
heavy,3,workload,213,10.243
heavy,3,workload,214,10.337
heavy,3,workload,215,11.013
heavy,3,workload,216,11.919
heavy,3,workload,217,12.202
heavy,3,workload,218,11.332
heavy,3,workload,219,12.644
heavy,3,workload,220,12.039
heavy,3,workload,221,12.802
heavy,3,workload,222,10.298
heavy,3,workload,223,12.913
heavy,3,workload,224,12.885
heavy,3,workload,225,12.729
heavy,3,workload,226,19.711
heavy,3,workload,227,15.328
heavy,3,workload,228,11.626
heavy,3,workload,229,12.557
heavy,3,workload,230,14.186
heavy,3,workload,231,10.763
heavy,3,workload,232,12.261
heavy,3,workload,233,11.789
heavy,3,workload,234,13.636
heavy,3,workload,235,12.294
heavy,3,workload,236,11.429
heavy,3,workload,237,14.296
heavy,3,workload,238,17.271
heavy,3,workload,239,14.406
heavy,3,workload,240,17.475
heavy,3,workload,241,13.744
heavy,3,workload,242,19.196
heavy,3,workload,243,19.707
heavy,3,workload,244,19.751
heavy,3,workload,245,12.561
heavy,3,workload,246,11.509
heavy,3,workload,247,13.018
heavy,3,workload,248,11.312
heavy,3,workload,249,10.774
heavy,3,workload,250,12.935
heavy,3,workload,251,12.133
heavy,3,workload,252,12.338
heavy,3,workload,253,13.243
heavy,3,workload,254,13.142
heavy,3,workload,255,12.955
heavy,3,workload,256,13.075
heavy,3,workload,257,13.42
heavy,3,workload,258,19.707
heavy,3,workload,259,20.23
heavy,3,workload,260,15.414
heavy,3,workload,261,17.483
heavy,3,workload,262,15.709
heavy,3,workload,263,12.648
heavy,3,workload,264,11.09
heavy,3,workload,265,13.513
heavy,3,workload,266,13.504
heavy,3,workload,267,15.039
heavy,3,workload,268,14.625
heavy,3,workload,269,14.942
heavy,3,workload,270,15.952
heavy,3,workload,271,15.896
heavy,3,workload,272,12.852
heavy,3,workload,273,16.864
heavy,3,workload,274,19.948
heavy,3,workload,275,26.221
heavy,3,workload,276,19.091
heavy,3,workload,277,15.588
heavy,3,workload,278,18.538
heavy,3,workload,279,19.148
heavy,3,workload,280,17.4
heavy,3,workload,281,15.71
heavy,3,workload,282,17.865
heavy,3,workload,283,16.95
heavy,3,workload,284,17.451
heavy,3,workload,285,18.173
heavy,3,workload,286,16.471
heavy,3,workload,287,15.005
heavy,3,workload,288,15.704
heavy,3,workload,289,11.617
heavy,3,workload,290,13.322
heavy,3,workload,291,17.471
heavy,3,workload,292,5.013
heavy,3,workload,293,23.846
heavy,3,workload,294,12.374
heavy,3,workload,295,11.416
heavy,3,workload,296,12.223
heavy,3,workload,297,13.867
heavy,3,workload,298,10.526
heavy,3,workload,299,14.698
heavy,3,workload,300,4.723
heavy,3,workload,301,20.519
heavy,3,workload,302,10.913
heavy,3,workload,303,12.282
heavy,3,workload,304,12.505
heavy,3,workload,305,11.92
heavy,3,workload,306,13.502
heavy,3,workload,307,14.016
heavy,3,workload,308,18.649
heavy,3,workload,309,15.064
heavy,3,workload,310,10.615
heavy,3,workload,311,13.338
heavy,3,workload,312,13.381
heavy,3,workload,313,13.293
heavy,3,workload,314,12.703
heavy,3,workload,315,12.35
heavy,3,workload,316,11.341
heavy,3,workload,317,16.273
heavy,3,workload,318,17.596
heavy,3,workload,319,13.606
heavy,3,workload,320,11.169
heavy,3,workload,321,11.329
heavy,3,workload,322,12.091
heavy,3,workload,323,12.765
heavy,3,workload,324,19.244
heavy,3,workload,325,16.024
heavy,3,workload,326,11.344
heavy,3,workload,327,11.616
heavy,3,workload,328,12.143
heavy,3,workload,329,11.249
heavy,3,workload,330,10.348
heavy,3,workload,331,10.975
heavy,3,workload,332,12.09
heavy,3,workload,333,11.187
heavy,3,workload,334,11.832
heavy,3,workload,335,13.612
heavy,3,workload,336,12.209
heavy,3,workload,337,12.383
heavy,3,workload,338,14.234
heavy,3,workload,339,13.333
heavy,3,workload,340,19.5
heavy,3,workload,341,17.972
heavy,3,workload,342,11.875
heavy,3,workload,343,12.956
heavy,3,workload,344,10.712
heavy,3,workload,345,12.593
heavy,3,workload,346,10.906
heavy,3,workload,347,10.455
heavy,3,workload,348,11.404
heavy,3,workload,349,9.691
heavy,3,workload,350,10.461
heavy,3,workload,351,11.928
heavy,3,workload,352,12.282
heavy,3,workload,353,11.121
heavy,3,workload,354,11.377
heavy,3,workload,355,11.803
heavy,3,workload,356,17.092
heavy,3,workload,357,18.836
heavy,3,workload,358,13.274
heavy,3,workload,359,12.487
heavy,3,workload,360,13.067
heavy,3,workload,361,12.157
heavy,3,workload,362,12.942
heavy,3,workload,363,12.336
heavy,3,workload,364,12.3
heavy,3,workload,365,12.918
heavy,3,workload,366,13.269
heavy,3,workload,367,12.686
heavy,3,workload,368,14.657
heavy,3,workload,369,14.599
heavy,3,workload,370,13.302
heavy,3,workload,371,14.791
heavy,3,workload,372,15.373
heavy,3,workload,373,18.331
heavy,3,workload,374,15.766
heavy,3,workload,375,11.916
heavy,3,workload,376,12.742
heavy,3,workload,377,12.857
heavy,3,workload,378,12.85
heavy,3,workload,379,14.434
heavy,3,workload,380,14.189
heavy,3,workload,381,13.816
heavy,3,workload,382,11.65
heavy,3,workload,383,14.068
heavy,3,workload,384,12.892
heavy,3,workload,385,14.783
heavy,3,workload,386,13.562
heavy,3,workload,387,17.373
heavy,3,workload,388,14.618
heavy,3,workload,389,21.595
heavy,3,workload,390,16.673
heavy,3,workload,391,14.052
heavy,3,workload,392,11.88
heavy,3,workload,393,14.853
heavy,3,workload,394,12.18
heavy,3,workload,395,13.207
heavy,3,workload,396,15.492
heavy,3,workload,397,15.108
heavy,3,workload,398,13.969
heavy,3,workload,399,15.607
heavy,3,workload,400,15.62
heavy,3,workload,401,14.857
heavy,3,workload,402,13.801
heavy,3,workload,403,11.562
heavy,3,workload,404,14.927
heavy,3,workload,405,18.903
heavy,3,workload,406,18.153
heavy,3,workload,407,13.553
heavy,3,workload,408,15.403
heavy,3,workload,409,15.77
heavy,3,workload,410,15.706
heavy,3,workload,411,17.816
heavy,3,workload,412,18.59
heavy,3,workload,413,16.187
heavy,3,workload,414,16.892
heavy,3,workload,415,16.694
heavy,3,workload,416,16.611
heavy,3,workload,417,17.488
heavy,3,workload,418,18.994
heavy,3,workload,419,16.261
heavy,3,workload,420,15.198
heavy,3,workload,421,17.891
heavy,3,workload,422,16.63
heavy,3,workload,423,14.218
heavy,3,workload,424,11.665
heavy,3,workload,425,11.87
heavy,3,workload,426,12.696
heavy,3,workload,427,12.626
heavy,3,workload,428,11.863
heavy,3,workload,429,11.642
heavy,3,workload,430,13.583
heavy,3,workload,431,13.052
heavy,3,workload,432,12.767
heavy,3,workload,433,15.183
heavy,3,workload,434,11.218
heavy,3,workload,435,12.299
heavy,3,workload,436,13.398
heavy,3,workload,437,14.68
heavy,3,workload,438,17.539
heavy,3,workload,439,15.012
heavy,3,workload,440,10.843
heavy,3,workload,441,12.386
heavy,3,workload,442,10.544
heavy,3,workload,443,10.726
heavy,3,workload,444,13.307
heavy,3,workload,445,14.525
heavy,3,workload,446,12.574
heavy,3,workload,447,13.513
heavy,3,workload,448,11.294
heavy,3,workload,449,11.352
heavy,3,workload,450,11.438
heavy,3,workload,451,12.478
heavy,3,workload,452,11.9
heavy,3,workload,453,10.754
heavy,3,workload,454,16.369
heavy,3,workload,455,15.915
heavy,3,workload,456,9.688
heavy,3,workload,457,11.704
heavy,3,workload,458,11.931
heavy,3,workload,459,9.272
heavy,3,workload,460,13.079
heavy,3,workload,461,11.488
heavy,3,workload,462,12.175
heavy,3,workload,463,12.015
heavy,3,workload,464,11.383
heavy,3,workload,465,11.822
heavy,3,workload,466,11.59
heavy,3,workload,467,13.208
heavy,3,workload,468,11.631
heavy,3,workload,469,12.303
heavy,3,workload,470,15.505
heavy,3,workload,471,18.062
heavy,3,workload,472,13.22
heavy,3,workload,473,12.307
heavy,3,workload,474,13.127
heavy,3,workload,475,11.593
heavy,3,workload,476,14.311
heavy,3,workload,477,16.136
heavy,3,workload,478,14.573
heavy,3,workload,479,10.495
heavy,3,workload,480,11.383
heavy,3,workload,481,9.179
heavy,3,workload,482,9.892
heavy,3,workload,483,10.355
heavy,3,workload,484,11.339
heavy,3,workload,485,12.063
heavy,3,workload,486,13.402
heavy,3,workload,487,18.102
heavy,3,workload,488,13.077
heavy,3,workload,489,12.999
heavy,3,workload,490,10.553
heavy,3,workload,491,11.426
heavy,3,workload,492,13.829
heavy,3,workload,493,12.707
heavy,3,workload,494,11.593
heavy,3,workload,495,12.329
heavy,3,workload,496,11.201
heavy,3,workload,497,11.817
heavy,3,workload,498,13.402
heavy,3,workload,499,12.851
heavy,3,workload,500,13.643
heavy,3,workload,501,13.791
heavy,3,workload,502,12.378
heavy,3,workload,503,17.735
heavy,3,workload,504,17.684
heavy,3,workload,505,12.146
heavy,3,workload,506,14.374
heavy,3,workload,507,15.664
heavy,3,workload,508,15.227
heavy,3,workload,509,14.928
heavy,3,workload,510,11.296
heavy,3,workload,511,12.102
heavy,3,workload,512,11.898
heavy,3,workload,513,13.197
heavy,3,workload,514,12.352
heavy,3,workload,515,11.252
heavy,3,workload,516,13.372
heavy,3,workload,517,15.718
heavy,3,workload,518,14.1
heavy,3,workload,519,15.709
heavy,3,workload,520,17.488
heavy,3,workload,521,16.54
heavy,3,workload,522,11.661
heavy,3,workload,523,12.427
heavy,3,workload,524,12.888
heavy,3,workload,525,13.257
heavy,3,workload,526,12.914
heavy,3,workload,527,12.306
heavy,3,workload,528,17.972
heavy,3,workload,529,16.897
heavy,3,workload,530,16.506
heavy,3,workload,531,19.635
heavy,3,workload,532,18.023
heavy,3,workload,533,18.016
heavy,3,workload,534,16.915
heavy,3,workload,535,17.662
heavy,3,workload,536,21.107
heavy,3,workload,537,22.195
heavy,3,workload,538,17.603
heavy,3,workload,539,15.44
heavy,3,workload,540,13.014
heavy,3,workload,541,13.135
heavy,3,workload,542,13.551
heavy,3,workload,543,11.683
heavy,3,workload,544,11.636
heavy,3,workload,545,10.845
heavy,3,workload,546,10.641
heavy,3,workload,547,12.234
heavy,3,workload,548,13.356
heavy,3,workload,549,12.007
heavy,3,workload,550,12.57
heavy,3,workload,551,14.606
heavy,3,workload,552,13.3
heavy,3,workload,553,18.74
heavy,3,workload,554,13.203
heavy,3,workload,555,11.024
heavy,3,workload,556,12.481
heavy,3,workload,557,10.721
heavy,3,workload,558,11.57
heavy,3,workload,559,11.441
heavy,3,workload,560,11.284
heavy,3,workload,561,11.646
heavy,3,workload,562,10.55
heavy,3,workload,563,11.979
heavy,3,workload,564,12.823
heavy,3,workload,565,10.488
heavy,3,workload,566,10.151
heavy,3,workload,567,12.632
heavy,3,workload,568,13.667
heavy,3,workload,569,5.394
heavy,3,workload,570,3.256
heavy,3,workload,571,3.552
heavy,3,workload,572,3.232
heavy,3,workload,573,3.288
heavy,3,workload,574,4.363
heavy,3,workload,575,4.014
heavy,3,workload,576,4.578
heavy,3,workload,577,2.369
heavy,3,workload,578,5.081
heavy,3,workload,579,4.367
heavy,3,workload,580,3.299
heavy,3,workload,581,3.708
heavy,3,workload,582,3.021
heavy,3,workload,583,2.649
heavy,3,workload,584,3.197
heavy,3,workload,585,2.31
heavy,3,workload,586,1.953
heavy,3,workload,587,2.408
heavy,3,workload,588,2.281
heavy,3,workload,589,4.009
heavy,3,workload,590,5.261
heavy,3,workload,591,4.021
heavy,3,workload,592,4.544
heavy,3,workload,593,2.87
heavy,3,workload,594,4.398
heavy,3,workload,595,5.089
heavy,3,workload,596,4.351
heavy,3,workload,597,8.391
heavy,3,workload,598,4.84
heavy,3,workload,599,9.524
