modality,difficulty,model,model_params_m,device,backend,precision,quantization,workload,profile,resolution,context_tokens,output_tokens,batch,threads,measurement_mode,is_sustained,throughput_basis,latency_sec,throughput,throughput_unit,power_w,dynamic_power_w,energy_per_run_j,energy_per_item_j,dynamic_energy_per_item_j,memory_allocated_mb,memory_peak_mb,device_memory_used_mb,gpu_util_pct,temp_c,monitor_delta_pct,duration_sec,energy_boundary,quality_measured,status,repeat_count,source_file
text,easy,DistilGPT2,82.0,Apple M4,mps,default_uncontrolled,none,grid,,,,,,,short_latency,0,short_measurement,0.14633229159990152,218.68037225504324,tok/s,,,,,,,,,,,,,,0,PASS,1,mac_text_latency.csv
text,easy,DistilGPT2,82.0,Apple M4,cpu,default_uncontrolled,none,grid,,,,,,1.0,short_latency,0,short_measurement,0.1707961084000999,187.35789884063473,tok/s,,,,,,,,,,,,,,0,PASS,1,mac_text_latency.csv
text,easy,DistilGPT2,82.0,Apple M4,cpu,default_uncontrolled,none,grid,,,,,,10.0,short_latency,0,short_measurement,0.19541136659972835,163.7571066454252,tok/s,,,,,,,,,,,,,,0,PASS,1,mac_text_latency.csv
text,easy,DistilGPT2,82.0,Apple M4,cpu,default_uncontrolled,none,grid,,,,,,2.0,short_latency,0,short_measurement,0.17635479160016984,181.45239893764918,tok/s,,,,,,,,,,,,,,0,PASS,1,mac_text_latency.csv
text,easy,DistilGPT2,82.0,Apple M4,cpu,default_uncontrolled,none,grid,,,,,,4.0,short_latency,0,short_measurement,0.17642374980059686,181.38147520482948,tok/s,,,,,,,,,,,,,,0,PASS,1,mac_text_latency.csv
text,easy,DistilGPT2,82.0,Apple M4,cpu,default_uncontrolled,none,grid,,,,,,6.0,short_latency,0,short_measurement,0.18305655000003754,174.8093690173525,tok/s,,,,,,,,,,,,,,0,PASS,1,mac_text_latency.csv
text,easy,DistilGPT2,82.0,Apple M4,cpu,default_uncontrolled,none,grid,,,,,,8.0,short_latency,0,short_measurement,0.18482521680016362,173.13654789107582,tok/s,,,,,,,,,,,,,,0,PASS,1,mac_text_latency.csv
text,easy,DistilGPT2,82.0,Apple M4,mps,default_uncontrolled,none,grid,,,128.0,32.0,1.0,,short_sweep,0,short_measurement,0.15933091699844226,200.83986587683327,tok/s,,,,,,313.237548828125,,,,,,,,0,PASS,3,distilgpt2_easy_mps_sweep.csv
text,easy,DistilGPT2,82.0,Apple M4,mps,default_uncontrolled,none,grid,,,128.0,64.0,1.0,,short_sweep,0,short_measurement,0.32052766700144275,199.67075104225535,tok/s,,,,,,313.23779296875,,,,,,,,0,PASS,3,distilgpt2_easy_mps_sweep.csv
text,easy,DistilGPT2,82.0,Apple M4,mps,default_uncontrolled,none,grid,,,128.0,128.0,1.0,,short_sweep,0,short_measurement,0.744236375001492,171.98836861439807,tok/s,,,,,,313.23828125,,,,,,,,0,PASS,3,distilgpt2_easy_mps_sweep.csv
text,easy,DistilGPT2,82.0,Apple M4,mps,default_uncontrolled,none,grid,,,128.0,32.0,2.0,,short_sweep,0,short_measurement,0.20241266700031701,316.1857454301502,tok/s,,,,,,313.24072265625,,,,,,,,0,PASS,3,distilgpt2_easy_mps_sweep.csv
text,easy,DistilGPT2,82.0,Apple M4,mps,default_uncontrolled,none,grid,,,128.0,64.0,2.0,,short_sweep,0,short_measurement,0.4026807909976924,317.8696447944881,tok/s,,,,,,313.2412109375,,,,,,,,0,PASS,3,distilgpt2_easy_mps_sweep.csv
text,easy,DistilGPT2,82.0,Apple M4,mps,default_uncontrolled,none,grid,,,128.0,128.0,2.0,,short_sweep,0,short_measurement,0.8048141250001208,318.0858685848258,tok/s,,,,,,313.2421875,,,,,,,,0,PASS,3,distilgpt2_easy_mps_sweep.csv
text,easy,DistilGPT2,82.0,Apple M4,mps,default_uncontrolled,none,grid,,,128.0,32.0,4.0,,short_sweep,0,short_measurement,0.23970562500107917,533.9883033592713,tok/s,,,,,,313.2470703125,,,,,,,,0,PASS,3,distilgpt2_easy_mps_sweep.csv
text,easy,DistilGPT2,82.0,Apple M4,mps,default_uncontrolled,none,grid,,,128.0,64.0,4.0,,short_sweep,0,short_measurement,0.4546781670032942,563.0356119521904,tok/s,,,,,,313.248046875,,,,,,,,0,PASS,3,distilgpt2_easy_mps_sweep.csv
text,easy,DistilGPT2,82.0,Apple M4,mps,default_uncontrolled,none,grid,,,128.0,128.0,4.0,,short_sweep,0,short_measurement,0.8919438750017434,574.0271494089235,tok/s,,,,,,313.25,,,,,,,,0,PASS,3,distilgpt2_easy_mps_sweep.csv
text,easy,DistilGPT2,82.0,Apple M4,mps,default_uncontrolled,none,grid,,,128.0,32.0,8.0,,short_sweep,0,short_measurement,0.29723195800033864,861.2801992163586,tok/s,,,,,,313.259765625,,,,,,,,0,PASS,3,distilgpt2_easy_mps_sweep.csv
text,easy,DistilGPT2,82.0,Apple M4,mps,default_uncontrolled,none,grid,,,128.0,64.0,8.0,,short_sweep,0,short_measurement,0.5828010419972998,878.5159310033838,tok/s,,,,,,313.26171875,,,,,,,,0,PASS,3,distilgpt2_easy_mps_sweep.csv
text,easy,DistilGPT2,82.0,Apple M4,mps,default_uncontrolled,none,grid,,,128.0,128.0,8.0,,short_sweep,0,short_measurement,1.0868230419982865,942.1957029151895,tok/s,,,,,,313.265625,,,,,,,,0,PASS,3,distilgpt2_easy_mps_sweep.csv
text,easy,DistilGPT2,82.0,Apple M4,mps,default_uncontrolled,none,grid,,,32.0,32.0,1.0,,short_sweep,0,short_measurement,0.169144999999844,189.18679239723025,tok/s,,,,,,313.2353515625,,,,,,,,0,PASS,3,distilgpt2_easy_mps_sweep.csv
text,easy,DistilGPT2,82.0,Apple M4,mps,default_uncontrolled,none,grid,,,32.0,64.0,1.0,,short_sweep,0,short_measurement,0.433865250000963,147.51123764776725,tok/s,,,,,,313.235595703125,,,,,,,,0,PASS,3,distilgpt2_easy_mps_sweep.csv
text,easy,DistilGPT2,82.0,Apple M4,mps,default_uncontrolled,none,grid,,,32.0,128.0,1.0,,short_sweep,0,short_measurement,0.7295457910004188,175.4516324800872,tok/s,,,,,,313.236083984375,,,,,,,,0,PASS,3,distilgpt2_easy_mps_sweep.csv
text,easy,DistilGPT2,82.0,Apple M4,mps,default_uncontrolled,none,grid,,,32.0,32.0,2.0,,short_sweep,0,short_measurement,0.22417987500011805,285.4850374056382,tok/s,,,,,,313.236328125,,,,,,,,0,PASS,3,distilgpt2_easy_mps_sweep.csv
text,easy,DistilGPT2,82.0,Apple M4,mps,default_uncontrolled,none,grid,,,32.0,64.0,2.0,,short_sweep,0,short_measurement,0.4432020839994948,288.8073062403423,tok/s,,,,,,313.23681640625,,,,,,,,0,PASS,3,distilgpt2_easy_mps_sweep.csv
text,easy,DistilGPT2,82.0,Apple M4,mps,default_uncontrolled,none,grid,,,32.0,128.0,2.0,,short_sweep,0,short_measurement,0.929124292000779,275.5282605395333,tok/s,,,,,,313.23779296875,,,,,,,,0,PASS,3,distilgpt2_easy_mps_sweep.csv
text,easy,DistilGPT2,82.0,Apple M4,mps,default_uncontrolled,none,grid,,,32.0,32.0,4.0,,short_sweep,0,short_measurement,0.2143375420018856,597.1888956292778,tok/s,,,,,,313.23828125,,,,,,,,0,PASS,3,distilgpt2_easy_mps_sweep.csv
text,easy,DistilGPT2,82.0,Apple M4,mps,default_uncontrolled,none,grid,,,32.0,64.0,4.0,,short_sweep,0,short_measurement,0.5004036249993078,511.5870213777011,tok/s,,,,,,313.2392578125,,,,,,,,0,PASS,3,distilgpt2_easy_mps_sweep.csv
text,easy,DistilGPT2,82.0,Apple M4,mps,default_uncontrolled,none,grid,,,32.0,128.0,4.0,,short_sweep,0,short_measurement,0.8209812919994874,623.6439307320046,tok/s,,,,,,313.2412109375,,,,,,,,0,PASS,3,distilgpt2_easy_mps_sweep.csv
text,easy,DistilGPT2,82.0,Apple M4,mps,default_uncontrolled,none,grid,,,32.0,32.0,8.0,,short_sweep,0,short_measurement,0.2470700419980858,1036.1434268990952,tok/s,,,,,,313.2421875,,,,,,,,0,PASS,3,distilgpt2_easy_mps_sweep.csv
text,easy,DistilGPT2,82.0,Apple M4,mps,default_uncontrolled,none,grid,,,32.0,64.0,8.0,,short_sweep,0,short_measurement,0.5318504169990774,962.6766918580571,tok/s,,,,,,313.244140625,,,,,,,,0,PASS,3,distilgpt2_easy_mps_sweep.csv
text,easy,DistilGPT2,82.0,Apple M4,mps,default_uncontrolled,none,grid,,,32.0,128.0,8.0,,short_sweep,0,short_measurement,0.927224874998501,1104.3707169759175,tok/s,,,,,,313.248046875,,,,,,,,0,PASS,3,distilgpt2_easy_mps_sweep.csv
text,easy,DistilGPT2,82.0,Apple M4,mps,default_uncontrolled,none,grid,,,512.0,32.0,1.0,,short_sweep,0,short_measurement,0.18994920799741521,168.46608805252532,tok/s,,,,,,313.246337890625,,,,,,,,0,PASS,3,distilgpt2_easy_mps_sweep.csv
text,easy,DistilGPT2,82.0,Apple M4,mps,default_uncontrolled,none,grid,,,512.0,64.0,1.0,,short_sweep,0,short_measurement,0.3621987499973329,176.69856674124708,tok/s,,,,,,313.24658203125,,,,,,,,0,PASS,3,distilgpt2_easy_mps_sweep.csv
text,easy,DistilGPT2,82.0,Apple M4,mps,default_uncontrolled,none,grid,,,512.0,128.0,1.0,,short_sweep,0,short_measurement,0.6948483330015733,184.21286188753103,tok/s,,,,,,313.2470703125,,,,,,,,0,PASS,3,distilgpt2_easy_mps_sweep.csv
text,easy,DistilGPT2,82.0,Apple M4,mps,default_uncontrolled,none,grid,,,512.0,32.0,2.0,,short_sweep,0,short_measurement,0.2792468750012631,229.18788258493674,tok/s,,,,,,313.25830078125,,,,,,,,0,PASS,3,distilgpt2_easy_mps_sweep.csv
text,easy,DistilGPT2,82.0,Apple M4,mps,default_uncontrolled,none,grid,,,512.0,64.0,2.0,,short_sweep,0,short_measurement,0.5190590420024819,246.60007752911463,tok/s,,,,,,313.2587890625,,,,,,,,0,PASS,3,distilgpt2_easy_mps_sweep.csv
text,easy,DistilGPT2,82.0,Apple M4,mps,default_uncontrolled,none,grid,,,512.0,128.0,2.0,,short_sweep,0,short_measurement,0.9601127919995633,266.63533923638886,tok/s,,,,,,313.259765625,,,,,,,,0,PASS,3,distilgpt2_easy_mps_sweep.csv
text,easy,DistilGPT2,82.0,Apple M4,mps,default_uncontrolled,none,grid,,,512.0,32.0,4.0,,short_sweep,0,short_measurement,0.3606003749991942,354.9635798362274,tok/s,,,,,,313.2822265625,,,,,,,,0,PASS,3,distilgpt2_easy_mps_sweep.csv
text,easy,DistilGPT2,82.0,Apple M4,mps,default_uncontrolled,none,grid,,,512.0,64.0,4.0,,short_sweep,0,short_measurement,0.6320324580010492,405.04248913047917,tok/s,,,,,,313.283203125,,,,,,,,0,PASS,3,distilgpt2_easy_mps_sweep.csv
text,easy,DistilGPT2,82.0,Apple M4,mps,default_uncontrolled,none,grid,,,512.0,128.0,4.0,,short_sweep,0,short_measurement,1.1927642499977082,429.2549847976947,tok/s,,,,,,313.28515625,,,,,,,,0,PASS,3,distilgpt2_easy_mps_sweep.csv
text,easy,DistilGPT2,82.0,Apple M4,mps,default_uncontrolled,none,grid,,,512.0,32.0,8.0,,short_sweep,0,short_measurement,0.5392261250017327,474.75444554763993,tok/s,,,,,,313.330078125,,,,,,,,0,PASS,3,distilgpt2_easy_mps_sweep.csv
text,easy,DistilGPT2,82.0,Apple M4,mps,default_uncontrolled,none,grid,,,512.0,64.0,8.0,,short_sweep,0,short_measurement,0.9053968330008502,565.4978914638187,tok/s,,,,,,313.33203125,,,,,,,,0,PASS,3,distilgpt2_easy_mps_sweep.csv
text,easy,DistilGPT2,82.0,Apple M4,mps,default_uncontrolled,none,grid,,,512.0,128.0,8.0,,short_sweep,0,short_measurement,1.6658849589985039,614.6883039364302,tok/s,,,,,,313.3359375,,,,,,,,0,PASS,3,distilgpt2_easy_mps_sweep.csv
text,easy,DistilGPT2,82.0,Apple M4,mps,default_uncontrolled,none,medium,,,128.0,64.0,4.0,,sustained_power,1,power_monitored_or_summary,,551.271475990254,tok/s,7.040505,,3.269476761449316,0.012771393599411391,0.005968665427663393,,,,,,,60.227882208000665,combined_soc,0,PASS,3,distilgpt2_easy_mps_power_final.csv
text,easy,DistilGPT2,82.0,Apple M4,mps,default_uncontrolled,none,light,,,32.0,32.0,1.0,,sustained_power,1,power_monitored_or_summary,,206.22615564716887,tok/s,6.738348333333334,,1.0455858326505487,0.03267455727032965,0.025210735240071804,,,,,,,60.05057874999966,combined_soc,0,PASS,3,distilgpt2_easy_mps_power_final.csv
text,easy,DistilGPT2,82.0,Apple M4,mps,default_uncontrolled,none,heavy,,,512.0,128.0,8.0,,sustained_power,1,power_monitored_or_summary,,588.6559506473163,tok/s,13.20471,,23.0505816343222,0.022510333627267773,0.015850178115767936,,,,,,,61.09716587500043,combined_soc,0,PASS,3,distilgpt2_easy_mps_power_final.csv
text,easy,DistilGPT2,82.0,Intel i7-11800H,cpu,default_uncontrolled,none,grid,,,,,,16.0,sustained_power,1,power_monitored_or_summary,,99.66616894575522,tok/s,39.25,24.1125,101.03060486666963,,,,,,,,,30.8228964000009,cpu_package,0,PASS,3,msi_cpu_repeated_power.csv
text,easy,DistilGPT2,82.0,Intel i7-11800H,cpu,default_uncontrolled,none,grid,,,,,,2.0,sustained_power,1,power_monitored_or_summary,,136.51820575098807,tok/s,29.78125,14.75625,56.92781419533026,,,,,,,,,31.273649000009755,cpu_package,0,PASS,3,msi_cpu_repeated_power.csv
text,easy,DistilGPT2,82.0,Intel i7-11800H,cpu,default_uncontrolled,none,grid,,,,,,4.0,sustained_power,1,power_monitored_or_summary,,127.92757020814396,tok/s,32.0125,17.3,62.87574237243984,,,,,,,,,30.358459299997776,cpu_package,0,PASS,3,msi_cpu_repeated_power.csv
text,easy,DistilGPT2,82.0,Intel i7-11800H,cpu,default_uncontrolled,none,grid,,,,,,6.0,sustained_power,1,power_monitored_or_summary,,139.3005952693278,tok/s,38.805882352941175,23.893382352941174,71.31560251516275,,,,,,,,,31.241790400003083,cpu_package,0,PASS,3,msi_cpu_repeated_power.csv
text,easy,DistilGPT2,82.0,RTX 3050 Laptop,cuda,default_uncontrolled,none,grid,,,128.0,32.0,1.0,,short_sweep,0,short_measurement,0.17902029999822844,178.75067799750457,tok/s,,,,,,336.74169921875,,,,,,,,0,PASS,3,distilgpt2_easy_cuda_sweep.csv
text,easy,DistilGPT2,82.0,RTX 3050 Laptop,cuda,default_uncontrolled,none,grid,,,128.0,64.0,1.0,,short_sweep,0,short_measurement,0.35845569999946747,178.54368057222993,tok/s,,,,,,336.74169921875,,,,,,,,0,PASS,3,distilgpt2_easy_cuda_sweep.csv
text,easy,DistilGPT2,82.0,RTX 3050 Laptop,cuda,default_uncontrolled,none,grid,,,128.0,128.0,1.0,,short_sweep,0,short_measurement,0.7184097999997903,178.17128886610033,tok/s,,,,,,336.7421875,,,,,,,,0,PASS,3,distilgpt2_easy_cuda_sweep.csv
text,easy,DistilGPT2,82.0,RTX 3050 Laptop,cuda,default_uncontrolled,none,grid,,,128.0,32.0,2.0,,short_sweep,0,short_measurement,0.1713993000012124,373.39709088396097,tok/s,,,,,,347.49658203125,,,,,,,,0,PASS,3,distilgpt2_easy_cuda_sweep.csv
text,easy,DistilGPT2,82.0,RTX 3050 Laptop,cuda,default_uncontrolled,none,grid,,,128.0,64.0,2.0,,short_sweep,0,short_measurement,0.33751729999494273,379.2398197127019,tok/s,,,,,,347.4970703125,,,,,,,,0,PASS,3,distilgpt2_easy_cuda_sweep.csv
text,easy,DistilGPT2,82.0,RTX 3050 Laptop,cuda,default_uncontrolled,none,grid,,,128.0,128.0,2.0,,short_sweep,0,short_measurement,0.6993721999897389,366.0425736163891,tok/s,,,,,,347.498046875,,,,,,,,0,PASS,3,distilgpt2_easy_cuda_sweep.csv
text,easy,DistilGPT2,82.0,RTX 3050 Laptop,cuda,default_uncontrolled,none,grid,,,128.0,32.0,4.0,,short_sweep,0,short_measurement,0.1829242000094382,699.7433909422355,tok/s,,,,,,377.0068359375,,,,,,,,0,PASS,3,distilgpt2_easy_cuda_sweep.csv
text,easy,DistilGPT2,82.0,RTX 3050 Laptop,cuda,default_uncontrolled,none,grid,,,128.0,64.0,4.0,,short_sweep,0,short_measurement,0.3517184999946039,727.8548043504325,tok/s,,,,,,377.0078125,,,,,,,,0,PASS,3,distilgpt2_easy_cuda_sweep.csv
text,easy,DistilGPT2,82.0,RTX 3050 Laptop,cuda,default_uncontrolled,none,grid,,,128.0,128.0,4.0,,short_sweep,0,short_measurement,0.7050560000061523,726.1834520882487,tok/s,,,,,,377.009765625,,,,,,,,0,PASS,3,distilgpt2_easy_cuda_sweep.csv
text,easy,DistilGPT2,82.0,RTX 3050 Laptop,cuda,default_uncontrolled,none,grid,,,128.0,32.0,8.0,,short_sweep,0,short_measurement,0.20111959999485407,1272.8744488679877,tok/s,,,,,,424.02734375,,,,,,,,0,PASS,3,distilgpt2_easy_cuda_sweep.csv
text,easy,DistilGPT2,82.0,RTX 3050 Laptop,cuda,default_uncontrolled,none,grid,,,128.0,64.0,8.0,,short_sweep,0,short_measurement,0.3692986999958521,1386.4115958321834,tok/s,,,,,,424.029296875,,,,,,,,0,PASS,3,distilgpt2_easy_cuda_sweep.csv
text,easy,DistilGPT2,82.0,RTX 3050 Laptop,cuda,default_uncontrolled,none,grid,,,128.0,128.0,8.0,,short_sweep,0,short_measurement,0.7542035999940708,1357.7235643108177,tok/s,,,,,,424.033203125,,,,,,,,0,PASS,3,distilgpt2_easy_cuda_sweep.csv
text,easy,DistilGPT2,82.0,RTX 3050 Laptop,cuda,default_uncontrolled,none,grid,,,32.0,32.0,1.0,,short_sweep,0,short_measurement,0.16400540000176989,195.11552668177185,tok/s,,,,,,325.79052734375,,,,,,,,0,PASS,3,distilgpt2_easy_cuda_sweep.csv
text,easy,DistilGPT2,82.0,RTX 3050 Laptop,cuda,default_uncontrolled,none,grid,,,32.0,64.0,1.0,,short_sweep,0,short_measurement,0.34345410000241827,186.34222156483028,tok/s,,,,,,326.91796875,,,,,,,,0,PASS,3,distilgpt2_easy_cuda_sweep.csv
text,easy,DistilGPT2,82.0,RTX 3050 Laptop,cuda,default_uncontrolled,none,grid,,,32.0,128.0,1.0,,short_sweep,0,short_measurement,0.6928267000039341,184.75038562929686,tok/s,,,,,,329.17041015625,,,,,,,,0,PASS,3,distilgpt2_easy_cuda_sweep.csv
text,easy,DistilGPT2,82.0,RTX 3050 Laptop,cuda,default_uncontrolled,none,grid,,,32.0,32.0,2.0,,short_sweep,0,short_measurement,0.17022080000606366,375.98225362423494,tok/s,,,,,,329.1591796875,,,,,,,,0,PASS,3,distilgpt2_easy_cuda_sweep.csv
text,easy,DistilGPT2,82.0,RTX 3050 Laptop,cuda,default_uncontrolled,none,grid,,,32.0,64.0,2.0,,short_sweep,0,short_measurement,0.3318502000038279,385.71620568112814,tok/s,,,,,,331.41162109375,,,,,,,,0,PASS,3,distilgpt2_easy_cuda_sweep.csv
text,easy,DistilGPT2,82.0,RTX 3050 Laptop,cuda,default_uncontrolled,none,grid,,,32.0,128.0,2.0,,short_sweep,0,short_measurement,0.6769558000087272,378.1635374077594,tok/s,,,,,,335.91650390625,,,,,,,,0,PASS,3,distilgpt2_easy_cuda_sweep.csv
text,easy,DistilGPT2,82.0,RTX 3050 Laptop,cuda,default_uncontrolled,none,grid,,,32.0,32.0,4.0,,short_sweep,0,short_measurement,0.1696449000010034,754.5172298091067,tok/s,,,,,,336.7421875,,,,,,,,0,PASS,3,distilgpt2_easy_cuda_sweep.csv
text,easy,DistilGPT2,82.0,RTX 3050 Laptop,cuda,default_uncontrolled,none,grid,,,32.0,64.0,4.0,,short_sweep,0,short_measurement,0.33369390000007115,767.1701520463677,tok/s,,,,,,348.41943359375,,,,,,,,0,PASS,3,distilgpt2_easy_cuda_sweep.csv
text,easy,DistilGPT2,82.0,RTX 3050 Laptop,cuda,default_uncontrolled,none,grid,,,32.0,128.0,4.0,,short_sweep,0,short_measurement,0.6722218999930192,761.6532576598843,tok/s,,,,,,350.36279296875,,,,,,,,0,PASS,3,distilgpt2_easy_cuda_sweep.csv
text,easy,DistilGPT2,82.0,RTX 3050 Laptop,cuda,default_uncontrolled,none,grid,,,32.0,32.0,8.0,,short_sweep,0,short_measurement,0.17546820000279695,1458.95381610981,tok/s,,,,,,354.82861328125,,,,,,,,0,PASS,3,distilgpt2_easy_cuda_sweep.csv
text,easy,DistilGPT2,82.0,RTX 3050 Laptop,cuda,default_uncontrolled,none,grid,,,32.0,64.0,8.0,,short_sweep,0,short_measurement,0.34231009999348316,1495.7198166508886,tok/s,,,,,,361.44775390625,,,,,,,,0,PASS,3,distilgpt2_easy_cuda_sweep.csv
text,easy,DistilGPT2,82.0,RTX 3050 Laptop,cuda,default_uncontrolled,none,grid,,,32.0,128.0,8.0,,short_sweep,0,short_measurement,0.6955735999945318,1472.1662811930328,tok/s,,,,,,379.19384765625,,,,,,,,0,PASS,3,distilgpt2_easy_cuda_sweep.csv
text,easy,DistilGPT2,82.0,RTX 3050 Laptop,cuda,default_uncontrolled,none,grid,,,512.0,32.0,1.0,,short_sweep,0,short_measurement,0.19619290000991896,163.10478105161894,tok/s,,,,,,377.00634765625,,,,,,,,0,PASS,3,distilgpt2_easy_cuda_sweep.csv
text,easy,DistilGPT2,82.0,RTX 3050 Laptop,cuda,default_uncontrolled,none,grid,,,512.0,64.0,1.0,,short_sweep,0,short_measurement,0.37205700000049546,172.01665336202456,tok/s,,,,,,377.00634765625,,,,,,,,0,PASS,3,distilgpt2_easy_cuda_sweep.csv
text,easy,DistilGPT2,82.0,RTX 3050 Laptop,cuda,default_uncontrolled,none,grid,,,512.0,128.0,1.0,,short_sweep,0,short_measurement,0.7325248999986798,174.738087401849,tok/s,,,,,,377.0068359375,,,,,,,,0,PASS,3,distilgpt2_easy_cuda_sweep.csv
text,easy,DistilGPT2,82.0,RTX 3050 Laptop,cuda,default_uncontrolled,none,grid,,,512.0,32.0,2.0,,short_sweep,0,short_measurement,0.19954660000803415,320.72708829628385,tok/s,,,,,,424.02587890625,,,,,,,,0,PASS,3,distilgpt2_easy_cuda_sweep.csv
text,easy,DistilGPT2,82.0,RTX 3050 Laptop,cuda,default_uncontrolled,none,grid,,,512.0,64.0,2.0,,short_sweep,0,short_measurement,0.3717237999953795,344.34168595497795,tok/s,,,,,,424.0263671875,,,,,,,,0,PASS,3,distilgpt2_easy_cuda_sweep.csv
text,easy,DistilGPT2,82.0,RTX 3050 Laptop,cuda,default_uncontrolled,none,grid,,,512.0,128.0,2.0,,short_sweep,0,short_measurement,0.6940369000076316,368.8564685785223,tok/s,,,,,,424.02734375,,,,,,,,0,PASS,3,distilgpt2_easy_cuda_sweep.csv
text,easy,DistilGPT2,82.0,RTX 3050 Laptop,cuda,default_uncontrolled,none,grid,,,512.0,32.0,4.0,,short_sweep,0,short_measurement,0.2576356999925338,496.82555641050294,tok/s,,,,,,526.0654296875,,,,,,,,0,PASS,3,distilgpt2_easy_cuda_sweep.csv
text,easy,DistilGPT2,82.0,RTX 3050 Laptop,cuda,default_uncontrolled,none,grid,,,512.0,64.0,4.0,,short_sweep,0,short_measurement,0.44777309999335557,571.7181313567044,tok/s,,,,,,526.06640625,,,,,,,,0,PASS,3,distilgpt2_easy_cuda_sweep.csv
text,easy,DistilGPT2,82.0,RTX 3050 Laptop,cuda,default_uncontrolled,none,grid,,,512.0,128.0,4.0,,short_sweep,0,short_measurement,0.8505015999980969,601.9976917164479,tok/s,,,,,,526.068359375,,,,,,,,0,PASS,3,distilgpt2_easy_cuda_sweep.csv
text,easy,DistilGPT2,82.0,RTX 3050 Laptop,cuda,default_uncontrolled,none,grid,,,512.0,32.0,8.0,,short_sweep,0,short_measurement,0.42106569999305066,607.9811297957185,tok/s,,,,,,730.14453125,,,,,,,,0,PASS,3,distilgpt2_easy_cuda_sweep.csv
text,easy,DistilGPT2,82.0,RTX 3050 Laptop,cuda,default_uncontrolled,none,grid,,,512.0,64.0,8.0,,short_sweep,0,short_measurement,0.7134688000078313,717.6207284668651,tok/s,,,,,,730.146484375,,,,,,,,0,PASS,3,distilgpt2_easy_cuda_sweep.csv
text,easy,DistilGPT2,82.0,RTX 3050 Laptop,cuda,default_uncontrolled,none,grid,,,512.0,128.0,8.0,,short_sweep,0,short_measurement,1.3280722000054084,771.0424177208362,tok/s,,,,,,730.150390625,,,,,,,,0,PASS,3,distilgpt2_easy_cuda_sweep.csv
text,easy,DistilGPT2,82.0,RTX 3050 Laptop,cuda,default_uncontrolled,none,medium,,,128.0,64.0,4.0,,sustained_power,1,power_monitored_or_summary,,633.4737977557412,tok/s,56.60872954924875,,22.876770619320126,0.08936238523171924,,,,610.50390625,56.51585976627713,,,60.21401379999588,gpu_board,0,PASS,3,distilgpt2_easy_cuda_nvml_final.csv
text,easy,DistilGPT2,82.0,RTX 3050 Laptop,cuda,default_uncontrolled,none,light,,,32.0,32.0,1.0,,sustained_power,1,power_monitored_or_summary,,160.3147551195662,tok/s,45.4956889632107,,9.105646876025277,0.2845514648757899,,,,570.50390625,39.7324414715719,,,60.042921099986415,gpu_board,0,PASS,3,distilgpt2_easy_cuda_nvml_final.csv
text,easy,DistilGPT2,82.0,RTX 3050 Laptop,cuda,default_uncontrolled,none,heavy,,,512.0,128.0,8.0,,sustained_power,1,power_monitored_or_summary,,733.5491902448813,tok/s,59.67240969899665,,83.29986365518853,0.08134752310077005,,,,1054.50390625,89.60267111853088,,,60.127429300016956,gpu_board,0,PASS,3,distilgpt2_easy_cuda_nvml_final.csv
text,hard,Qwen3-1.7B,1700.0,Apple M4,cpu,q4_k_m,Q4_K_M,long_single,,,128.0,128.0,1.0,1.0,cpu_scaling_short,0,short_measurement,10.006,19.9,tok/s,,,,,,,,,,,,,,0,PASS,3,qwen3_hard_q4_mac_cpu_scaling.csv
text,hard,Qwen3-1.7B,1700.0,Apple M4,cpu,q4_k_m,Q4_K_M,long_single,,,128.0,128.0,1.0,10.0,cpu_scaling_short,0,short_measurement,5.127,32.09,tok/s,,,,,,,,,,,,,,0,PASS,3,qwen3_hard_q4_mac_cpu_scaling.csv
text,hard,Qwen3-1.7B,1700.0,Apple M4,cpu,q4_k_m,Q4_K_M,long_single,,,128.0,128.0,1.0,2.0,cpu_scaling_short,0,short_measurement,5.345,36.93,tok/s,,,,,,,,,,,,,,0,PASS,3,qwen3_hard_q4_mac_cpu_scaling.csv
text,hard,Qwen3-1.7B,1700.0,Apple M4,cpu,q4_k_m,Q4_K_M,long_single,,,128.0,128.0,1.0,4.0,cpu_scaling_short,0,short_measurement,3.555,54.56,tok/s,,,,,,,,,,,,,,0,PASS,3,qwen3_hard_q4_mac_cpu_scaling.csv
text,hard,Qwen3-1.7B,1700.0,Apple M4,cpu,q4_k_m,Q4_K_M,long_single,,,128.0,128.0,1.0,6.0,cpu_scaling_short,0,short_measurement,3.35,55.08,tok/s,,,,,,,,,,,,,,0,PASS,3,qwen3_hard_q4_mac_cpu_scaling.csv
text,hard,Qwen3-1.7B,1700.0,Apple M4,cpu,q4_k_m,Q4_K_M,long_single,,,128.0,128.0,1.0,8.0,cpu_scaling_short,0,short_measurement,3.066,58.56,tok/s,,,,,,,,,,,,,,0,PASS,3,qwen3_hard_q4_mac_cpu_scaling.csv
text,hard,Qwen3-1.7B,1700.0,Apple M4,cpu,q4_k_m,Q4_K_M,batch,,,128.0,64.0,4.0,1.0,cpu_scaling_short,0,short_measurement,22.833,30.79,tok/s,,,,,,,,,,,,,,0,PASS,3,qwen3_hard_q4_mac_cpu_scaling.csv
text,hard,Qwen3-1.7B,1700.0,Apple M4,cpu,q4_k_m,Q4_K_M,batch,,,128.0,64.0,4.0,10.0,cpu_scaling_short,0,short_measurement,5.988,84.94,tok/s,,,,,,,,,,,,,,0,PASS,3,qwen3_hard_q4_mac_cpu_scaling.csv
text,hard,Qwen3-1.7B,1700.0,Apple M4,cpu,q4_k_m,Q4_K_M,batch,,,128.0,64.0,4.0,2.0,cpu_scaling_short,0,short_measurement,11.976,56.14,tok/s,,,,,,,,,,,,,,0,PASS,3,qwen3_hard_q4_mac_cpu_scaling.csv
text,hard,Qwen3-1.7B,1700.0,Apple M4,cpu,q4_k_m,Q4_K_M,batch,,,128.0,64.0,4.0,4.0,cpu_scaling_short,0,short_measurement,7.172,88.5,tok/s,,,,,,,,,,,,,,0,PASS,3,qwen3_hard_q4_mac_cpu_scaling.csv
text,hard,Qwen3-1.7B,1700.0,Apple M4,cpu,q4_k_m,Q4_K_M,batch,,,128.0,64.0,4.0,6.0,cpu_scaling_short,0,short_measurement,6.825,89.23,tok/s,,,,,,,,,,,,,,0,PASS,3,qwen3_hard_q4_mac_cpu_scaling.csv
text,hard,Qwen3-1.7B,1700.0,Apple M4,cpu,q4_k_m,Q4_K_M,batch,,,128.0,64.0,4.0,8.0,cpu_scaling_short,0,short_measurement,6.282,94.87,tok/s,,,,,,,,,,,,,,0,PASS,3,qwen3_hard_q4_mac_cpu_scaling.csv
text,hard,Qwen3-1.7B,1700.0,Apple M4,llama.cpp/metal,q4_k_m,Q4_K_M,q4_grid,,,1024.0,64.0,1.0,,short_sweep,0,short_measurement,,72.72,tok/s,,,,,,,,,,,,,,0,PASS,1,qwen3_hard_q4_cross_device.csv
text,hard,Qwen3-1.7B,1700.0,Apple M4,llama.cpp/metal,q4_k_m,Q4_K_M,q4_grid,,,1024.0,128.0,1.0,,short_sweep,0,short_measurement,,72.38,tok/s,,,,,,,,,,,,,,0,PASS,1,qwen3_hard_q4_cross_device.csv
text,hard,Qwen3-1.7B,1700.0,Apple M4,llama.cpp/metal,q4_k_m,Q4_K_M,q4_grid,,,1024.0,64.0,2.0,,short_sweep,0,short_measurement,,105.34,tok/s,,,,,,,,,,,,,,0,PASS,1,qwen3_hard_q4_cross_device.csv
text,hard,Qwen3-1.7B,1700.0,Apple M4,llama.cpp/metal,q4_k_m,Q4_K_M,q4_grid,,,1024.0,128.0,2.0,,short_sweep,0,short_measurement,,104.92,tok/s,,,,,,,,,,,,,,0,PASS,1,qwen3_hard_q4_cross_device.csv
text,hard,Qwen3-1.7B,1700.0,Apple M4,llama.cpp/metal,q4_k_m,Q4_K_M,q4_grid,,,1024.0,64.0,4.0,,short_sweep,0,short_measurement,,91.62,tok/s,,,,,,,,,,,,,,0,PASS,1,qwen3_hard_q4_cross_device.csv
text,hard,Qwen3-1.7B,1700.0,Apple M4,llama.cpp/metal,q4_k_m,Q4_K_M,q4_grid,,,1024.0,128.0,4.0,,short_sweep,0,short_measurement,,91.46,tok/s,,,,,,,,,,,,,,0,PASS,1,qwen3_hard_q4_cross_device.csv
text,hard,Qwen3-1.7B,1700.0,Apple M4,llama.cpp/metal,q4_k_m,Q4_K_M,q4_grid,,,128.0,64.0,1.0,,short_sweep,0,short_measurement,,76.19,tok/s,,,,,,,,,,,,,,0,PASS,1,qwen3_hard_q4_cross_device.csv
text,hard,Qwen3-1.7B,1700.0,Apple M4,llama.cpp/metal,q4_k_m,Q4_K_M,q4_grid,,,128.0,128.0,1.0,,short_sweep,0,short_measurement,,72.66,tok/s,,,,,,,,,,,,,,0,PASS,1,qwen3_hard_q4_cross_device.csv
text,hard,Qwen3-1.7B,1700.0,Apple M4,llama.cpp/metal,q4_k_m,Q4_K_M,q4_grid,,,128.0,64.0,2.0,,short_sweep,0,short_measurement,,112.18,tok/s,,,,,,,,,,,,,,0,PASS,1,qwen3_hard_q4_cross_device.csv
text,hard,Qwen3-1.7B,1700.0,Apple M4,llama.cpp/metal,q4_k_m,Q4_K_M,q4_grid,,,128.0,128.0,2.0,,short_sweep,0,short_measurement,,119.03,tok/s,,,,,,,,,,,,,,0,PASS,1,qwen3_hard_q4_cross_device.csv
text,hard,Qwen3-1.7B,1700.0,Apple M4,llama.cpp/metal,q4_k_m,Q4_K_M,q4_grid,,,128.0,64.0,4.0,,short_sweep,0,short_measurement,,98.21,tok/s,,,,,,,,,,,,,,0,PASS,1,qwen3_hard_q4_cross_device.csv
text,hard,Qwen3-1.7B,1700.0,Apple M4,llama.cpp/metal,q4_k_m,Q4_K_M,q4_grid,,,128.0,128.0,4.0,,short_sweep,0,short_measurement,,102.99,tok/s,,,,,,,,,,,,,,0,PASS,1,qwen3_hard_q4_cross_device.csv
text,hard,Qwen3-1.7B,1700.0,Apple M4,llama.cpp/metal,q4_k_m,Q4_K_M,q4_grid,,,512.0,64.0,1.0,,short_sweep,0,short_measurement,,75.83,tok/s,,,,,,,,,,,,,,0,PASS,1,qwen3_hard_q4_cross_device.csv
text,hard,Qwen3-1.7B,1700.0,Apple M4,llama.cpp/metal,q4_k_m,Q4_K_M,q4_grid,,,512.0,128.0,1.0,,short_sweep,0,short_measurement,,75.81,tok/s,,,,,,,,,,,,,,0,PASS,1,qwen3_hard_q4_cross_device.csv
text,hard,Qwen3-1.7B,1700.0,Apple M4,llama.cpp/metal,q4_k_m,Q4_K_M,q4_grid,,,512.0,64.0,2.0,,short_sweep,0,short_measurement,,113.27,tok/s,,,,,,,,,,,,,,0,PASS,1,qwen3_hard_q4_cross_device.csv
text,hard,Qwen3-1.7B,1700.0,Apple M4,llama.cpp/metal,q4_k_m,Q4_K_M,q4_grid,,,512.0,128.0,2.0,,short_sweep,0,short_measurement,,112.75,tok/s,,,,,,,,,,,,,,0,PASS,1,qwen3_hard_q4_cross_device.csv
text,hard,Qwen3-1.7B,1700.0,Apple M4,llama.cpp/metal,q4_k_m,Q4_K_M,q4_grid,,,512.0,64.0,4.0,,short_sweep,0,short_measurement,,97.86,tok/s,,,,,,,,,,,,,,0,PASS,1,qwen3_hard_q4_cross_device.csv
text,hard,Qwen3-1.7B,1700.0,Apple M4,llama.cpp/metal,q4_k_m,Q4_K_M,q4_grid,,,512.0,128.0,4.0,,short_sweep,0,short_measurement,,97.55,tok/s,,,,,,,,,,,,,,0,PASS,1,qwen3_hard_q4_cross_device.csv
text,hard,Qwen3-1.7B,1700.0,Apple M4,cpu,q4_k_m,Q4_K_M,long_single,,,,,,1.0,sustained_power,1,power_monitored_or_summary,9.979,20.08,tok/s,8.894736842105264,,88.76057894736842,0.6934420230263157,,,,,,,,,combined_soc,0,PASS,3,qwen3_hard_q4_mac_cpu_power.csv
text,hard,Qwen3-1.7B,1700.0,Apple M4,cpu,q4_k_m,Q4_K_M,batch,,,,,,1.0,sustained_power,1,power_monitored_or_summary,23.589,30.14,tok/s,10.754739130434782,,253.96240982608694,0.9920406633831521,,,,,,,,,combined_soc,0,PASS,3,qwen3_hard_q4_mac_cpu_power.csv
text,hard,Qwen3-1.7B,1700.0,Apple M4,cpu,q4_k_m,Q4_K_M,long_single,,,,,,4.0,sustained_power,1,power_monitored_or_summary,3.446,53.98,tok/s,24.485500000000002,,88.78446699999999,0.6936286484374999,,,,,,,,,combined_soc,0,PASS,3,qwen3_hard_q4_mac_cpu_power.csv
text,hard,Qwen3-1.7B,1700.0,Apple M4,cpu,q4_k_m,Q4_K_M,batch,,,,,,4.0,sustained_power,1,power_monitored_or_summary,7.699,81.22,tok/s,21.15,,165.43529999999998,0.6462316406249999,,,,,,,,,combined_soc,0,PASS,3,qwen3_hard_q4_mac_cpu_power.csv
text,hard,Qwen3-1.7B,1700.0,Apple M4,cpu,q4_k_m,Q4_K_M,long_single,,,,,,8.0,sustained_power,1,power_monitored_or_summary,3.229,59.6,tok/s,23.2898,,75.2027642,0.5875215953125,,,,,,,,,combined_soc,0,PASS,3,qwen3_hard_q4_mac_cpu_power.csv
text,hard,Qwen3-1.7B,1700.0,Apple M4,cpu,q4_k_m,Q4_K_M,batch,,,,,,8.0,sustained_power,1,power_monitored_or_summary,6.092,98.74,tok/s,22.926909090909092,,140.14756763636362,0.5474514360795454,,,,,,,,,combined_soc,0,PASS,3,qwen3_hard_q4_mac_cpu_power.csv
text,hard,Qwen3-1.7B,1700.0,Apple M4,llama.cpp/metal,q4_k_m,Q4_K_M,grid,heavy,,1024.0,128.0,4.0,,sustained_power,1,power_monitored_or_summary,9.553,91.29,tok/s,17.194303370786518,,164.50184820879122,0.32129267228279534,,,,,,,,,combined_soc,0,PASS,3,qwen3_hard_q4_mac_accel_power_synced.csv
text,hard,Qwen3-1.7B,1700.0,Apple M4,llama.cpp/metal,q4_k_m,Q4_K_M,grid,light,,128.0,64.0,1.0,,sustained_power,1,power_monitored_or_summary,1.012,72.22,tok/s,13.439375,,14.0307075,0.2192298046875,,,,,,,,,combined_soc,0,PASS,3,qwen3_hard_q4_mac_accel_power_synced.csv
text,hard,Qwen3-1.7B,1700.0,Apple M4,llama.cpp/metal,q4_k_m,Q4_K_M,grid,medium,,512.0,128.0,2.0,,sustained_power,1,power_monitored_or_summary,3.223,113.38,tok/s,16.3523,,52.80516744827587,0.2062701853448276,,,,,,,,,combined_soc,0,PASS,3,qwen3_hard_q4_mac_accel_power_synced.csv
text,hard,Qwen3-1.7B,1700.0,Intel i7-11800H,cpu,q4_k_m,Q4_K_M,long_single,,,128.0,128.0,1.0,1.0,cpu_scaling_short,0,short_measurement,15.285,9.13,tok/s,,,,,,,,,,,,,,0,PASS,3,qwen3_hard_q4_msi_cpu_scaling.csv
text,hard,Qwen3-1.7B,1700.0,Intel i7-11800H,cpu,q4_k_m,Q4_K_M,long_single,,,128.0,128.0,1.0,16.0,cpu_scaling_short,0,short_measurement,8.006,17.89,tok/s,,,,,,,,,,,,,,0,PASS,3,qwen3_hard_q4_msi_cpu_scaling.csv
text,hard,Qwen3-1.7B,1700.0,Intel i7-11800H,cpu,q4_k_m,Q4_K_M,long_single,,,128.0,128.0,1.0,2.0,cpu_scaling_short,0,short_measurement,9.846,15.17,tok/s,,,,,,,,,,,,,,0,PASS,3,qwen3_hard_q4_msi_cpu_scaling.csv
text,hard,Qwen3-1.7B,1700.0,Intel i7-11800H,cpu,q4_k_m,Q4_K_M,long_single,,,128.0,128.0,1.0,4.0,cpu_scaling_short,0,short_measurement,7.994,18.23,tok/s,,,,,,,,,,,,,,0,PASS,3,qwen3_hard_q4_msi_cpu_scaling.csv
text,hard,Qwen3-1.7B,1700.0,Intel i7-11800H,cpu,q4_k_m,Q4_K_M,long_single,,,128.0,128.0,1.0,8.0,cpu_scaling_short,0,short_measurement,7.617,19.09,tok/s,,,,,,,,,,,,,,0,PASS,3,qwen3_hard_q4_msi_cpu_scaling.csv
text,hard,Qwen3-1.7B,1700.0,Intel i7-11800H,cpu,q4_k_m,Q4_K_M,batch,,,128.0,64.0,4.0,1.0,cpu_scaling_short,0,short_measurement,42.479,6.43,tok/s,,,,,,,,,,,,,,0,PASS,3,qwen3_hard_q4_msi_cpu_scaling.csv
text,hard,Qwen3-1.7B,1700.0,Intel i7-11800H,cpu,q4_k_m,Q4_K_M,batch,,,128.0,64.0,4.0,16.0,cpu_scaling_short,0,short_measurement,7.361,48.85,tok/s,,,,,,,,,,,,,,0,PASS,3,qwen3_hard_q4_msi_cpu_scaling.csv
text,hard,Qwen3-1.7B,1700.0,Intel i7-11800H,cpu,q4_k_m,Q4_K_M,batch,,,128.0,64.0,4.0,2.0,cpu_scaling_short,0,short_measurement,18.887,16.32,tok/s,,,,,,,,,,,,,,0,PASS,3,qwen3_hard_q4_msi_cpu_scaling.csv
text,hard,Qwen3-1.7B,1700.0,Intel i7-11800H,cpu,q4_k_m,Q4_K_M,batch,,,128.0,64.0,4.0,4.0,cpu_scaling_short,0,short_measurement,11.533,28.83,tok/s,,,,,,,,,,,,,,0,PASS,3,qwen3_hard_q4_msi_cpu_scaling.csv
text,hard,Qwen3-1.7B,1700.0,Intel i7-11800H,cpu,q4_k_m,Q4_K_M,batch,,,128.0,64.0,4.0,8.0,cpu_scaling_short,0,short_measurement,7.961,44.08,tok/s,,,,,,,,,,,,,,0,PASS,3,qwen3_hard_q4_msi_cpu_scaling.csv
text,hard,Qwen3-1.7B,1700.0,Intel i7-11800H,cpu,q4_k_m,Q4_K_M,long_single,,,,,,1.0,sustained_power,1,power_monitored_or_summary,14.987,9.2,tok/s,21.85,,326.2642,2.5489390625,,,,,,,,,cpu_package,0,PASS,3,qwen3_hard_q4_msi_cpu_power.csv
text,hard,Qwen3-1.7B,1700.0,Intel i7-11800H,cpu,q4_k_m,Q4_K_M,batch,,,,,,1.0,sustained_power,1,power_monitored_or_summary,34.389,7.92,tok/s,19.085,,705.0256363636365,2.754006392045455,,,,,,,,,cpu_package,0,PASS,3,qwen3_hard_q4_msi_cpu_power.csv
text,hard,Qwen3-1.7B,1700.0,Intel i7-11800H,cpu,q4_k_m,Q4_K_M,long_single,,,,,,16.0,sustained_power,1,power_monitored_or_summary,7.946,18.03,tok/s,40.480000000000004,,324.2448,2.5331625,,,,,,,,,cpu_package,0,PASS,3,qwen3_hard_q4_msi_cpu_power.csv
text,hard,Qwen3-1.7B,1700.0,Intel i7-11800H,cpu,q4_k_m,Q4_K_M,batch,,,,,,16.0,sustained_power,1,power_monitored_or_summary,7.253,49.05,tok/s,38.45,,280.6911,1.096449609375,,,,,,,,,cpu_package,0,PASS,3,qwen3_hard_q4_msi_cpu_power.csv
text,hard,Qwen3-1.7B,1700.0,Intel i7-11800H,cpu,q4_k_m,Q4_K_M,long_single,,,,,,4.0,sustained_power,1,power_monitored_or_summary,8.002,18.17,tok/s,33.839999999999996,,270.11087999999995,2.1102412499999996,,,,,,,,,cpu_package,0,PASS,3,qwen3_hard_q4_msi_cpu_power.csv
text,hard,Qwen3-1.7B,1700.0,Intel i7-11800H,cpu,q4_k_m,Q4_K_M,batch,,,,,,4.0,sustained_power,1,power_monitored_or_summary,11.54,29.41,tok/s,33.31428571428572,,391.7066,1.53010390625,,,,,,,,,cpu_package,0,PASS,3,qwen3_hard_q4_msi_cpu_power.csv
text,hard,Qwen3-1.7B,1700.0,Intel i7-11800H,cpu,q4_k_m,Q4_K_M,long_single,,,,,,8.0,sustained_power,1,power_monitored_or_summary,7.544,19.27,tok/s,40.2,,304.14312,2.376118125,,,,,,,,,cpu_package,0,PASS,3,qwen3_hard_q4_msi_cpu_power.csv
text,hard,Qwen3-1.7B,1700.0,Intel i7-11800H,cpu,q4_k_m,Q4_K_M,batch,,,,,,8.0,sustained_power,1,power_monitored_or_summary,8.026,43.92,tok/s,37.6,,301.7776,1.17881875,,,,,,,,,cpu_package,0,PASS,3,qwen3_hard_q4_msi_cpu_power.csv
text,hard,Qwen3-1.7B,1700.0,RTX 3050 Laptop,llama.cpp/cuda,q4_k_m,Q4_K_M,q4_grid,,,1024.0,64.0,1.0,,short_sweep,0,short_measurement,,109.15,tok/s,,,,,,,,,,,,,,0,PASS,1,qwen3_hard_q4_cross_device.csv
text,hard,Qwen3-1.7B,1700.0,RTX 3050 Laptop,llama.cpp/cuda,q4_k_m,Q4_K_M,q4_grid,,,1024.0,128.0,1.0,,short_sweep,0,short_measurement,,109.8,tok/s,,,,,,,,,,,,,,0,PASS,1,qwen3_hard_q4_cross_device.csv
text,hard,Qwen3-1.7B,1700.0,RTX 3050 Laptop,llama.cpp/cuda,q4_k_m,Q4_K_M,q4_grid,,,1024.0,64.0,2.0,,short_sweep,0,short_measurement,,194.63,tok/s,,,,,,,,,,,,,,0,PASS,1,qwen3_hard_q4_cross_device.csv
text,hard,Qwen3-1.7B,1700.0,RTX 3050 Laptop,llama.cpp/cuda,q4_k_m,Q4_K_M,q4_grid,,,1024.0,128.0,2.0,,short_sweep,0,short_measurement,,194.7,tok/s,,,,,,,,,,,,,,0,PASS,1,qwen3_hard_q4_cross_device.csv
text,hard,Qwen3-1.7B,1700.0,RTX 3050 Laptop,llama.cpp/cuda,q4_k_m,Q4_K_M,q4_grid,,,1024.0,64.0,4.0,,short_sweep,0,short_measurement,,252.51,tok/s,,,,,,,,,,,,,,0,PASS,1,qwen3_hard_q4_cross_device.csv
text,hard,Qwen3-1.7B,1700.0,RTX 3050 Laptop,llama.cpp/cuda,q4_k_m,Q4_K_M,q4_grid,,,1024.0,128.0,4.0,,short_sweep,0,short_measurement,,250.55,tok/s,,,,,,,,,,,,,,0,PASS,1,qwen3_hard_q4_cross_device.csv
text,hard,Qwen3-1.7B,1700.0,RTX 3050 Laptop,llama.cpp/cuda,q4_k_m,Q4_K_M,q4_grid,,,128.0,64.0,1.0,,short_sweep,0,short_measurement,,117.88,tok/s,,,,,,,,,,,,,,0,PASS,1,qwen3_hard_q4_cross_device.csv
text,hard,Qwen3-1.7B,1700.0,RTX 3050 Laptop,llama.cpp/cuda,q4_k_m,Q4_K_M,q4_grid,,,128.0,128.0,1.0,,short_sweep,0,short_measurement,,119.7,tok/s,,,,,,,,,,,,,,0,PASS,1,qwen3_hard_q4_cross_device.csv
text,hard,Qwen3-1.7B,1700.0,RTX 3050 Laptop,llama.cpp/cuda,q4_k_m,Q4_K_M,q4_grid,,,128.0,64.0,2.0,,short_sweep,0,short_measurement,,223.4,tok/s,,,,,,,,,,,,,,0,PASS,1,qwen3_hard_q4_cross_device.csv
text,hard,Qwen3-1.7B,1700.0,RTX 3050 Laptop,llama.cpp/cuda,q4_k_m,Q4_K_M,q4_grid,,,128.0,128.0,2.0,,short_sweep,0,short_measurement,,222.87,tok/s,,,,,,,,,,,,,,0,PASS,1,qwen3_hard_q4_cross_device.csv
text,hard,Qwen3-1.7B,1700.0,RTX 3050 Laptop,llama.cpp/cuda,q4_k_m,Q4_K_M,q4_grid,,,128.0,64.0,4.0,,short_sweep,0,short_measurement,,300.64,tok/s,,,,,,,,,,,,,,0,PASS,1,qwen3_hard_q4_cross_device.csv
text,hard,Qwen3-1.7B,1700.0,RTX 3050 Laptop,llama.cpp/cuda,q4_k_m,Q4_K_M,q4_grid,,,128.0,128.0,4.0,,short_sweep,0,short_measurement,,299.03,tok/s,,,,,,,,,,,,,,0,PASS,1,qwen3_hard_q4_cross_device.csv
text,hard,Qwen3-1.7B,1700.0,RTX 3050 Laptop,llama.cpp/cuda,q4_k_m,Q4_K_M,q4_grid,,,512.0,64.0,1.0,,short_sweep,0,short_measurement,,114.82,tok/s,,,,,,,,,,,,,,0,PASS,1,qwen3_hard_q4_cross_device.csv
text,hard,Qwen3-1.7B,1700.0,RTX 3050 Laptop,llama.cpp/cuda,q4_k_m,Q4_K_M,q4_grid,,,512.0,128.0,1.0,,short_sweep,0,short_measurement,,113.83,tok/s,,,,,,,,,,,,,,0,PASS,1,qwen3_hard_q4_cross_device.csv
text,hard,Qwen3-1.7B,1700.0,RTX 3050 Laptop,llama.cpp/cuda,q4_k_m,Q4_K_M,q4_grid,,,512.0,64.0,2.0,,short_sweep,0,short_measurement,,208.36,tok/s,,,,,,,,,,,,,,0,PASS,1,qwen3_hard_q4_cross_device.csv
text,hard,Qwen3-1.7B,1700.0,RTX 3050 Laptop,llama.cpp/cuda,q4_k_m,Q4_K_M,q4_grid,,,512.0,128.0,2.0,,short_sweep,0,short_measurement,,207.74,tok/s,,,,,,,,,,,,,,0,PASS,1,qwen3_hard_q4_cross_device.csv
text,hard,Qwen3-1.7B,1700.0,RTX 3050 Laptop,llama.cpp/cuda,q4_k_m,Q4_K_M,q4_grid,,,512.0,64.0,4.0,,short_sweep,0,short_measurement,,274.67,tok/s,,,,,,,,,,,,,,0,PASS,1,qwen3_hard_q4_cross_device.csv
text,hard,Qwen3-1.7B,1700.0,RTX 3050 Laptop,llama.cpp/cuda,q4_k_m,Q4_K_M,q4_grid,,,512.0,128.0,4.0,,short_sweep,0,short_measurement,,273.17,tok/s,,,,,,,,,,,,,,0,PASS,1,qwen3_hard_q4_cross_device.csv
text,hard,Qwen3-1.7B,1700.0,RTX 3050 Laptop,llama.cpp/cuda,q4_k_m,Q4_K_M,grid,heavy,,1024.0,128.0,4.0,,sustained_power,1,power_monitored_or_summary,,235.5,tok/s,59.3301153262519,,188.05775946299423,0.3673003114511606,,,2464.50390625,,96.58006042296073,86.0,,66.50425020000012,gpu_board,0,PASS,3,qwen3_hard_q4_cuda_nvml_power.csv
text,hard,Qwen3-1.7B,1700.0,RTX 3050 Laptop,llama.cpp/cuda,q4_k_m,Q4_K_M,grid,light,,128.0,64.0,1.0,,sustained_power,1,power_monitored_or_summary,,112.8,tok/s,59.27207266982622,,35.91476159642832,0.5611681499441925,,,2460.50390625,,97.0995260663507,80.0,,63.62271129999999,gpu_board,0,PASS,3,qwen3_hard_q4_cuda_nvml_power.csv
text,hard,Qwen3-1.7B,1700.0,RTX 3050 Laptop,llama.cpp/cuda,q4_k_m,Q4_K_M,grid,medium,,512.0,128.0,2.0,,sustained_power,1,power_monitored_or_summary,,191.8,tok/s,59.34325,,93.99780719584281,0.367178934358761,,,2470.50390625,,95.95468277945619,85.0,,66.52201420000029,gpu_board,0,PASS,3,qwen3_hard_q4_cuda_nvml_power.csv
text,medium,Qwen2.5-1.5B-Instruct,1500.0,Apple M4,cpu,fp32,none,long_single,,,128.0,128.0,1.0,1.0,cpu_scaling_short,0,short_measurement,12.185855749998154,10.503981224299277,tok/s,,,,,,,,,,,,,,0,PASS,3,qwen25_medium_mac_cpu_scaling.csv
text,medium,Qwen2.5-1.5B-Instruct,1500.0,Apple M4,cpu,fp32,none,long_single,,,128.0,128.0,1.0,10.0,cpu_scaling_short,0,short_measurement,12.464138874998753,10.269461956714022,tok/s,,,,,,,,,,,,,,0,PASS,3,qwen25_medium_mac_cpu_scaling.csv
text,medium,Qwen2.5-1.5B-Instruct,1500.0,Apple M4,cpu,fp32,none,long_single,,,128.0,128.0,1.0,2.0,cpu_scaling_short,0,short_measurement,12.18164470800184,10.50761231904258,tok/s,,,,,,,,,,,,,,0,PASS,3,qwen25_medium_mac_cpu_scaling.csv
text,medium,Qwen2.5-1.5B-Instruct,1500.0,Apple M4,cpu,fp32,none,long_single,,,128.0,128.0,1.0,4.0,cpu_scaling_short,0,short_measurement,12.148011042001599,10.53670428496003,tok/s,,,,,,,,,,,,,,0,PASS,3,qwen25_medium_mac_cpu_scaling.csv
text,medium,Qwen2.5-1.5B-Instruct,1500.0,Apple M4,cpu,fp32,none,long_single,,,128.0,128.0,1.0,6.0,cpu_scaling_short,0,short_measurement,12.365364833000058,10.35149400997859,tok/s,,,,,,,,,,,,,,0,PASS,3,qwen25_medium_mac_cpu_scaling.csv
text,medium,Qwen2.5-1.5B-Instruct,1500.0,Apple M4,cpu,fp32,none,long_single,,,128.0,128.0,1.0,8.0,cpu_scaling_short,0,short_measurement,12.385020249999798,10.335065863134304,tok/s,,,,,,,,,,,,,,0,PASS,3,qwen25_medium_mac_cpu_scaling.csv
text,medium,Qwen2.5-1.5B-Instruct,1500.0,Apple M4,cpu,fp32,none,batch4,,,128.0,64.0,4.0,1.0,cpu_scaling_short,0,short_measurement,11.58086083300077,22.10543790237972,tok/s,,,,,,,,,,,,,,0,PASS,3,qwen25_medium_mac_cpu_scaling.csv
text,medium,Qwen2.5-1.5B-Instruct,1500.0,Apple M4,cpu,fp32,none,batch4,,,128.0,64.0,4.0,10.0,cpu_scaling_short,0,short_measurement,11.708707541998592,21.864069888306616,tok/s,,,,,,,,,,,,,,0,PASS,3,qwen25_medium_mac_cpu_scaling.csv
text,medium,Qwen2.5-1.5B-Instruct,1500.0,Apple M4,cpu,fp32,none,batch4,,,128.0,64.0,4.0,2.0,cpu_scaling_short,0,short_measurement,11.474827583999286,22.30970340303598,tok/s,,,,,,,,,,,,,,0,PASS,3,qwen25_medium_mac_cpu_scaling.csv
text,medium,Qwen2.5-1.5B-Instruct,1500.0,Apple M4,cpu,fp32,none,batch4,,,128.0,64.0,4.0,4.0,cpu_scaling_short,0,short_measurement,11.426578375001554,22.4039070663588,tok/s,,,,,,,,,,,,,,0,PASS,3,qwen25_medium_mac_cpu_scaling.csv
text,medium,Qwen2.5-1.5B-Instruct,1500.0,Apple M4,cpu,fp32,none,batch4,,,128.0,64.0,4.0,6.0,cpu_scaling_short,0,short_measurement,11.583751082998788,22.099922396962196,tok/s,,,,,,,,,,,,,,0,PASS,3,qwen25_medium_mac_cpu_scaling.csv
text,medium,Qwen2.5-1.5B-Instruct,1500.0,Apple M4,cpu,fp32,none,batch4,,,128.0,64.0,4.0,8.0,cpu_scaling_short,0,short_measurement,11.776269666999724,21.738632626372414,tok/s,,,,,,,,,,,,,,0,PASS,3,qwen25_medium_mac_cpu_scaling.csv
text,medium,Qwen2.5-1.5B-Instruct,1500.0,Apple M4,mps,fp16,none,grid,,,1024.0,64.0,1.0,,short_sweep,0,short_measurement,3.4440209999993385,18.58292966274372,tok/s,,,,,,2968.80078125,,,,,,,,0,PASS,3,qwen25_medium_mps_sweep.csv
text,medium,Qwen2.5-1.5B-Instruct,1500.0,Apple M4,mps,fp16,none,grid,,,1024.0,128.0,1.0,,short_sweep,0,short_measurement,6.297639291000451,20.325076442996114,tok/s,,,,,,2968.80126953125,,,,,,,,0,PASS,3,qwen25_medium_mps_sweep.csv
text,medium,Qwen2.5-1.5B-Instruct,1500.0,Apple M4,mps,fp16,none,grid,,,1024.0,64.0,2.0,,short_sweep,0,short_measurement,4.467112333000841,28.653857449341178,tok/s,,,,,,2968.82470703125,,,,,,,,0,PASS,3,qwen25_medium_mps_sweep.csv
text,medium,Qwen2.5-1.5B-Instruct,1500.0,Apple M4,mps,fp16,none,grid,,,1024.0,128.0,2.0,,short_sweep,0,short_measurement,7.520629624999856,34.03970315849784,tok/s,,,,,,2968.82568359375,,,,,,,,0,PASS,3,qwen25_medium_mps_sweep.csv
text,medium,Qwen2.5-1.5B-Instruct,1500.0,Apple M4,mps,fp16,none,grid,,,1024.0,64.0,4.0,,short_sweep,0,short_measurement,6.416348542001288,39.898081958021635,tok/s,,,,,,2968.87255859375,,,,,,,,0,PASS,3,qwen25_medium_mps_sweep.csv
text,medium,Qwen2.5-1.5B-Instruct,1500.0,Apple M4,mps,fp16,none,grid,,,1024.0,128.0,4.0,,short_sweep,0,short_measurement,9.783171584000229,52.334766451131685,tok/s,,,,,,2968.87451171875,,,,,,,,0,PASS,3,qwen25_medium_mps_sweep.csv
text,medium,Qwen2.5-1.5B-Instruct,1500.0,Apple M4,mps,fp16,none,grid,,,128.0,64.0,1.0,,short_sweep,0,short_measurement,2.9199263749997044,21.91836086963202,tok/s,,,,,,2968.7802734375,,,,,,,,0,PASS,3,qwen25_medium_mps_sweep.csv
text,medium,Qwen2.5-1.5B-Instruct,1500.0,Apple M4,mps,fp16,none,grid,,,128.0,128.0,1.0,,short_sweep,0,short_measurement,5.120759750001525,24.996290833593953,tok/s,,,,,,2968.78076171875,,,,,,,,0,PASS,3,qwen25_medium_mps_sweep.csv
text,medium,Qwen2.5-1.5B-Instruct,1500.0,Apple M4,mps,fp16,none,grid,,,128.0,64.0,2.0,,short_sweep,0,short_measurement,2.759680084000138,46.38218782753429,tok/s,,,,,,2968.78369140625,,,,,,,,0,PASS,3,qwen25_medium_mps_sweep.csv
text,medium,Qwen2.5-1.5B-Instruct,1500.0,Apple M4,mps,fp16,none,grid,,,128.0,128.0,2.0,,short_sweep,0,short_measurement,5.330343999999968,48.02691908814919,tok/s,,,,,,2968.78466796875,,,,,,,,0,PASS,3,qwen25_medium_mps_sweep.csv
text,medium,Qwen2.5-1.5B-Instruct,1500.0,Apple M4,mps,fp16,none,grid,,,128.0,64.0,4.0,,short_sweep,0,short_measurement,3.0369162499991944,84.29603549326325,tok/s,,,,,,2968.79052734375,,,,,,,,0,PASS,3,qwen25_medium_mps_sweep.csv
text,medium,Qwen2.5-1.5B-Instruct,1500.0,Apple M4,mps,fp16,none,grid,,,128.0,128.0,4.0,,short_sweep,0,short_measurement,5.712339624999004,89.63052507580714,tok/s,,,,,,2968.79248046875,,,,,,,,0,PASS,3,qwen25_medium_mps_sweep.csv
text,medium,Qwen2.5-1.5B-Instruct,1500.0,Apple M4,mps,fp16,none,grid,,,512.0,64.0,1.0,,short_sweep,0,short_measurement,2.9578307089996088,21.63747905019417,tok/s,,,,,,2968.7890625,,,,,,,,0,PASS,3,qwen25_medium_mps_sweep.csv
text,medium,Qwen2.5-1.5B-Instruct,1500.0,Apple M4,mps,fp16,none,grid,,,512.0,128.0,1.0,,short_sweep,0,short_measurement,5.52056283300044,23.18604169032375,tok/s,,,,,,2968.78955078125,,,,,,,,0,PASS,3,qwen25_medium_mps_sweep.csv
text,medium,Qwen2.5-1.5B-Instruct,1500.0,Apple M4,mps,fp16,none,grid,,,512.0,64.0,2.0,,short_sweep,0,short_measurement,3.4577485829995567,37.01830741232247,tok/s,,,,,,2968.80126953125,,,,,,,,0,PASS,3,qwen25_medium_mps_sweep.csv
text,medium,Qwen2.5-1.5B-Instruct,1500.0,Apple M4,mps,fp16,none,grid,,,512.0,128.0,2.0,,short_sweep,0,short_measurement,6.099668415999986,41.969494493911945,tok/s,,,,,,2968.80224609375,,,,,,,,0,PASS,3,qwen25_medium_mps_sweep.csv
text,medium,Qwen2.5-1.5B-Instruct,1500.0,Apple M4,mps,fp16,none,grid,,,512.0,64.0,4.0,,short_sweep,0,short_measurement,4.469947875000798,57.2713613578669,tok/s,,,,,,2968.82568359375,,,,,,,,0,PASS,3,qwen25_medium_mps_sweep.csv
text,medium,Qwen2.5-1.5B-Instruct,1500.0,Apple M4,mps,fp16,none,grid,,,512.0,128.0,4.0,,short_sweep,0,short_measurement,7.2474932500008435,70.64511581296614,tok/s,,,,,,2968.82763671875,,,,,,,,0,PASS,3,qwen25_medium_mps_sweep.csv
text,medium,Qwen2.5-1.5B-Instruct,1500.0,Apple M4,mps,fp16,none,grid,heavy,,1024.0,128.0,4.0,,sustained_power,1,power_monitored_or_summary,,53.96,tok/s,11.96,,113.46,0.2216,,,,,,,,,combined_soc,0,PASS,1,qwen25_medium_mps_power_summary.csv
text,medium,Qwen2.5-1.5B-Instruct,1500.0,Apple M4,mps,fp16,none,grid,light,,128.0,64.0,1.0,,sustained_power,1,power_monitored_or_summary,,24.4,tok/s,6.76,,17.71,0.2768,,,,,,,,,combined_soc,0,PASS,1,qwen25_medium_mps_power_summary.csv
text,medium,Qwen2.5-1.5B-Instruct,1500.0,Apple M4,mps,fp16,none,grid,medium,,512.0,128.0,2.0,,sustained_power,1,power_monitored_or_summary,,41.81,tok/s,8.64,,52.93,0.2068,,,,,,,,,combined_soc,0,PASS,1,qwen25_medium_mps_power_summary.csv
text,medium,Qwen2.5-1.5B-Instruct,1500.0,Apple M4,cpu,fp32,none,grid,,,128.0,64.0,4.0,1.0,sustained_power,1,power_monitored_or_summary,,22.01,tok/s,6.56,,76.25,0.2979,,,,,,,,,combined_soc,0,PASS,1,qwen25_medium_mac_cpu_power_summary.csv
text,medium,Qwen2.5-1.5B-Instruct,1500.0,Apple M4,cpu,fp32,none,grid,,,128.0,64.0,4.0,10.0,sustained_power,1,power_monitored_or_summary,,21.76,tok/s,6.73,,79.25,0.3096,,,,,,,,,combined_soc,0,PASS,1,qwen25_medium_mac_cpu_power_summary.csv
text,medium,Qwen2.5-1.5B-Instruct,1500.0,Apple M4,cpu,fp32,none,grid,,,128.0,64.0,4.0,2.0,sustained_power,1,power_monitored_or_summary,,22.23,tok/s,6.67,,76.77,0.2999,,,,,,,,,combined_soc,0,PASS,1,qwen25_medium_mac_cpu_power_summary.csv
text,medium,Qwen2.5-1.5B-Instruct,1500.0,Apple M4,cpu,fp32,none,grid,,,128.0,64.0,4.0,4.0,sustained_power,1,power_monitored_or_summary,,22.33,tok/s,6.74,,77.21,0.3016,,,,,,,,,combined_soc,0,PASS,1,qwen25_medium_mac_cpu_power_summary.csv
text,medium,Qwen2.5-1.5B-Instruct,1500.0,Apple M4,cpu,fp32,none,grid,,,128.0,64.0,4.0,6.0,sustained_power,1,power_monitored_or_summary,,21.97,tok/s,6.73,,78.23,0.3056,,,,,,,,,combined_soc,0,PASS,1,qwen25_medium_mac_cpu_power_summary.csv
text,medium,Qwen2.5-1.5B-Instruct,1500.0,Apple M4,cpu,fp32,none,grid,,,128.0,64.0,4.0,8.0,sustained_power,1,power_monitored_or_summary,,21.91,tok/s,6.75,,78.9,0.3082,,,,,,,,,combined_soc,0,PASS,1,qwen25_medium_mac_cpu_power_summary.csv
text,medium,Qwen2.5-1.5B-Instruct,1500.0,Intel i7-11800H,cpu,fp32,none,long_single,,,128.0,16.0,1.0,1.0,cpu_scaling_short,0,short_measurement,886.8914942000001,0.018040538334886648,tok/s,,,,,,,,,,,,,,0,PASS,1,qwen25_medium_msi_cpu_scaling.csv
text,medium,Qwen2.5-1.5B-Instruct,1500.0,Intel i7-11800H,cpu,fp32,none,long_single,,,128.0,16.0,1.0,16.0,cpu_scaling_short,0,short_measurement,114.7589493000014,0.13942267768741068,tok/s,,,,,,,,,,,,,,0,PASS,1,qwen25_medium_msi_cpu_scaling.csv
text,medium,Qwen2.5-1.5B-Instruct,1500.0,Intel i7-11800H,cpu,fp32,none,long_single,,,128.0,16.0,1.0,2.0,cpu_scaling_short,0,short_measurement,624.2988407999992,0.02562875173610289,tok/s,,,,,,,,,,,,,,0,PASS,1,qwen25_medium_msi_cpu_scaling.csv
text,medium,Qwen2.5-1.5B-Instruct,1500.0,Intel i7-11800H,cpu,fp32,none,long_single,,,128.0,16.0,1.0,4.0,cpu_scaling_short,0,short_measurement,395.2042911000008,0.04048539036726054,tok/s,,,,,,,,,,,,,,0,PASS,1,qwen25_medium_msi_cpu_scaling.csv
text,medium,Qwen2.5-1.5B-Instruct,1500.0,Intel i7-11800H,cpu,fp32,none,long_single,,,128.0,16.0,1.0,8.0,cpu_scaling_short,0,short_measurement,139.9321267000014,0.11434114793597173,tok/s,,,,,,,,,,,,,,0,PASS,1,qwen25_medium_msi_cpu_scaling.csv
text,medium,Qwen2.5-1.5B-Instruct,1500.0,Intel i7-11800H,cpu,fp32,none,batch4,,,128.0,16.0,4.0,1.0,cpu_scaling_short,0,short_measurement,867.7060325000002,0.07375769857863698,tok/s,,,,,,,,,,,,,,0,PASS,1,qwen25_medium_msi_cpu_scaling.csv
text,medium,Qwen2.5-1.5B-Instruct,1500.0,Intel i7-11800H,cpu,fp32,none,batch4,,,128.0,16.0,4.0,16.0,cpu_scaling_short,0,short_measurement,131.79375699999946,0.48560722037843007,tok/s,,,,,,,,,,,,,,0,PASS,1,qwen25_medium_msi_cpu_scaling.csv
text,medium,Qwen2.5-1.5B-Instruct,1500.0,Intel i7-11800H,cpu,fp32,none,batch4,,,128.0,16.0,4.0,2.0,cpu_scaling_short,0,short_measurement,609.3049972999997,0.10503770736101269,tok/s,,,,,,,,,,,,,,0,PASS,1,qwen25_medium_msi_cpu_scaling.csv
text,medium,Qwen2.5-1.5B-Instruct,1500.0,Intel i7-11800H,cpu,fp32,none,batch4,,,128.0,16.0,4.0,4.0,cpu_scaling_short,0,short_measurement,400.3317850000003,0.15986739599005348,tok/s,,,,,,,,,,,,,,0,PASS,1,qwen25_medium_msi_cpu_scaling.csv
text,medium,Qwen2.5-1.5B-Instruct,1500.0,Intel i7-11800H,cpu,fp32,none,batch4,,,128.0,16.0,4.0,8.0,cpu_scaling_short,0,short_measurement,171.1176441000007,0.3740116943323423,tok/s,,,,,,,,,,,,,,0,PASS,1,qwen25_medium_msi_cpu_scaling.csv
text,medium,Qwen2.5-1.5B-Instruct,1500.0,Intel i7-11800H,cpu,fp32,none,grid,,,128.0,16.0,1.0,16.0,sustained_power,1,power_monitored_or_summary,153.0869122999993,0.10451579275859542,tok/s,34.89259259259259,19.63759259259259,5363.637521087493,335.2273450679683,189.26854212193768,,,,,,,,cpu_package,0,PASS,3,qwen25_medium_msi_cpu_power.csv
text,medium,Qwen2.5-1.5B-Instruct,1500.0,Intel i7-11800H,cpu,fp32,none,grid,,,128.0,16.0,1.0,8.0,sustained_power,1,power_monitored_or_summary,189.10006280000016,0.08461128866425731,tok/s,33.214207650273224,17.95920765027322,6311.521116926283,394.4700698078927,217.0937561602054,,,,,,,,cpu_package,0,PASS,3,qwen25_medium_msi_cpu_power.csv
text,medium,Qwen2.5-1.5B-Instruct,1500.0,RTX 3050 Laptop,cuda,fp16,none,grid,,,1024.0,64.0,1.0,,short_sweep,0,short_measurement,2.580068500014022,24.805542953472816,tok/s,,,,,,3047.44384765625,,,,,,,,0,PASS,3,qwen25_medium_cuda_sweep.csv
text,medium,Qwen2.5-1.5B-Instruct,1500.0,RTX 3050 Laptop,cuda,fp16,none,grid,,,1024.0,128.0,1.0,,short_sweep,0,short_measurement,4.898173499997938,26.132189886710606,tok/s,,,,,,3047.4443359375,,,,,,,,0,PASS,3,qwen25_medium_cuda_sweep.csv
text,medium,Qwen2.5-1.5B-Instruct,1500.0,RTX 3050 Laptop,cuda,fp16,none,grid,,,1024.0,64.0,2.0,,short_sweep,0,short_measurement,2.9215650999976788,43.81213343495296,tok/s,,,,,,3142.4833984375,,,,,,,,0,PASS,3,qwen25_medium_cuda_sweep.csv
text,medium,Qwen2.5-1.5B-Instruct,1500.0,RTX 3050 Laptop,cuda,fp16,none,grid,,,1024.0,128.0,2.0,,short_sweep,0,short_measurement,5.302935799991246,48.27514600505301,tok/s,,,,,,3142.484375,,,,,,,,0,PASS,3,qwen25_medium_cuda_sweep.csv
text,medium,Qwen2.5-1.5B-Instruct,1500.0,RTX 3050 Laptop,cuda,fp16,none,grid,,,1024.0,64.0,4.0,,short_sweep,0,short_measurement,3.4076764000055846,75.12450419282196,tok/s,,,,,,3325.5625,,,,,,,,0,PASS,3,qwen25_medium_cuda_sweep.csv
text,medium,Qwen2.5-1.5B-Instruct,1500.0,RTX 3050 Laptop,cuda,fp16,none,grid,,,1024.0,128.0,4.0,,short_sweep,0,short_measurement,5.806265399995027,88.18060572987906,tok/s,,,,,,3325.564453125,,,,,,,,0,PASS,3,qwen25_medium_cuda_sweep.csv
text,medium,Qwen2.5-1.5B-Instruct,1500.0,RTX 3050 Laptop,cuda,fp16,none,grid,,,128.0,64.0,1.0,,short_sweep,0,short_measurement,2.133595899998909,29.99630811065616,tok/s,,,,,,2965.03466796875,,,,,,,,0,PASS,3,qwen25_medium_cuda_sweep.csv
text,medium,Qwen2.5-1.5B-Instruct,1500.0,RTX 3050 Laptop,cuda,fp16,none,grid,,,128.0,128.0,1.0,,short_sweep,0,short_measurement,4.4401610999775585,28.827782847934717,tok/s,,,,,,2965.474609375,,,,,,,,0,PASS,3,qwen25_medium_cuda_sweep.csv
text,medium,Qwen2.5-1.5B-Instruct,1500.0,RTX 3050 Laptop,cuda,fp16,none,grid,,,128.0,64.0,2.0,,short_sweep,0,short_measurement,2.2252583999943454,57.52140964857172,tok/s,,,,,,2976.6650390625,,,,,,,,0,PASS,3,qwen25_medium_cuda_sweep.csv
text,medium,Qwen2.5-1.5B-Instruct,1500.0,RTX 3050 Laptop,cuda,fp16,none,grid,,,128.0,128.0,2.0,,short_sweep,0,short_measurement,4.574752199987415,55.95931512983462,tok/s,,,,,,2978.6015625,,,,,,,,0,PASS,3,qwen25_medium_cuda_sweep.csv
text,medium,Qwen2.5-1.5B-Instruct,1500.0,RTX 3050 Laptop,cuda,fp16,none,grid,,,128.0,64.0,4.0,,short_sweep,0,short_measurement,2.3398884999915026,109.40692259521326,tok/s,,,,,,3000.92578125,,,,,,,,0,PASS,3,qwen25_medium_cuda_sweep.csv
text,medium,Qwen2.5-1.5B-Instruct,1500.0,RTX 3050 Laptop,cuda,fp16,none,grid,,,128.0,128.0,4.0,,short_sweep,0,short_measurement,4.684817100001965,109.28921856944751,tok/s,,,,,,3000.927734375,,,,,,,,0,PASS,3,qwen25_medium_cuda_sweep.csv
text,medium,Qwen2.5-1.5B-Instruct,1500.0,RTX 3050 Laptop,cuda,fp16,none,grid,,,512.0,64.0,1.0,,short_sweep,0,short_measurement,2.391606299992418,26.760257321701694,tok/s,,,,,,3000.92431640625,,,,,,,,0,PASS,3,qwen25_medium_cuda_sweep.csv
text,medium,Qwen2.5-1.5B-Instruct,1500.0,RTX 3050 Laptop,cuda,fp16,none,grid,,,512.0,128.0,1.0,,short_sweep,0,short_measurement,4.728966499998933,27.067224942284724,tok/s,,,,,,3000.9248046875,,,,,,,,0,PASS,3,qwen25_medium_cuda_sweep.csv
text,medium,Qwen2.5-1.5B-Instruct,1500.0,RTX 3050 Laptop,cuda,fp16,none,grid,,,512.0,64.0,2.0,,short_sweep,0,short_measurement,2.5621813999896403,49.95743080506226,tok/s,,,,,,3047.4443359375,,,,,,,,0,PASS,3,qwen25_medium_cuda_sweep.csv
text,medium,Qwen2.5-1.5B-Instruct,1500.0,RTX 3050 Laptop,cuda,fp16,none,grid,,,512.0,128.0,2.0,,short_sweep,0,short_measurement,4.926771899976302,51.96100107683722,tok/s,,,,,,3047.4453125,,,,,,,,0,PASS,3,qwen25_medium_cuda_sweep.csv
text,medium,Qwen2.5-1.5B-Instruct,1500.0,RTX 3050 Laptop,cuda,fp16,none,grid,,,512.0,64.0,4.0,,short_sweep,0,short_measurement,2.824768899998162,90.62688278682428,tok/s,,,,,,3142.484375,,,,,,,,0,PASS,3,qwen25_medium_cuda_sweep.csv
text,medium,Qwen2.5-1.5B-Instruct,1500.0,RTX 3050 Laptop,cuda,fp16,none,grid,,,512.0,128.0,4.0,,short_sweep,0,short_measurement,5.243573499988997,97.6433342645191,tok/s,,,,,,3142.486328125,,,,,,,,0,PASS,3,qwen25_medium_cuda_sweep.csv
text,medium,Qwen2.5-1.5B-Instruct,1500.0,RTX 3050 Laptop,cuda,fp16,none,grid,heavy,,1024.0,128.0,4.0,,sustained_power,1,power_monitored_or_summary,,66.76206894602004,tok/s,56.87490834697218,40.237948346972175,436.17511460279144,0.851904520708577,0.6014817123750604,,3822.50390625,,65.08183306055646,,,62.462583600000016,gpu_board,0,PASS,3,qwen25_medium_cuda_nvml_power.csv
text,medium,Qwen2.5-1.5B-Instruct,1500.0,RTX 3050 Laptop,cuda,fp16,none,grid,light,,128.0,64.0,1.0,,sustained_power,1,power_monitored_or_summary,,27.724000712500406,tok/s,57.268863560732115,40.63190356073211,137.6061501510056,2.1500960961094626,1.5337317323326867,,3380.50390625,,60.671497584541065,,,60.884710699999914,gpu_board,0,PASS,3,qwen25_medium_cuda_nvml_power.csv
text,medium,Qwen2.5-1.5B-Instruct,1500.0,RTX 3050 Laptop,cuda,fp16,none,grid,medium,,512.0,128.0,2.0,,sustained_power,1,power_monitored_or_summary,,38.13796585934977,tok/s,54.695237541528236,38.05827754152824,367.1402104210168,1.4341414469570968,0.9979105252200546,,3492.50390625,,52.674418604651166,,,63.13551929999994,gpu_board,0,PASS,3,qwen25_medium_cuda_nvml_power.csv
vision,easy,ResNet50,25.56,Apple M4,cpu,fp32,none,batch_optimal,,224.0,,,10.0,1.0,cpu_scaling_short,0,short_measurement,0.1956137920024048,51.121139760314364,img/s,,,,,,,,,,,,,,0,PASS,3,resnet50_vision_easy_mac_cpu_scaling_final.csv
vision,easy,ResNet50,25.56,Apple M4,cpu,fp32,none,batch_optimal,,224.0,,,10.0,10.0,cpu_scaling_short,0,short_measurement,0.11058331250023912,90.42955735277306,img/s,,,,,,,,,,,,,,0,PASS,3,resnet50_vision_easy_mac_cpu_scaling_final.csv
vision,easy,ResNet50,25.56,Apple M4,cpu,fp32,none,batch_optimal,,224.0,,,10.0,2.0,cpu_scaling_short,0,short_measurement,0.1722915415011812,58.04115462006846,img/s,,,,,,,,,,,,,,0,PASS,3,resnet50_vision_easy_mac_cpu_scaling_final.csv
vision,easy,ResNet50,25.56,Apple M4,cpu,fp32,none,batch_optimal,,224.0,,,10.0,4.0,cpu_scaling_short,0,short_measurement,0.1359792914990976,73.54060967486629,img/s,,,,,,,,,,,,,,0,PASS,3,resnet50_vision_easy_mac_cpu_scaling_final.csv
vision,easy,ResNet50,25.56,Apple M4,cpu,fp32,none,batch_optimal,,224.0,,,10.0,6.0,cpu_scaling_short,0,short_measurement,0.12527316600244376,79.82555497803038,img/s,,,,,,,,,,,,,,0,PASS,3,resnet50_vision_easy_mac_cpu_scaling_final.csv
vision,easy,ResNet50,25.56,Apple M4,cpu,fp32,none,batch_optimal,,224.0,,,10.0,8.0,cpu_scaling_short,0,short_measurement,0.11910310399980517,83.96086805610338,img/s,,,,,,,,,,,,,,0,PASS,3,resnet50_vision_easy_mac_cpu_scaling_final.csv
vision,easy,ResNet50,25.56,Apple M4,cpu,fp32,none,highres_single,,320.0,,,1.0,1.0,cpu_scaling_short,0,short_measurement,0.0333216245053336,30.010541648110095,img/s,,,,,,,,,,,,,,0,PASS,3,resnet50_vision_easy_mac_cpu_scaling_final.csv
vision,easy,ResNet50,25.56,Apple M4,cpu,fp32,none,highres_single,,320.0,,,1.0,10.0,cpu_scaling_short,0,short_measurement,0.025716979002027074,38.88481613338711,img/s,,,,,,,,,,,,,,0,PASS,3,resnet50_vision_easy_mac_cpu_scaling_final.csv
vision,easy,ResNet50,25.56,Apple M4,cpu,fp32,none,highres_single,,320.0,,,1.0,2.0,cpu_scaling_short,0,short_measurement,0.02765249999720254,36.16309556463845,img/s,,,,,,,,,,,,,,0,PASS,3,resnet50_vision_easy_mac_cpu_scaling_final.csv
vision,easy,ResNet50,25.56,Apple M4,cpu,fp32,none,highres_single,,320.0,,,1.0,4.0,cpu_scaling_short,0,short_measurement,0.02431795849770424,41.12187296044633,img/s,,,,,,,,,,,,,,0,PASS,3,resnet50_vision_easy_mac_cpu_scaling_final.csv
vision,easy,ResNet50,25.56,Apple M4,cpu,fp32,none,highres_single,,320.0,,,1.0,6.0,cpu_scaling_short,0,short_measurement,0.0258402709987422,38.69928454112095,img/s,,,,,,,,,,,,,,0,PASS,3,resnet50_vision_easy_mac_cpu_scaling_final.csv
vision,easy,ResNet50,25.56,Apple M4,cpu,fp32,none,highres_single,,320.0,,,1.0,8.0,cpu_scaling_short,0,short_measurement,0.025133750001259614,39.787138805386526,img/s,,,,,,,,,,,,,,0,PASS,3,resnet50_vision_easy_mac_cpu_scaling_final.csv
vision,easy,ResNet50,25.56,Apple M4,mps,fp16,none,grid,,160.0,,,1.0,,short_sweep,0,short_measurement,0.00834216700241086,119.87292986474654,img/s,,,,,,49.041748046875,,,,,,,,0,PASS,3,resnet50_vision_easy_mps_sweep.csv
vision,easy,ResNet50,25.56,Apple M4,mps,fp16,none,grid,,160.0,,,16.0,,short_sweep,0,short_measurement,0.03941831249903771,405.90271337441436,img/s,,,,,,52.020263671875,,,,,,,,0,PASS,3,resnet50_vision_easy_mps_sweep.csv
vision,easy,ResNet50,25.56,Apple M4,mps,fp16,none,grid,,160.0,,,4.0,,short_sweep,0,short_measurement,0.0146077499994135,273.82724924513354,img/s,,,,,,49.481201171875,,,,,,,,0,PASS,3,resnet50_vision_easy_mps_sweep.csv
vision,easy,ResNet50,25.56,Apple M4,mps,fp16,none,grid,,224.0,,,1.0,,short_sweep,0,short_measurement,0.010213853998720879,97.90623599331202,img/s,,,,,,49.182373046875,,,,,,,,0,PASS,3,resnet50_vision_easy_mps_sweep.csv
vision,easy,ResNet50,25.56,Apple M4,mps,fp16,none,grid,,224.0,,,16.0,,short_sweep,0,short_measurement,0.07355056200321997,217.53742682890086,img/s,,,,,,53.520263671875,,,,,,,,0,PASS,3,resnet50_vision_easy_mps_sweep.csv
vision,easy,ResNet50,25.56,Apple M4,mps,fp16,none,grid,,224.0,,,4.0,,short_sweep,0,short_measurement,0.023604771002283087,169.45726775375684,img/s,,,,,,50.426513671875,,,,,,,,0,PASS,3,resnet50_vision_easy_mps_sweep.csv
vision,easy,ResNet50,25.56,Apple M4,mps,fp16,none,grid,,320.0,,,1.0,,short_sweep,0,short_measurement,0.01385408349960926,72.18088443224728,img/s,,,,,,49.481201171875,,,,,,,,0,PASS,3,resnet50_vision_easy_mps_sweep.csv
vision,easy,ResNet50,25.56,Apple M4,mps,fp16,none,grid,,320.0,,,16.0,,short_sweep,0,short_measurement,0.13315460400190204,120.16107231088644,img/s,,,,,,58.395263671875,,,,,,,,0,PASS,3,resnet50_vision_easy_mps_sweep.csv
vision,easy,ResNet50,25.56,Apple M4,mps,fp16,none,grid,,320.0,,,4.0,,short_sweep,0,short_measurement,0.03607466650282731,110.88113592641264,img/s,,,,,,52.020263671875,,,,,,,,0,PASS,3,resnet50_vision_easy_mps_sweep.csv
vision,easy,ResNet50,25.56,Apple M4,mps,fp32,none,grid,,160.0,,,1.0,,short_sweep,0,short_measurement,0.011162875500303926,89.58265278267893,img/s,,,,,,98.0634765625,,,,,,,,0,PASS,3,resnet50_vision_easy_mps_sweep.csv
vision,easy,ResNet50,25.56,Apple M4,mps,fp32,none,grid,,160.0,,,16.0,,short_sweep,0,short_measurement,0.05448289600099088,293.67014557576033,img/s,,,,,,102.5205078125,,,,,,,,0,PASS,3,resnet50_vision_easy_mps_sweep.csv
vision,easy,ResNet50,25.56,Apple M4,mps,fp32,none,grid,,160.0,,,4.0,,short_sweep,0,short_measurement,0.018077666500175837,221.26749599906012,img/s,,,,,,99.3330078125,,,,,,,,0,PASS,3,resnet50_vision_easy_mps_sweep.csv
vision,easy,ResNet50,25.56,Apple M4,mps,fp32,none,grid,,224.0,,,1.0,,short_sweep,0,short_measurement,0.011787104496761458,84.83847753065675,img/s,,,,,,98.3447265625,,,,,,,,0,PASS,3,resnet50_vision_easy_mps_sweep.csv
vision,easy,ResNet50,25.56,Apple M4,mps,fp32,none,grid,,224.0,,,16.0,,short_sweep,0,short_measurement,0.10189741700378363,157.0206632363006,img/s,,,,,,107.0205078125,,,,,,,,0,PASS,3,resnet50_vision_easy_mps_sweep.csv
vision,easy,ResNet50,25.56,Apple M4,mps,fp32,none,grid,,224.0,,,4.0,,short_sweep,0,short_measurement,0.028718708501401125,139.28202933655072,img/s,,,,,,100.8330078125,,,,,,,,0,PASS,3,resnet50_vision_easy_mps_sweep.csv
vision,easy,ResNet50,25.56,Apple M4,mps,fp32,none,grid,,320.0,,,1.0,,short_sweep,0,short_measurement,0.01665927049907623,60.02663802448318,img/s,,,,,,99.3330078125,,,,,,,,0,PASS,3,resnet50_vision_easy_mps_sweep.csv
vision,easy,ResNet50,25.56,Apple M4,mps,fp32,none,grid,,320.0,,,16.0,,short_sweep,0,short_measurement,0.18908347899923683,84.61870960214657,img/s,,,,,,116.7705078125,,,,,,,,0,PASS,3,resnet50_vision_easy_mps_sweep.csv
vision,easy,ResNet50,25.56,Apple M4,mps,fp32,none,grid,,320.0,,,4.0,,short_sweep,0,short_measurement,0.050998374998016516,78.43387167053014,img/s,,,,,,102.5205078125,,,,,,,,0,PASS,3,resnet50_vision_easy_mps_sweep.csv
vision,easy,ResNet50,25.56,Apple M4,mps,fp16,none,grid,light,160.0,,,1.0,,sustained_power,1,power_monitored_or_summary,,111.82478401544962,img/s,6.158436363636364,,0.055072195469525964,0.055072195469525964,,49.041748046875,,,,,,,combined_soc,0,PASS,3,resnet50_vision_easy_mps_power_500ms.csv
vision,easy,ResNet50,25.56,Apple M4,mps,fp16,none,grid,medium,224.0,,,4.0,,sustained_power,1,power_monitored_or_summary,,180.20101968747855,img/s,11.633581818181819,,0.2582356490181435,0.06455891225453587,,50.051513671875,,,,,,,combined_soc,0,PASS,3,resnet50_vision_easy_mps_power_500ms.csv
vision,easy,ResNet50,25.56,Apple M4,mps,fp16,none,grid,heavy,320.0,,,16.0,,sustained_power,1,power_monitored_or_summary,,121.70649260662357,img/s,13.679327272727273,,1.7981239472351298,0.11238274670219561,,58.395263671875,,,,,,,combined_soc,0,PASS,3,resnet50_vision_easy_mps_power_500ms.csv
vision,easy,ResNet50,25.56,Apple M4,mps,fp32,none,grid,light,160.0,,,1.0,,sustained_power,1,power_monitored_or_summary,,100.57879226429233,img/s,5.330981818181818,,0.0524289314603751,0.0524289314603751,,98.0634765625,,,,,,,combined_soc,0,PASS,3,resnet50_vision_easy_mps_power_500ms.csv
vision,easy,ResNet50,25.56,Apple M4,cpu,fp32,none,batch_optimal,,224.0,,,10.0,1.0,sustained_power,1,power_monitored_or_summary,,51.87476559742442,img/s,8.088152482269503,,1.5591689695598507,0.15591689695598507,,,,,,,,,combined_soc,0,PASS,3,resnet50_vision_easy_mac_cpu_power.csv
vision,easy,ResNet50,25.56,Apple M4,cpu,fp32,none,batch_optimal,,224.0,,,10.0,10.0,sustained_power,1,power_monitored_or_summary,,90.62148430494057,img/s,12.997313167259787,,1.4360741678425089,0.14360741678425087,,,,,,,,,combined_soc,0,PASS,3,resnet50_vision_easy_mac_cpu_power.csv
vision,easy,ResNet50,25.56,Apple M4,cpu,fp32,none,batch_optimal,,224.0,,,10.0,4.0,sustained_power,1,power_monitored_or_summary,,69.37851313008,img/s,14.79182857142857,,2.1320475034820796,0.21320475034820793,,,,,,,,,combined_soc,0,PASS,3,resnet50_vision_easy_mac_cpu_power.csv
vision,easy,ResNet50,25.56,Apple M4,mps,fp32,none,grid,medium,224.0,,,4.0,,sustained_power,1,power_monitored_or_summary,,134.80882222003402,img/s,11.237218181818182,,0.33269092296514413,0.08317273074128603,,100.0830078125,,,,,,,combined_soc,0,PASS,3,resnet50_vision_easy_mps_power_500ms.csv
vision,easy,ResNet50,25.56,Apple M4,cpu,fp32,none,highres_single,,320.0,,,1.0,1.0,sustained_power,1,power_monitored_or_summary,,29.03697986338823,img/s,7.143184397163121,,0.25556576648322754,0.25556576648322754,,,,,,,,,combined_soc,0,PASS,3,resnet50_vision_easy_mac_cpu_power.csv
vision,easy,ResNet50,25.56,Apple M4,cpu,fp32,none,highres_single,,320.0,,,1.0,10.0,sustained_power,1,power_monitored_or_summary,,37.96281465325678,img/s,11.386878136200718,,0.29994820563769375,0.29994820563769375,,,,,,,,,combined_soc,0,PASS,3,resnet50_vision_easy_mac_cpu_power.csv
vision,easy,ResNet50,25.56,Apple M4,cpu,fp32,none,highres_single,,320.0,,,1.0,4.0,sustained_power,1,power_monitored_or_summary,,41.097874098752975,img/s,10.107814946619218,,0.2459449586694295,0.2459449586694295,,,,,,,,,combined_soc,0,PASS,3,resnet50_vision_easy_mac_cpu_power.csv
vision,easy,ResNet50,25.56,Apple M4,mps,fp32,none,grid,heavy,320.0,,,16.0,,sustained_power,1,power_monitored_or_summary,,85.09826827607505,img/s,13.765709090909091,,2.5843059123957413,0.16151911952473383,,116.7705078125,,,,,,,combined_soc,0,PASS,3,resnet50_vision_easy_mps_power_500ms.csv
vision,easy,ResNet50,25.56,Intel i7-11800H,cpu,fp32,none,batch_workload,,224.0,,,10.0,1.0,cpu_scaling_short,0,short_measurement,1.1434710000030464,8.745302679275083,img/s,,,,,,,,,,,,,,0,PASS,3,resnet50_vision_easy_msi_cpu_scaling.csv
vision,easy,ResNet50,25.56,Intel i7-11800H,cpu,fp32,none,batch_workload,,224.0,,,10.0,16.0,cpu_scaling_short,0,short_measurement,0.49100280000129715,20.36648263507577,img/s,,,,,,,,,,,,,,0,PASS,3,resnet50_vision_easy_msi_cpu_scaling.csv
vision,easy,ResNet50,25.56,Intel i7-11800H,cpu,fp32,none,batch_workload,,224.0,,,10.0,2.0,cpu_scaling_short,0,short_measurement,0.7287833000154933,13.72149992979725,img/s,,,,,,,,,,,,,,0,PASS,3,resnet50_vision_easy_msi_cpu_scaling.csv
vision,easy,ResNet50,25.56,Intel i7-11800H,cpu,fp32,none,batch_workload,,224.0,,,10.0,4.0,cpu_scaling_short,0,short_measurement,0.49657529998512473,20.137932757226462,img/s,,,,,,,,,,,,,,0,PASS,3,resnet50_vision_easy_msi_cpu_scaling.csv
vision,easy,ResNet50,25.56,Intel i7-11800H,cpu,fp32,none,batch_workload,,224.0,,,10.0,8.0,cpu_scaling_short,0,short_measurement,0.510816750000231,19.57649196114943,img/s,,,,,,,,,,,,,,0,PASS,3,resnet50_vision_easy_msi_cpu_scaling.csv
vision,easy,ResNet50,25.56,Intel i7-11800H,cpu,fp32,none,highres_single,,320.0,,,1.0,1.0,cpu_scaling_short,0,short_measurement,0.21100325000588782,4.739263494624353,img/s,,,,,,,,,,,,,,0,PASS,3,resnet50_vision_easy_msi_cpu_scaling.csv
vision,easy,ResNet50,25.56,Intel i7-11800H,cpu,fp32,none,highres_single,,320.0,,,1.0,16.0,cpu_scaling_short,0,short_measurement,0.06995434999407735,14.295036692995712,img/s,,,,,,,,,,,,,,0,PASS,3,resnet50_vision_easy_msi_cpu_scaling.csv
vision,easy,ResNet50,25.56,Intel i7-11800H,cpu,fp32,none,highres_single,,320.0,,,1.0,2.0,cpu_scaling_short,0,short_measurement,0.12751219999336172,7.842386846529665,img/s,,,,,,,,,,,,,,0,PASS,3,resnet50_vision_easy_msi_cpu_scaling.csv
vision,easy,ResNet50,25.56,Intel i7-11800H,cpu,fp32,none,highres_single,,320.0,,,1.0,4.0,cpu_scaling_short,0,short_measurement,0.07448430001386441,13.425648087098372,img/s,,,,,,,,,,,,,,0,PASS,3,resnet50_vision_easy_msi_cpu_scaling.csv
vision,easy,ResNet50,25.56,Intel i7-11800H,cpu,fp32,none,highres_single,,320.0,,,1.0,8.0,cpu_scaling_short,0,short_measurement,0.07793140001012944,12.831798220871447,img/s,,,,,,,,,,,,,,0,PASS,3,resnet50_vision_easy_msi_cpu_scaling.csv
vision,easy,ResNet50,25.56,Intel i7-11800H,cpu,fp32,none,highres_single,,320.0,,,1.0,16.0,sustained_power,1,power_monitored_or_summary,,12.931857592854827,img/s,36.833333333333336,,2.849559892652411,2.849559892652411,,,,,,,,,cpu_package,0,PASS,3,resnet50_vision_easy_msi_cpu_power_highres16_2s.csv
vision,easy,ResNet50,25.56,RTX 3050 Laptop,cuda,fp16,none,grid,,160.0,,,1.0,,short_sweep,0,short_measurement,0.00795990000187885,125.6297189366651,img/s,,,,,,,62.92919921875,,,,,,,0,PASS,3,resnet50_vision_easy_msi_cuda_sweep.csv
vision,easy,ResNet50,25.56,RTX 3050 Laptop,cuda,fp16,none,grid,,160.0,,,16.0,,short_sweep,0,short_measurement,0.016761750011937693,954.5542672217891,img/s,,,,,,,103.73583984375,,,,,,,0,PASS,3,resnet50_vision_easy_msi_cuda_sweep.csv
vision,easy,ResNet50,25.56,RTX 3050 Laptop,cuda,fp16,none,grid,,160.0,,,4.0,,short_sweep,0,short_measurement,0.008695700016687624,459.99746913114933,img/s,,,,,,,69.8212890625,,,,,,,0,PASS,3,resnet50_vision_easy_msi_cuda_sweep.csv
vision,easy,ResNet50,25.56,RTX 3050 Laptop,cuda,fp16,none,grid,,224.0,,,1.0,,short_sweep,0,short_measurement,0.006948799986275844,143.90974009541787,img/s,,,,,,,63.54052734375,,,,,,,0,PASS,3,resnet50_vision_easy_msi_cuda_sweep.csv
vision,easy,ResNet50,25.56,RTX 3050 Laptop,cuda,fp16,none,grid,,224.0,,,16.0,,short_sweep,0,short_measurement,0.029649399992194958,539.6399254019276,img/s,,,,,,,147.98583984375,,,,,,,0,PASS,3,resnet50_vision_easy_msi_cuda_sweep.csv
vision,easy,ResNet50,25.56,RTX 3050 Laptop,cuda,fp16,none,grid,,224.0,,,4.0,,short_sweep,0,short_measurement,0.008959500002674758,446.4534849942346,img/s,,,,,,,80.57958984375,,,,,,,0,PASS,3,resnet50_vision_easy_msi_cuda_sweep.csv
vision,easy,ResNet50,25.56,RTX 3050 Laptop,cuda,fp16,none,grid,,320.0,,,1.0,,short_sweep,0,short_measurement,0.007649850012967363,130.72151719378635,img/s,,,,,,,69.8212890625,,,,,,,0,PASS,3,resnet50_vision_easy_msi_cuda_sweep.csv
vision,easy,ResNet50,25.56,RTX 3050 Laptop,cuda,fp16,none,grid,,320.0,,,16.0,,short_sweep,0,short_measurement,0.05547829998249654,288.4010505918173,img/s,,,,,,,243.0166015625,,,,,,,0,PASS,3,resnet50_vision_easy_msi_cuda_sweep.csv
vision,easy,ResNet50,25.56,RTX 3050 Laptop,cuda,fp16,none,grid,,320.0,,,4.0,,short_sweep,0,short_measurement,0.01575599999341648,253.87154110633207,img/s,,,,,,,103.73583984375,,,,,,,0,PASS,3,resnet50_vision_easy_msi_cuda_sweep.csv
vision,easy,ResNet50,25.56,RTX 3050 Laptop,cuda,fp32,none,grid,,160.0,,,1.0,,short_sweep,0,short_measurement,0.007523000007495284,132.92569440431797,img/s,,,,,,,116.1640625,,,,,,,0,PASS,3,resnet50_vision_easy_msi_cuda_sweep.csv
vision,easy,ResNet50,25.56,RTX 3050 Laptop,cuda,fp32,none,grid,,160.0,,,16.0,,short_sweep,0,short_measurement,0.02901624998776242,551.4151555334679,img/s,,,,,,,194.85302734375,,,,,,,0,PASS,3,resnet50_vision_easy_msi_cuda_sweep.csv
vision,easy,ResNet50,25.56,RTX 3050 Laptop,cuda,fp32,none,grid,,160.0,,,4.0,,short_sweep,0,short_measurement,0.00834434998978395,479.36627836766553,img/s,,,,,,,127.39990234375,,,,,,,0,PASS,3,resnet50_vision_easy_msi_cuda_sweep.csv
vision,easy,ResNet50,25.56,RTX 3050 Laptop,cuda,fp32,none,grid,,224.0,,,1.0,,short_sweep,0,short_measurement,0.006011399993440136,166.35060070719587,img/s,,,,,,,117.2421875,,,,,,,0,PASS,3,resnet50_vision_easy_msi_cuda_sweep.csv
vision,easy,ResNet50,25.56,RTX 3050 Laptop,cuda,fp32,none,grid,,224.0,,,16.0,,short_sweep,0,short_measurement,0.05339370000001509,299.6608214076844,img/s,,,,,,,277.35302734375,,,,,,,0,PASS,3,resnet50_vision_easy_msi_cuda_sweep.csv
vision,easy,ResNet50,25.56,RTX 3050 Laptop,cuda,fp32,none,grid,,224.0,,,4.0,,short_sweep,0,short_measurement,0.014498549993732013,275.8896580505825,img/s,,,,,,,148.22802734375,,,,,,,0,PASS,3,resnet50_vision_easy_msi_cuda_sweep.csv
vision,easy,ResNet50,25.56,RTX 3050 Laptop,cuda,fp32,none,grid,,320.0,,,1.0,,short_sweep,0,short_measurement,0.008273399987956509,120.86929212363577,img/s,,,,,,,127.39990234375,,,,,,,0,PASS,3,resnet50_vision_easy_msi_cuda_sweep.csv
vision,easy,ResNet50,25.56,RTX 3050 Laptop,cuda,fp32,none,grid,,320.0,,,16.0,,short_sweep,0,short_measurement,0.09900845000811387,161.60236826946365,img/s,,,,,,,449.66552734375,,,,,,,0,PASS,3,resnet50_vision_easy_msi_cuda_sweep.csv
vision,easy,ResNet50,25.56,RTX 3050 Laptop,cuda,fp32,none,grid,,320.0,,,4.0,,short_sweep,0,short_measurement,0.02731130000029225,146.45952407820928,img/s,,,,,,,194.85302734375,,,,,,,0,PASS,3,resnet50_vision_easy_msi_cuda_sweep.csv
vision,easy,ResNet50,25.56,RTX 3050 Laptop,cuda,fp16,none,grid,light,160.0,,,1.0,,sustained_power,1,power_monitored_or_summary,,113.18420174905862,img/s,24.357733333333332,,0.2122157997063355,0.2122157997063355,,,62.92919921875,298.50390625,35.46666666666667,66.48333333333333,,,gpu_board,0,PASS,3,resnet50_vision_easy_msi_cuda_power.csv
vision,easy,ResNet50,25.56,RTX 3050 Laptop,cuda,fp16,none,grid,medium,224.0,,,4.0,,sustained_power,1,power_monitored_or_summary,,407.27653183315806,img/s,59.769133333333336,,0.5870127901974762,0.14675319754936905,,,80.57958984375,318.50390625,93.28333333333333,84.2,,,gpu_board,0,PASS,3,resnet50_vision_easy_msi_cuda_power.csv
vision,easy,ResNet50,25.56,RTX 3050 Laptop,cuda,fp16,none,grid,heavy,320.0,,,16.0,,sustained_power,1,power_monitored_or_summary,,281.4824294804761,img/s,59.85434426229508,,3.398257742930987,0.2123911089331867,,,243.0166015625,572.50390625,99.88333333333334,84.1,,,gpu_board,0,PASS,3,resnet50_vision_easy_msi_cuda_power.csv
vision,easy,ResNet50,25.56,RTX 3050 Laptop,cuda,fp32,none,grid,light,160.0,,,1.0,,sustained_power,1,power_monitored_or_summary,,157.4889967688537,img/s,51.57791666666667,,0.32750171583331295,0.32750171583331295,,,116.1640625,358.50390625,53.3,72.73333333333333,,,gpu_board,0,PASS,3,resnet50_vision_easy_msi_cuda_power.csv
vision,easy,ResNet50,25.56,RTX 3050 Laptop,cuda,fp32,none,grid,medium,224.0,,,4.0,,sustained_power,1,power_monitored_or_summary,,266.0714123074504,img/s,59.903666666666666,,0.9005652452048759,0.22514131130121898,,,148.22802734375,392.50390625,99.78333333333333,80.46666666666667,,,gpu_board,0,PASS,3,resnet50_vision_easy_msi_cuda_power.csv
vision,easy,ResNet50,25.56,RTX 3050 Laptop,cuda,fp32,none,grid,heavy,320.0,,,16.0,,sustained_power,1,power_monitored_or_summary,,158.04288208919743,img/s,59.43372131147541,,6.029127140122722,0.37682044625767014,,,449.66552734375,858.50390625,99.0,83.45901639344262,,,gpu_board,0,PASS,3,resnet50_vision_easy_msi_cuda_power.csv
vision,hard,ConvNeXt-Large,197.8,Apple M4,cpu,fp32,none,grid,,224.0,,,1.0,4.0,cpu_batch_short,0,short_measurement,1.0143645420030225,0.9858388760566714,img/s,,,,,,,,,,,,,,0,PASS,3,convnext_large_vision_hard_mac_cpu_batch_sweep.csv
vision,hard,ConvNeXt-Large,197.8,Apple M4,cpu,fp32,none,grid,,224.0,,,2.0,4.0,cpu_batch_short,0,short_measurement,2.2572011669981293,0.8860530595329333,img/s,,,,,,,,,,,,,,0,PASS,3,convnext_large_vision_hard_mac_cpu_batch_sweep.csv
vision,hard,ConvNeXt-Large,197.8,Apple M4,cpu,fp32,none,grid,,224.0,,,4.0,4.0,cpu_batch_short,0,short_measurement,2.7307406670006458,1.4648040542031646,img/s,,,,,,,,,,,,,,0,PASS,3,convnext_large_vision_hard_mac_cpu_batch_sweep.csv
vision,hard,ConvNeXt-Large,197.8,Apple M4,cpu,fp32,none,grid,,224.0,,,8.0,4.0,cpu_batch_short,0,short_measurement,5.307503333999193,1.5073000423293217,img/s,,,,,,,,,,,,,,0,PASS,3,convnext_large_vision_hard_mac_cpu_batch_sweep.csv
vision,hard,ConvNeXt-Large,197.8,Apple M4,cpu,fp32,none,batch_workload,,224.0,,,8.0,1.0,cpu_scaling_short,0,short_measurement,8.982844500002102,0.8905864951795757,img/s,,,,,,,,,,,,,,0,PASS,3,convnext_large_vision_hard_mac_cpu_scaling.csv
vision,hard,ConvNeXt-Large,197.8,Apple M4,cpu,fp32,none,batch_workload,,224.0,,,8.0,10.0,cpu_scaling_short,0,short_measurement,4.036073583003599,1.9821244175747887,img/s,,,,,,,,,,,,,,0,PASS,3,convnext_large_vision_hard_mac_cpu_scaling.csv
vision,hard,ConvNeXt-Large,197.8,Apple M4,cpu,fp32,none,batch_workload,,224.0,,,8.0,2.0,cpu_scaling_short,0,short_measurement,5.634128542005783,1.4199179057338214,img/s,,,,,,,,,,,,,,0,PASS,3,convnext_large_vision_hard_mac_cpu_scaling.csv
vision,hard,ConvNeXt-Large,197.8,Apple M4,cpu,fp32,none,batch_workload,,224.0,,,8.0,4.0,cpu_scaling_short,0,short_measurement,5.0641053750005085,1.5797459585838884,img/s,,,,,,,,,,,,,,0,PASS,3,convnext_large_vision_hard_mac_cpu_scaling.csv
vision,hard,ConvNeXt-Large,197.8,Apple M4,cpu,fp32,none,batch_workload,,224.0,,,8.0,6.0,cpu_scaling_short,0,short_measurement,5.3821062920033,1.4864069131979705,img/s,,,,,,,,,,,,,,0,PASS,3,convnext_large_vision_hard_mac_cpu_scaling.csv
vision,hard,ConvNeXt-Large,197.8,Apple M4,cpu,fp32,none,batch_workload,,224.0,,,8.0,8.0,cpu_scaling_short,0,short_measurement,3.822028416005196,2.093129388180123,img/s,,,,,,,,,,,,,,0,PASS,3,convnext_large_vision_hard_mac_cpu_scaling.csv
vision,hard,ConvNeXt-Large,197.8,Apple M4,cpu,fp32,none,highres_single,,320.0,,,1.0,1.0,cpu_scaling_short,0,short_measurement,2.5451405410130974,0.3929056112563231,img/s,,,,,,,,,,,,,,0,PASS,3,convnext_large_vision_hard_mac_cpu_scaling.csv
vision,hard,ConvNeXt-Large,197.8,Apple M4,cpu,fp32,none,highres_single,,320.0,,,1.0,10.0,cpu_scaling_short,0,short_measurement,1.4330968330032192,0.6977895540417774,img/s,,,,,,,,,,,,,,0,PASS,3,convnext_large_vision_hard_mac_cpu_scaling.csv
vision,hard,ConvNeXt-Large,197.8,Apple M4,cpu,fp32,none,highres_single,,320.0,,,1.0,2.0,cpu_scaling_short,0,short_measurement,1.691862541003502,0.5910645668689287,img/s,,,,,,,,,,,,,,0,PASS,3,convnext_large_vision_hard_mac_cpu_scaling.csv
vision,hard,ConvNeXt-Large,197.8,Apple M4,cpu,fp32,none,highres_single,,320.0,,,1.0,4.0,cpu_scaling_short,0,short_measurement,1.2146298750012647,0.8232960678650842,img/s,,,,,,,,,,,,,,0,PASS,3,convnext_large_vision_hard_mac_cpu_scaling.csv
vision,hard,ConvNeXt-Large,197.8,Apple M4,cpu,fp32,none,highres_single,,320.0,,,1.0,6.0,cpu_scaling_short,0,short_measurement,1.617606291998527,0.6181973975660764,img/s,,,,,,,,,,,,,,0,PASS,3,convnext_large_vision_hard_mac_cpu_scaling.csv
vision,hard,ConvNeXt-Large,197.8,Apple M4,cpu,fp32,none,highres_single,,320.0,,,1.0,8.0,cpu_scaling_short,0,short_measurement,1.5720302080007968,0.6361200916563386,img/s,,,,,,,,,,,,,,0,PASS,3,convnext_large_vision_hard_mac_cpu_scaling.csv
vision,hard,ConvNeXt-Large,197.8,Apple M4,mps,fp16,none,grid,,160.0,,,1.0,,short_sweep,0,short_measurement,0.021728915991843678,46.02162392156917,img/s,,,,,,381.370361328125,,,,,,,,0,PASS,3,convnext_large_vision_hard_mac_mps_sweep.csv
vision,hard,ConvNeXt-Large,197.8,Apple M4,mps,fp16,none,grid,,160.0,,,16.0,,short_sweep,0,short_measurement,0.21435083300457336,74.64398330403795,img/s,,,,,,383.62744140625,,,,,,,,0,PASS,3,convnext_large_vision_hard_mac_mps_sweep.csv
vision,hard,ConvNeXt-Large,197.8,Apple M4,mps,fp16,none,grid,,160.0,,,4.0,,short_sweep,0,short_measurement,0.06284170800063293,63.651993672096125,img/s,,,,,,381.815673828125,,,,,,,,0,PASS,3,convnext_large_vision_hard_mac_mps_sweep.csv
vision,hard,ConvNeXt-Large,197.8,Apple M4,mps,fp16,none,grid,,224.0,,,1.0,,short_sweep,0,short_measurement,0.03569779099780135,28.01293783308863,img/s,,,,,,381.510986328125,,,,,,,,0,PASS,3,convnext_large_vision_hard_mac_mps_sweep.csv
vision,hard,ConvNeXt-Large,197.8,Apple M4,mps,fp16,none,grid,,224.0,,,16.0,,short_sweep,0,short_measurement,0.4248025840061018,37.66455431864835,img/s,,,,,,386.00244140625,,,,,,,,0,PASS,3,convnext_large_vision_hard_mac_mps_sweep.csv
vision,hard,ConvNeXt-Large,197.8,Apple M4,mps,fp16,none,grid,,224.0,,,4.0,,short_sweep,0,short_measurement,0.11175054201157764,35.79400983653028,img/s,,,,,,382.417236328125,,,,,,,,0,PASS,3,convnext_large_vision_hard_mac_mps_sweep.csv
vision,hard,ConvNeXt-Large,197.8,Apple M4,mps,fp16,none,grid,,320.0,,,1.0,,short_sweep,0,short_measurement,0.06233733400586061,16.041751158398682,img/s,,,,,,381.809814453125,,,,,,,,0,PASS,3,convnext_large_vision_hard_mac_mps_sweep.csv
vision,hard,ConvNeXt-Large,197.8,Apple M4,mps,fp16,none,grid,,320.0,,,16.0,,short_sweep,0,short_measurement,0.8576057080063038,18.656592243532963,img/s,,,,,,390.75244140625,,,,,,,,0,PASS,3,convnext_large_vision_hard_mac_mps_sweep.csv
vision,hard,ConvNeXt-Large,197.8,Apple M4,mps,fp16,none,grid,,320.0,,,4.0,,short_sweep,0,short_measurement,0.21448712499113753,18.649138031782922,img/s,,,,,,383.604736328125,,,,,,,,0,PASS,3,convnext_large_vision_hard_mac_mps_sweep.csv
vision,hard,ConvNeXt-Large,197.8,Apple M4,mps,fp32,none,grid,,160.0,,,1.0,,short_sweep,0,short_measurement,0.02620191700407304,38.165146460259066,img/s,,,,,,754.735107421875,,,,,,,,0,PASS,3,convnext_large_vision_hard_mac_mps_sweep.csv
vision,hard,ConvNeXt-Large,197.8,Apple M4,mps,fp32,none,grid,,160.0,,,16.0,,short_sweep,0,short_measurement,0.2605849169922294,61.40033039777631,img/s,,,,,,759.499267578125,,,,,,,,0,PASS,3,convnext_large_vision_hard_mac_mps_sweep.csv
vision,hard,ConvNeXt-Large,197.8,Apple M4,mps,fp32,none,grid,,160.0,,,4.0,,short_sweep,0,short_measurement,0.07262716699915472,55.075809304892125,img/s,,,,,,755.64111328125,,,,,,,,0,PASS,3,convnext_large_vision_hard_mac_mps_sweep.csv
vision,hard,ConvNeXt-Large,197.8,Apple M4,mps,fp32,none,grid,,224.0,,,1.0,,short_sweep,0,short_measurement,0.040010917000472546,24.993178736398107,img/s,,,,,,755.016357421875,,,,,,,,0,PASS,3,convnext_large_vision_hard_mac_mps_sweep.csv
vision,hard,ConvNeXt-Large,197.8,Apple M4,mps,fp32,none,grid,,224.0,,,16.0,,short_sweep,0,short_measurement,0.5233062089973828,30.57483309944832,img/s,,,,,,763.999267578125,,,,,,,,0,PASS,3,convnext_large_vision_hard_mac_mps_sweep.csv
vision,hard,ConvNeXt-Large,197.8,Apple M4,mps,fp32,none,grid,,224.0,,,4.0,,short_sweep,0,short_measurement,0.13301283300097566,30.072286333234175,img/s,,,,,,756.82861328125,,,,,,,,0,PASS,3,convnext_large_vision_hard_mac_mps_sweep.csv
vision,hard,ConvNeXt-Large,197.8,Apple M4,mps,fp32,none,grid,,320.0,,,1.0,,short_sweep,0,short_measurement,0.07173541699012276,13.940115523935546,img/s,,,,,,755.629638671875,,,,,,,,0,PASS,3,convnext_large_vision_hard_mac_mps_sweep.csv
vision,hard,ConvNeXt-Large,197.8,Apple M4,mps,fp32,none,grid,,320.0,,,16.0,,short_sweep,0,short_measurement,1.0525573750055628,15.201071580459393,img/s,,,,,,773.499267578125,,,,,,,,0,PASS,3,convnext_large_vision_hard_mac_mps_sweep.csv
vision,hard,ConvNeXt-Large,197.8,Apple M4,mps,fp32,none,grid,,320.0,,,4.0,,short_sweep,0,short_measurement,0.25866983299783897,15.463728234723906,img/s,,,,,,759.45361328125,,,,,,,,0,PASS,3,convnext_large_vision_hard_mac_mps_sweep.csv
vision,hard,ConvNeXt-Large,197.8,Apple M4,mps,fp16,none,grid,light,,,,,,sustained_power,1,no_monitor,,47.23,img/s,13.67,,,0.2917,,381.4,,,,,-0.99,,combined_soc,0,PASS,1,convnext_large_vision_hard_mac_mps_power_canonical.csv
vision,hard,ConvNeXt-Large,197.8,Apple M4,mps,fp16,none,grid,medium,,,,,,sustained_power,1,no_monitor,,35.41,img/s,17.09,,,0.5092,,382.4,,,,,-0.16,,combined_soc,0,PASS,1,convnext_large_vision_hard_mac_mps_power_canonical.csv
vision,hard,ConvNeXt-Large,197.8,Apple M4,mps,fp16,none,grid,heavy,,,,,,sustained_power,1,no_monitor,,17.73,img/s,17.29,,,0.9593,,390.7,,,,,1.13,,combined_soc,0,PASS,1,convnext_large_vision_hard_mac_mps_power_canonical.csv
vision,hard,ConvNeXt-Large,197.8,Apple M4,mps,fp32,none,grid,light,,,,,,sustained_power,1,no_monitor,,39.71,img/s,14.28,,,0.3549,,754.7,,,,,-0.09,,combined_soc,0,PASS,1,convnext_large_vision_hard_mac_mps_power_canonical.csv
vision,hard,ConvNeXt-Large,197.8,Apple M4,mps,fp32,none,grid,medium,,,,,,sustained_power,1,no_monitor,,28.23,img/s,15.8,,,0.5434,,756.8,,,,,-2.19,,combined_soc,0,PASS,1,convnext_large_vision_hard_mac_mps_power_canonical.csv
vision,hard,ConvNeXt-Large,197.8,Apple M4,mps,fp32,none,grid,heavy,,,,,,sustained_power,1,no_monitor,,14.27,img/s,14.83,,,1.0258,,773.4,,,,,0.32,,combined_soc,0,PASS,1,convnext_large_vision_hard_mac_mps_power_canonical.csv
vision,hard,ConvNeXt-Large,197.8,Apple M4,cpu,fp32,none,batch_workload,,224.0,,,8.0,1.0,sustained_power,1,power_monitored_or_summary,8.777646292001009,0.9114060573721601,img/s,5.777058823529412,,50.60754536224574,6.325943170280717,,,,,,,,,combined_soc,0,PASS,3,convnext_large_vision_hard_mac_cpu_power.csv
vision,hard,ConvNeXt-Large,197.8,Apple M4,cpu,fp32,none,batch_workload,,224.0,,,8.0,10.0,sustained_power,1,power_monitored_or_summary,3.8976250830019126,2.052531946925608,img/s,15.177999999999999,,59.15815350980303,7.394769188725379,,,,,,,,,combined_soc,0,PASS,3,convnext_large_vision_hard_mac_cpu_power.csv
vision,hard,ConvNeXt-Large,197.8,Apple M4,cpu,fp32,none,batch_workload,,224.0,,,8.0,4.0,sustained_power,1,power_monitored_or_summary,5.293775333004305,1.5112088248482332,img/s,11.9984,,63.87763585009801,7.984704481262251,,,,,,,,,combined_soc,0,PASS,3,convnext_large_vision_hard_mac_cpu_power.csv
vision,hard,ConvNeXt-Large,197.8,Apple M4,cpu,fp32,none,batch_workload,,224.0,,,8.0,8.0,sustained_power,1,power_monitored_or_summary,3.761622707999777,2.1267417338231556,img/s,15.192,,57.14657217993261,7.1433215224915765,,,,,,,,,combined_soc,0,PASS,3,convnext_large_vision_hard_mac_cpu_power.csv
vision,hard,ConvNeXt-Large,197.8,Apple M4,cpu,fp32,none,highres_single,,320.0,,,1.0,1.0,sustained_power,1,power_monitored_or_summary,2.403683333992376,0.41602817886125587,img/s,6.35675,,15.279614033356037,15.279614033356037,,,,,,,,,combined_soc,0,PASS,3,convnext_large_vision_hard_mac_cpu_power.csv
vision,hard,ConvNeXt-Large,197.8,Apple M4,cpu,fp32,none,highres_single,,320.0,,,1.0,10.0,sustained_power,1,power_monitored_or_summary,1.608922999992501,0.6215337837824811,img/s,12.855666666666666,,20.683777780236927,20.683777780236927,,,,,,,,,combined_soc,0,PASS,3,convnext_large_vision_hard_mac_cpu_power.csv
vision,hard,ConvNeXt-Large,197.8,Apple M4,cpu,fp32,none,highres_single,,320.0,,,1.0,4.0,sustained_power,1,power_monitored_or_summary,1.3210844159912085,0.75695389930832,img/s,13.633,,18.010343843208144,18.010343843208144,,,,,,,,,combined_soc,0,PASS,3,convnext_large_vision_hard_mac_cpu_power.csv
vision,hard,ConvNeXt-Large,197.8,Apple M4,cpu,fp32,none,highres_single,,320.0,,,1.0,8.0,sustained_power,1,power_monitored_or_summary,1.3731345830019563,0.728260734511393,img/s,13.361,,18.182585979706563,18.182585979706563,,,,,,,,,combined_soc,0,PASS,3,convnext_large_vision_hard_mac_cpu_power.csv
vision,hard,ConvNeXt-Large,197.8,Intel i7-11800H,cpu,fp32,none,grid,,224.0,,,1.0,16.0,cpu_batch_short,0,short_measurement,0.22892329999012873,4.3682753133609395,img/s,,,,,,,,,,,,,,0,PASS,3,convnext_large_vision_hard_msi_cpu_batch_sweep.csv
vision,hard,ConvNeXt-Large,197.8,Intel i7-11800H,cpu,fp32,none,grid,,224.0,,,2.0,16.0,cpu_batch_short,0,short_measurement,0.3958439000416547,5.0524967033457875,img/s,,,,,,,,,,,,,,0,PASS,3,convnext_large_vision_hard_msi_cpu_batch_sweep.csv
vision,hard,ConvNeXt-Large,197.8,Intel i7-11800H,cpu,fp32,none,grid,,224.0,,,4.0,16.0,cpu_batch_short,0,short_measurement,0.9597761000040919,4.167638681545568,img/s,,,,,,,,,,,,,,0,PASS,3,convnext_large_vision_hard_msi_cpu_batch_sweep.csv
vision,hard,ConvNeXt-Large,197.8,Intel i7-11800H,cpu,fp32,none,grid,,224.0,,,8.0,16.0,cpu_batch_short,0,short_measurement,1.8789653000421822,4.257662448487156,img/s,,,,,,,,,,,,,,0,PASS,3,convnext_large_vision_hard_msi_cpu_batch_sweep.csv
vision,hard,ConvNeXt-Large,197.8,Intel i7-11800H,cpu,fp32,none,batch_workload,,224.0,,,2.0,1.0,cpu_scaling_short,0,short_measurement,1.4225550999981351,1.4059209376161401,img/s,,,,,,,,,,,,,,0,PASS,3,convnext_large_vision_hard_msi_cpu_scaling.csv
vision,hard,ConvNeXt-Large,197.8,Intel i7-11800H,cpu,fp32,none,batch_workload,,224.0,,,2.0,16.0,cpu_scaling_short,0,short_measurement,0.38333640003111213,5.217349565127854,img/s,,,,,,,,,,,,,,0,PASS,3,convnext_large_vision_hard_msi_cpu_scaling.csv
vision,hard,ConvNeXt-Large,197.8,Intel i7-11800H,cpu,fp32,none,batch_workload,,224.0,,,2.0,2.0,cpu_scaling_short,0,short_measurement,0.8412908000173047,2.377299264367162,img/s,,,,,,,,,,,,,,0,PASS,3,convnext_large_vision_hard_msi_cpu_scaling.csv
vision,hard,ConvNeXt-Large,197.8,Intel i7-11800H,cpu,fp32,none,batch_workload,,224.0,,,2.0,4.0,cpu_scaling_short,0,short_measurement,0.576338900020346,3.4701804787589308,img/s,,,,,,,,,,,,,,0,PASS,3,convnext_large_vision_hard_msi_cpu_scaling.csv
vision,hard,ConvNeXt-Large,197.8,Intel i7-11800H,cpu,fp32,none,batch_workload,,224.0,,,2.0,8.0,cpu_scaling_short,0,short_measurement,0.36395999998785555,5.495109352859476,img/s,,,,,,,,,,,,,,0,PASS,3,convnext_large_vision_hard_msi_cpu_scaling.csv
vision,hard,ConvNeXt-Large,197.8,Intel i7-11800H,cpu,fp32,none,highres_single,,320.0,,,1.0,1.0,cpu_scaling_short,0,short_measurement,1.608326199988369,0.6217644157057391,img/s,,,,,,,,,,,,,,0,PASS,3,convnext_large_vision_hard_msi_cpu_scaling.csv
vision,hard,ConvNeXt-Large,197.8,Intel i7-11800H,cpu,fp32,none,highres_single,,320.0,,,1.0,16.0,cpu_scaling_short,0,short_measurement,0.4435721000190824,2.2544249287928166,img/s,,,,,,,,,,,,,,0,PASS,3,convnext_large_vision_hard_msi_cpu_scaling.csv
vision,hard,ConvNeXt-Large,197.8,Intel i7-11800H,cpu,fp32,none,highres_single,,320.0,,,1.0,2.0,cpu_scaling_short,0,short_measurement,0.8445379000040703,1.1840794829873005,img/s,,,,,,,,,,,,,,0,PASS,3,convnext_large_vision_hard_msi_cpu_scaling.csv
vision,hard,ConvNeXt-Large,197.8,Intel i7-11800H,cpu,fp32,none,highres_single,,320.0,,,1.0,4.0,cpu_scaling_short,0,short_measurement,0.5929581000236794,1.6864598020670694,img/s,,,,,,,,,,,,,,0,PASS,3,convnext_large_vision_hard_msi_cpu_scaling.csv
vision,hard,ConvNeXt-Large,197.8,Intel i7-11800H,cpu,fp32,none,highres_single,,320.0,,,1.0,8.0,cpu_scaling_short,0,short_measurement,0.5106070999754593,1.9584529867447238,img/s,,,,,,,,,,,,,,0,PASS,3,convnext_large_vision_hard_msi_cpu_scaling.csv
vision,hard,ConvNeXt-Large,197.8,Intel i7-11800H,cpu,fp32,none,batched_load,,224.0,,,2.0,1.0,sustained_power,1,no_monitor,,1.0322992651488185,img/s,19.32857142857143,,,18.632772255282585,,,,,,,0.7753139172160364,,cpu_package,0,PASS,3,convnext_large_vision_hard_msi_cpu_power.csv
vision,hard,ConvNeXt-Large,197.8,Intel i7-11800H,cpu,fp32,none,batched_load,,224.0,,,2.0,16.0,sustained_power,1,no_monitor,,4.55448377256478,img/s,36.72857142857143,,,7.986704068920784,,,,,,,0.25370868989411677,,cpu_package,0,PASS,3,convnext_large_vision_hard_msi_cpu_power.csv
vision,hard,ConvNeXt-Large,197.8,Intel i7-11800H,cpu,fp32,none,batched_load,,224.0,,,2.0,8.0,sustained_power,1,no_monitor,,3.716392130727884,img/s,32.32857142857143,,,8.613386460877532,,,,,,,1.0864064553361303,,cpu_package,0,PASS,3,convnext_large_vision_hard_msi_cpu_power.csv
vision,hard,ConvNeXt-Large,197.8,Intel i7-11800H,cpu,fp32,none,highres_single,,320.0,,,1.0,1.0,sustained_power,1,no_monitor,,0.640373686222983,img/s,20.057142857142857,,,30.974525154217627,,,,,,,0.9995833965274582,,cpu_package,0,PASS,3,convnext_large_vision_hard_msi_cpu_power.csv
vision,hard,ConvNeXt-Large,197.8,Intel i7-11800H,cpu,fp32,none,highres_single,,320.0,,,1.0,16.0,sustained_power,1,no_monitor,,2.2463295636748484,img/s,36.58571428571429,,,16.350938338956,,,,,,,0.8917785833393498,,cpu_package,0,PASS,3,convnext_large_vision_hard_msi_cpu_power.csv
vision,hard,ConvNeXt-Large,197.8,Intel i7-11800H,cpu,fp32,none,highres_single,,320.0,,,1.0,8.0,sustained_power,1,no_monitor,,2.235472409959128,img/s,37.2,,,16.653525845313297,,,,,,,-0.012964059023084099,,cpu_package,0,PASS,3,convnext_large_vision_hard_msi_cpu_power.csv
vision,hard,ConvNeXt-Large,197.8,RTX 3050 Laptop,cuda,fp16,none,grid,,160.0,,,1.0,,short_sweep,0,short_measurement,0.010104999993927777,98.96091049984292,img/s,,,,,,385.69580078125,395.06201171875,,,,,,,0,PASS,3,convnext_large_vision_hard_msi_cuda_sweep.csv
vision,hard,ConvNeXt-Large,197.8,RTX 3050 Laptop,cuda,fp16,none,grid,,160.0,,,16.0,,short_sweep,0,short_measurement,0.06853039999259636,233.47302805366013,img/s,,,,,,388.25,483.0,,,,,,,0,PASS,3,convnext_large_vision_hard_msi_cuda_sweep.csv
vision,hard,ConvNeXt-Large,197.8,RTX 3050 Laptop,cuda,fp16,none,grid,,160.0,,,4.0,,short_sweep,0,short_measurement,0.02237810002407059,178.7461846938513,img/s,,,,,,386.14111328125,410.57080078125,,,,,,,0,PASS,3,convnext_large_vision_hard_msi_cuda_sweep.csv
vision,hard,ConvNeXt-Large,197.8,RTX 3050 Laptop,cuda,fp16,none,grid,,224.0,,,1.0,,short_sweep,0,short_measurement,0.013462800008710474,74.27875325734594,img/s,,,,,,385.83642578125,399.02392578125,,,,,,,0,PASS,3,convnext_large_vision_hard_msi_cuda_sweep.csv
vision,hard,ConvNeXt-Large,197.8,RTX 3050 Laptop,cuda,fp16,none,grid,,224.0,,,16.0,,short_sweep,0,short_measurement,0.12782629998400807,125.16985942643812,img/s,,,,,,390.171875,574.921875,,,,,,,0,PASS,3,convnext_large_vision_hard_msi_cuda_sweep.csv
vision,hard,ConvNeXt-Large,197.8,RTX 3050 Laptop,cuda,fp16,none,grid,,224.0,,,4.0,,short_sweep,0,short_measurement,0.040522399998735636,98.71083647870823,img/s,,,,,,387.55517578125,433.49267578125,,,,,,,0,PASS,3,convnext_large_vision_hard_msi_cuda_sweep.csv
vision,hard,ConvNeXt-Large,197.8,RTX 3050 Laptop,cuda,fp16,none,grid,,320.0,,,1.0,,short_sweep,0,short_measurement,0.022486699977889657,44.47073163173179,img/s,,,,,,386.13525390625,410.56494140625,,,,,,,0,PASS,3,convnext_large_vision_hard_msi_cuda_sweep.csv
vision,hard,ConvNeXt-Large,197.8,RTX 3050 Laptop,cuda,fp16,none,grid,,320.0,,,16.0,,short_sweep,0,short_measurement,0.25225140003021806,63.42878571965628,img/s,,,,,,394.953125,770.953125,,,,,,,0,PASS,3,convnext_large_vision_hard_msi_cuda_sweep.csv
vision,hard,ConvNeXt-Large,197.8,RTX 3050 Laptop,cuda,fp16,none,grid,,320.0,,,4.0,,short_sweep,0,short_measurement,0.0763747000019066,52.37336447671997,img/s,,,,,,388.22705078125,482.97705078125,,,,,,,0,PASS,3,convnext_large_vision_hard_msi_cuda_sweep.csv
vision,hard,ConvNeXt-Large,197.8,RTX 3050 Laptop,cuda,fp32,none,grid,,160.0,,,1.0,,short_sweep,0,short_measurement,0.02063149999594316,48.46957323493849,img/s,,,,,,763.72509765625,801.1259765625,,,,,,,0,PASS,3,convnext_large_vision_hard_msi_cuda_sweep.csv
vision,hard,ConvNeXt-Large,197.8,RTX 3050 Laptop,cuda,fp32,none,grid,,160.0,,,16.0,,short_sweep,0,short_measurement,0.19532879994949326,81.91316387617785,img/s,,,,,,768.1767578125,957.6767578125,,,,,,,0,PASS,3,convnext_large_vision_hard_msi_cuda_sweep.csv
vision,hard,ConvNeXt-Large,197.8,RTX 3050 Laptop,cuda,fp32,none,grid,,160.0,,,4.0,,short_sweep,0,short_measurement,0.05600899999262765,71.41709369077311,img/s,,,,,,764.77197265625,811.64697265625,,,,,,,0,PASS,3,convnext_large_vision_hard_msi_cuda_sweep.csv
vision,hard,ConvNeXt-Large,197.8,RTX 3050 Laptop,cuda,fp32,none,grid,,224.0,,,1.0,,short_sweep,0,short_measurement,0.0313433000119403,31.904745180598333,img/s,,,,,,764.00634765625,802.3916015625,,,,,,,0,PASS,3,convnext_large_vision_hard_msi_cuda_sweep.csv
vision,hard,ConvNeXt-Large,197.8,RTX 3050 Laptop,cuda,fp32,none,grid,,224.0,,,16.0,,short_sweep,0,short_measurement,0.39558120002038777,40.446815974003265,img/s,,,,,,772.6767578125,1142.1767578125,,,,,,,0,PASS,3,convnext_large_vision_hard_msi_cuda_sweep.csv
vision,hard,ConvNeXt-Large,197.8,RTX 3050 Laptop,cuda,fp32,none,grid,,224.0,,,4.0,,short_sweep,0,short_measurement,0.10192310001002625,39.245274129284894,img/s,,,,,,765.74072265625,857.61572265625,,,,,,,0,PASS,3,convnext_large_vision_hard_msi_cuda_sweep.csv
vision,hard,ConvNeXt-Large,197.8,RTX 3050 Laptop,cuda,fp32,none,grid,,320.0,,,1.0,,short_sweep,0,short_measurement,0.057048199989367276,17.529036852808353,img/s,,,,,,764.76025390625,811.63525390625,,,,,,,0,PASS,3,convnext_large_vision_hard_msi_cuda_sweep.csv
vision,hard,ConvNeXt-Large,197.8,RTX 3050 Laptop,cuda,fp32,none,grid,,320.0,,,16.0,,short_sweep,0,short_measurement,0.7797500999877229,20.519394611494015,img/s,,,,,,782.2392578125,1534.2392578125,,,,,,,0,PASS,3,convnext_large_vision_hard_msi_cuda_sweep.csv
vision,hard,ConvNeXt-Large,197.8,RTX 3050 Laptop,cuda,fp32,none,grid,,320.0,,,4.0,,short_sweep,0,short_measurement,0.1987508999882266,20.12569502949143,img/s,,,,,,768.13134765625,957.63134765625,,,,,,,0,PASS,3,convnext_large_vision_hard_msi_cuda_sweep.csv
vision,hard,ConvNeXt-Large,197.8,RTX 3050 Laptop,cuda,fp16,none,grid,light,160.0,,,1.0,,sustained_power,1,no_monitor,,102.78793166918739,img/s,57.0657,,,0.5825073506106513,,,395.06396484375,660.50390625,74.05,85.0,-4.691504998338751,,gpu_board,0,PASS,3,convnext_large_vision_hard_msi_cuda_power.csv
vision,hard,ConvNeXt-Large,197.8,RTX 3050 Laptop,cuda,fp16,none,grid,medium,224.0,,,4.0,,sustained_power,1,no_monitor,,94.10077459251468,img/s,57.27675,,,0.608055695727903,,,433.50048828125,720.50390625,95.0,84.0,0.08754800783336558,,gpu_board,0,PASS,3,convnext_large_vision_hard_msi_cuda_power.csv
vision,hard,ConvNeXt-Large,197.8,RTX 3050 Laptop,cuda,fp16,none,grid,heavy,320.0,,,16.0,,sustained_power,1,no_monitor,,60.90866941046307,img/s,57.57652380952381,,,0.9449771601721341,,,770.98388671875,1224.50390625,95.19047619047619,85.0,0.08196167725607316,,gpu_board,0,PASS,3,convnext_large_vision_hard_msi_cuda_power.csv
vision,hard,ConvNeXt-Large,197.8,RTX 3050 Laptop,cuda,fp32,none,grid,light,160.0,,,1.0,,sustained_power,1,no_monitor,,47.629224113218605,img/s,57.1539,,,1.1996212044560983,,,801.1298828125,1084.50390625,95.0,78.0,-0.5037516737718533,,gpu_board,0,PASS,3,convnext_large_vision_hard_msi_cuda_power.csv
vision,hard,ConvNeXt-Large,197.8,RTX 3050 Laptop,cuda,fp32,none,grid,medium,224.0,,,4.0,,sustained_power,1,no_monitor,,37.30040966056431,img/s,57.41833333333334,,,1.5397376674920789,,,857.63134765625,1158.50390625,95.23809523809524,82.0,-0.025268526622862178,,gpu_board,0,PASS,3,convnext_large_vision_hard_msi_cuda_power.csv
vision,hard,ConvNeXt-Large,197.8,RTX 3050 Laptop,cuda,fp32,none,grid,heavy,320.0,,,16.0,,sustained_power,1,no_monitor,,19.66405604053286,img/s,57.89376923076923,,,2.9397042367053237,,,1534.30029296875,2190.50390625,96.03846153846153,83.0,0.1520488719432518,,gpu_board,0,PASS,3,convnext_large_vision_hard_msi_cuda_power.csv
vision,medium,ConvNeXt-Base,88.6,Apple M4,cpu,fp32,none,grid,,224.0,,,1.0,4.0,cpu_batch_short,0,short_measurement,0.5782960420037853,1.7292181294117426,img/s,,,,,,,,,,,,,,0,PASS,3,convnext_base_vision_medium_mac_cpu_batch_sweep.csv
vision,medium,ConvNeXt-Base,88.6,Apple M4,cpu,fp32,none,grid,,224.0,,,2.0,4.0,cpu_batch_short,0,short_measurement,1.2775679170008516,1.5654745030660213,img/s,,,,,,,,,,,,,,0,PASS,3,convnext_base_vision_medium_mac_cpu_batch_sweep.csv
vision,medium,ConvNeXt-Base,88.6,Apple M4,cpu,fp32,none,grid,,224.0,,,4.0,4.0,cpu_batch_short,0,short_measurement,1.2795810840034392,3.1260230789635908,img/s,,,,,,,,,,,,,,0,PASS,3,convnext_base_vision_medium_mac_cpu_batch_sweep.csv
vision,medium,ConvNeXt-Base,88.6,Apple M4,cpu,fp32,none,grid,,224.0,,,8.0,4.0,cpu_batch_short,0,short_measurement,2.1577810419985326,3.707512414044761,img/s,,,,,,,,,,,,,,0,PASS,3,convnext_base_vision_medium_mac_cpu_batch_sweep.csv
vision,medium,ConvNeXt-Base,88.6,Apple M4,cpu,fp32,none,batch_workload,,224.0,,,8.0,1.0,cpu_scaling_short,0,short_measurement,5.819683624999016,1.3746451723999606,img/s,,,,,,,,,,,,,,0,PASS,3,convnext_base_vision_medium_mac_cpu_scaling.csv
vision,medium,ConvNeXt-Base,88.6,Apple M4,cpu,fp32,none,batch_workload,,224.0,,,8.0,10.0,cpu_scaling_short,0,short_measurement,2.518178291997174,3.176899755439945,img/s,,,,,,,,,,,,,,0,PASS,3,convnext_base_vision_medium_mac_cpu_scaling.csv
vision,medium,ConvNeXt-Base,88.6,Apple M4,cpu,fp32,none,batch_workload,,224.0,,,8.0,2.0,cpu_scaling_short,0,short_measurement,3.4943813330028206,2.2893895192386955,img/s,,,,,,,,,,,,,,0,PASS,3,convnext_base_vision_medium_mac_cpu_scaling.csv
vision,medium,ConvNeXt-Base,88.6,Apple M4,cpu,fp32,none,batch_workload,,224.0,,,8.0,4.0,cpu_scaling_short,0,short_measurement,2.143614249987877,3.732014750342905,img/s,,,,,,,,,,,,,,0,PASS,3,convnext_base_vision_medium_mac_cpu_scaling.csv
vision,medium,ConvNeXt-Base,88.6,Apple M4,cpu,fp32,none,batch_workload,,224.0,,,8.0,6.0,cpu_scaling_short,0,short_measurement,2.4652242500014836,3.245140883226013,img/s,,,,,,,,,,,,,,0,PASS,3,convnext_base_vision_medium_mac_cpu_scaling.csv
vision,medium,ConvNeXt-Base,88.6,Apple M4,cpu,fp32,none,batch_workload,,224.0,,,8.0,8.0,cpu_scaling_short,0,short_measurement,2.41173887498735,3.31710869819684,img/s,,,,,,,,,,,,,,0,PASS,3,convnext_base_vision_medium_mac_cpu_scaling.csv
vision,medium,ConvNeXt-Base,88.6,Apple M4,cpu,fp32,none,highres_single,,320.0,,,1.0,1.0,cpu_scaling_short,0,short_measurement,1.587080875004176,0.6300876128933056,img/s,,,,,,,,,,,,,,0,PASS,3,convnext_base_vision_medium_mac_cpu_scaling.csv
vision,medium,ConvNeXt-Base,88.6,Apple M4,cpu,fp32,none,highres_single,,320.0,,,1.0,10.0,cpu_scaling_short,0,short_measurement,0.9271848330099601,1.0785336045172966,img/s,,,,,,,,,,,,,,0,PASS,3,convnext_base_vision_medium_mac_cpu_scaling.csv
vision,medium,ConvNeXt-Base,88.6,Apple M4,cpu,fp32,none,highres_single,,320.0,,,1.0,2.0,cpu_scaling_short,0,short_measurement,1.0341511250007898,0.966976659237533,img/s,,,,,,,,,,,,,,0,PASS,3,convnext_base_vision_medium_mac_cpu_scaling.csv
vision,medium,ConvNeXt-Base,88.6,Apple M4,cpu,fp32,none,highres_single,,320.0,,,1.0,4.0,cpu_scaling_short,0,short_measurement,0.8224777089926647,1.2158384222044838,img/s,,,,,,,,,,,,,,0,PASS,3,convnext_base_vision_medium_mac_cpu_scaling.csv
vision,medium,ConvNeXt-Base,88.6,Apple M4,cpu,fp32,none,highres_single,,320.0,,,1.0,6.0,cpu_scaling_short,0,short_measurement,0.9852289580012439,1.014992496798635,img/s,,,,,,,,,,,,,,0,PASS,3,convnext_base_vision_medium_mac_cpu_scaling.csv
vision,medium,ConvNeXt-Base,88.6,Apple M4,cpu,fp32,none,highres_single,,320.0,,,1.0,8.0,cpu_scaling_short,0,short_measurement,0.8679445830057375,1.1521472909444836,img/s,,,,,,,,,,,,,,0,PASS,3,convnext_base_vision_medium_mac_cpu_scaling.csv
vision,medium,ConvNeXt-Base,88.6,Apple M4,mps,fp16,none,grid,,160.0,,,1.0,,short_sweep,0,short_measurement,0.014320125002996065,69.83179265479731,img/s,,,,,,169.138916015625,,,,,,,,0,PASS,3,convnext_base_vision_medium_mac_mps_sweep.csv
vision,medium,ConvNeXt-Base,88.6,Apple M4,mps,fp16,none,grid,,160.0,,,16.0,,short_sweep,0,short_measurement,0.11090141598833725,144.27227873882703,img/s,,,,,,172.14599609375,,,,,,,,0,PASS,3,convnext_base_vision_medium_mac_mps_sweep.csv
vision,medium,ConvNeXt-Base,88.6,Apple M4,mps,fp16,none,grid,,160.0,,,4.0,,short_sweep,0,short_measurement,0.03739358299935702,106.97022534772289,img/s,,,,,,169.584228515625,,,,,,,,0,PASS,3,convnext_base_vision_medium_mac_mps_sweep.csv
vision,medium,ConvNeXt-Base,88.6,Apple M4,mps,fp16,none,grid,,224.0,,,1.0,,short_sweep,0,short_measurement,0.019943332998082042,50.14207003895339,img/s,,,,,,169.279541015625,,,,,,,,0,PASS,3,convnext_base_vision_medium_mac_mps_sweep.csv
vision,medium,ConvNeXt-Base,88.6,Apple M4,mps,fp16,none,grid,,224.0,,,16.0,,short_sweep,0,short_measurement,0.21956199999840464,72.87235496177051,img/s,,,,,,173.64599609375,,,,,,,,0,PASS,3,convnext_base_vision_medium_mac_mps_sweep.csv
vision,medium,ConvNeXt-Base,88.6,Apple M4,mps,fp16,none,grid,,224.0,,,4.0,,short_sweep,0,short_measurement,0.05834408299415372,68.55879456363748,img/s,,,,,,170.560791015625,,,,,,,,0,PASS,3,convnext_base_vision_medium_mac_mps_sweep.csv
vision,medium,ConvNeXt-Base,88.6,Apple M4,mps,fp16,none,grid,,320.0,,,1.0,,short_sweep,0,short_measurement,0.03272304199344944,30.559506056930214,img/s,,,,,,169.578369140625,,,,,,,,0,PASS,3,convnext_base_vision_medium_mac_mps_sweep.csv
vision,medium,ConvNeXt-Base,88.6,Apple M4,mps,fp16,none,grid,,320.0,,,16.0,,short_sweep,0,short_measurement,0.4398439579963451,36.37653697207988,img/s,,,,,,178.52099609375,,,,,,,,0,PASS,3,convnext_base_vision_medium_mac_mps_sweep.csv
vision,medium,ConvNeXt-Base,88.6,Apple M4,mps,fp16,none,grid,,320.0,,,4.0,,short_sweep,0,short_measurement,0.11116754100658,35.98172599466998,img/s,,,,,,172.123291015625,,,,,,,,0,PASS,3,convnext_base_vision_medium_mac_mps_sweep.csv
vision,medium,ConvNeXt-Base,88.6,Apple M4,mps,fp32,none,grid,,160.0,,,1.0,,short_sweep,0,short_measurement,0.014756499993382022,67.76674688770906,img/s,,,,,,338.34033203125,,,,,,,,0,PASS,3,convnext_base_vision_medium_mac_mps_sweep.csv
vision,medium,ConvNeXt-Base,88.6,Apple M4,mps,fp32,none,grid,,160.0,,,16.0,,short_sweep,0,short_measurement,0.15696320800634567,101.9347158052042,img/s,,,,,,342.8544921875,,,,,,,,0,PASS,3,convnext_base_vision_medium_mac_mps_sweep.csv
vision,medium,ConvNeXt-Base,88.6,Apple M4,mps,fp32,none,grid,,160.0,,,4.0,,short_sweep,0,short_measurement,0.037312792002921924,107.20184111890539,img/s,,,,,,339.808837890625,,,,,,,,0,PASS,3,convnext_base_vision_medium_mac_mps_sweep.csv
vision,medium,ConvNeXt-Base,88.6,Apple M4,mps,fp32,none,grid,,224.0,,,1.0,,short_sweep,0,short_measurement,0.023459749994799495,42.62620020339849,img/s,,,,,,338.62158203125,,,,,,,,0,PASS,3,convnext_base_vision_medium_mac_mps_sweep.csv
vision,medium,ConvNeXt-Base,88.6,Apple M4,mps,fp32,none,grid,,224.0,,,16.0,,short_sweep,0,short_measurement,0.2714841249980964,58.935306070335386,img/s,,,,,,347.3544921875,,,,,,,,0,PASS,3,convnext_base_vision_medium_mac_mps_sweep.csv
vision,medium,ConvNeXt-Base,88.6,Apple M4,mps,fp32,none,grid,,224.0,,,4.0,,short_sweep,0,short_measurement,0.06932574999518692,57.69861848270964,img/s,,,,,,341.183837890625,,,,,,,,0,PASS,3,convnext_base_vision_medium_mac_mps_sweep.csv
vision,medium,ConvNeXt-Base,88.6,Apple M4,mps,fp32,none,grid,,320.0,,,1.0,,short_sweep,0,short_measurement,0.038595417005126365,25.909812034604442,img/s,,,,,,339.60986328125,,,,,,,,0,PASS,3,convnext_base_vision_medium_mac_mps_sweep.csv
vision,medium,ConvNeXt-Base,88.6,Apple M4,mps,fp32,none,grid,,320.0,,,16.0,,short_sweep,0,short_measurement,0.5537782920000609,28.89242903006072,img/s,,,,,,357.1044921875,,,,,,,,0,PASS,3,convnext_base_vision_medium_mac_mps_sweep.csv
vision,medium,ConvNeXt-Base,88.6,Apple M4,mps,fp32,none,grid,,320.0,,,4.0,,short_sweep,0,short_measurement,0.13248387500061654,30.192353597608655,img/s,,,,,,342.808837890625,,,,,,,,0,PASS,3,convnext_base_vision_medium_mac_mps_sweep.csv
vision,medium,ConvNeXt-Base,88.6,Apple M4,mps,fp16,none,grid,light,160.0,,,1.0,,sustained_power,1,no_monitor,,78.29029702869214,img/s,12.125789473684211,,0.1560310270403348,0.1560310270403348,,169.136962890625,,,,,-0.003110554388357647,,combined_soc,0,PASS,3,convnext_base_vision_medium_mac_mps_power.csv
vision,medium,ConvNeXt-Base,88.6,Apple M4,mps,fp16,none,grid,medium,224.0,,,4.0,,sustained_power,1,no_monitor,,64.56201814389257,img/s,13.779473684210526,,0.8622681919751574,0.21556704799378934,,170.552978515625,,,,,3.3021818195624713,,combined_soc,0,PASS,3,convnext_base_vision_medium_mac_mps_power.csv
vision,medium,ConvNeXt-Base,88.6,Apple M4,mps,fp16,none,grid,heavy,320.0,,,16.0,,sustained_power,1,no_monitor,,32.6068897327798,img/s,14.264904761904763,,6.899934652151993,0.43124591575949955,,178.490478515625,,,,,1.932568949446017,,combined_soc,0,PASS,3,convnext_base_vision_medium_mac_mps_power.csv
vision,medium,ConvNeXt-Base,88.6,Apple M4,mps,fp32,none,grid,light,160.0,,,1.0,,sustained_power,1,no_monitor,,69.18263861682591,img/s,11.616947368421053,,0.1676893855234666,0.1676893855234666,,338.33642578125,,,,,-0.1011432007639125,,combined_soc,0,PASS,3,convnext_base_vision_medium_mac_mps_power.csv
vision,medium,ConvNeXt-Base,88.6,Apple M4,mps,fp32,none,grid,medium,224.0,,,4.0,,sustained_power,1,no_monitor,,58.10033234858752,img/s,15.550894736842105,,1.0832204897293898,0.27080512243234744,,341.16845703125,,,,,-0.27157533518770116,,combined_soc,0,PASS,3,convnext_base_vision_medium_mac_mps_power.csv
vision,medium,ConvNeXt-Base,88.6,Apple M4,cpu,fp32,none,batch_workload,,224.0,,,8.0,1.0,sustained_power,1,power_monitored_or_summary,5.897792166011641,1.3564397955735306,img/s,6.225727272727273,,36.71804553681593,4.589755692101991,,,,,,,,,combined_soc,0,PASS,3,convnext_base_vision_medium_mac_cpu_power.csv
vision,medium,ConvNeXt-Base,88.6,Apple M4,cpu,fp32,none,batch_workload,,224.0,,,8.0,10.0,sustained_power,1,power_monitored_or_summary,2.5134769160067663,3.1828420420545704,img/s,15.1005,,37.7540863721124,4.71926079651405,,,,,,,,,combined_soc,0,PASS,3,convnext_base_vision_medium_mac_cpu_power.csv
vision,medium,ConvNeXt-Base,88.6,Apple M4,cpu,fp32,none,batch_workload,,224.0,,,8.0,4.0,sustained_power,1,power_monitored_or_summary,2.3500556249928195,3.404174741618911,img/s,14.83625,,34.86601276629972,4.358251595787465,,,,,,,,,combined_soc,0,PASS,3,convnext_base_vision_medium_mac_cpu_power.csv
vision,medium,ConvNeXt-Base,88.6,Apple M4,cpu,fp32,none,highres_single,,320.0,,,1.0,1.0,sustained_power,1,power_monitored_or_summary,1.5763836249971064,0.634363351751916,img/s,5.493333333333333,,8.62053029186558,8.62053029186558,,,,,,,,,combined_soc,0,PASS,3,convnext_base_vision_medium_mac_cpu_power.csv
vision,medium,ConvNeXt-Base,88.6,Apple M4,cpu,fp32,none,highres_single,,320.0,,,1.0,10.0,sustained_power,1,power_monitored_or_summary,1.0394442079996224,0.9620525972475891,img/s,12.271,,12.735728918740913,12.735728918740913,,,,,,,,,combined_soc,0,PASS,3,convnext_base_vision_medium_mac_cpu_power.csv
vision,medium,ConvNeXt-Base,88.6,Apple M4,cpu,fp32,none,highres_single,,320.0,,,1.0,4.0,sustained_power,1,power_monitored_or_summary,0.7452196249942062,1.3418862929271014,img/s,13.451,,10.02394917579707,10.02394917579707,,,,,,,,,combined_soc,0,PASS,3,convnext_base_vision_medium_mac_cpu_power.csv
vision,medium,ConvNeXt-Base,88.6,Apple M4,mps,fp32,none,grid,heavy,320.0,,,16.0,,sustained_power,1,no_monitor,,27.787943072911855,img/s,14.36109090909091,,8.33228543806128,0.52076783987883,,357.04345703125,,,,,0.10073553017592772,,combined_soc,0,PASS,3,convnext_base_vision_medium_mac_mps_power.csv
vision,medium,ConvNeXt-Base,88.6,Intel i7-11800H,cpu,fp32,none,grid,,224.0,,,1.0,16.0,cpu_batch_short,0,short_measurement,0.10350219998508692,9.661630382195593,img/s,,,,,,,,,,,,,,0,PASS,3,convnext_base_vision_medium_msi_cpu_batch_sweep.csv
vision,medium,ConvNeXt-Base,88.6,Intel i7-11800H,cpu,fp32,none,grid,,224.0,,,2.0,16.0,cpu_batch_short,0,short_measurement,0.23147179995430633,8.640361376179776,img/s,,,,,,,,,,,,,,0,PASS,3,convnext_base_vision_medium_msi_cpu_batch_sweep.csv
vision,medium,ConvNeXt-Base,88.6,Intel i7-11800H,cpu,fp32,none,grid,,224.0,,,4.0,16.0,cpu_batch_short,0,short_measurement,0.4361927999998443,9.170256822215837,img/s,,,,,,,,,,,,,,0,PASS,3,convnext_base_vision_medium_msi_cpu_batch_sweep.csv
vision,medium,ConvNeXt-Base,88.6,Intel i7-11800H,cpu,fp32,none,grid,,224.0,,,8.0,16.0,cpu_batch_short,0,short_measurement,0.9934161999844946,8.05301946970954,img/s,,,,,,,,,,,,,,0,PASS,3,convnext_base_vision_medium_msi_cpu_batch_sweep.csv
vision,medium,ConvNeXt-Base,88.6,Intel i7-11800H,cpu,fp32,none,batched_load,,224.0,,,4.0,1.0,cpu_scaling_short,0,short_measurement,1.4592382999835536,2.7411561223722556,img/s,,,,,,,,,,,,,,0,PASS,3,convnext_base_vision_medium_msi_cpu_scaling.csv
vision,medium,ConvNeXt-Base,88.6,Intel i7-11800H,cpu,fp32,none,batched_load,,224.0,,,4.0,16.0,cpu_scaling_short,0,short_measurement,0.4199726000078954,9.524430879359274,img/s,,,,,,,,,,,,,,0,PASS,3,convnext_base_vision_medium_msi_cpu_scaling.csv
vision,medium,ConvNeXt-Base,88.6,Intel i7-11800H,cpu,fp32,none,batched_load,,224.0,,,4.0,2.0,cpu_scaling_short,0,short_measurement,0.8325329000363126,4.804614928521782,img/s,,,,,,,,,,,,,,0,PASS,3,convnext_base_vision_medium_msi_cpu_scaling.csv
vision,medium,ConvNeXt-Base,88.6,Intel i7-11800H,cpu,fp32,none,batched_load,,224.0,,,4.0,4.0,cpu_scaling_short,0,short_measurement,0.5304034000146203,7.541429787006913,img/s,,,,,,,,,,,,,,0,PASS,3,convnext_base_vision_medium_msi_cpu_scaling.csv
vision,medium,ConvNeXt-Base,88.6,Intel i7-11800H,cpu,fp32,none,batched_load,,224.0,,,4.0,8.0,cpu_scaling_short,0,short_measurement,0.40340010001091287,9.915713952207229,img/s,,,,,,,,,,,,,,0,PASS,3,convnext_base_vision_medium_msi_cpu_scaling.csv
vision,medium,ConvNeXt-Base,88.6,Intel i7-11800H,cpu,fp32,none,highres_single,,320.0,,,1.0,1.0,cpu_scaling_short,0,short_measurement,0.6922220999840647,1.4446230480405358,img/s,,,,,,,,,,,,,,0,PASS,3,convnext_base_vision_medium_msi_cpu_scaling.csv
vision,medium,ConvNeXt-Base,88.6,Intel i7-11800H,cpu,fp32,none,highres_single,,320.0,,,1.0,16.0,cpu_scaling_short,0,short_measurement,0.18263589998241514,5.47537477624215,img/s,,,,,,,,,,,,,,0,PASS,3,convnext_base_vision_medium_msi_cpu_scaling.csv
vision,medium,ConvNeXt-Base,88.6,Intel i7-11800H,cpu,fp32,none,highres_single,,320.0,,,1.0,2.0,cpu_scaling_short,0,short_measurement,0.41517480002949014,2.408624029996448,img/s,,,,,,,,,,,,,,0,PASS,3,convnext_base_vision_medium_msi_cpu_scaling.csv
vision,medium,ConvNeXt-Base,88.6,Intel i7-11800H,cpu,fp32,none,highres_single,,320.0,,,1.0,4.0,cpu_scaling_short,0,short_measurement,0.2307841000147164,4.3330541399352605,img/s,,,,,,,,,,,,,,0,PASS,3,convnext_base_vision_medium_msi_cpu_scaling.csv
vision,medium,ConvNeXt-Base,88.6,Intel i7-11800H,cpu,fp32,none,highres_single,,320.0,,,1.0,8.0,cpu_scaling_short,0,short_measurement,0.24419989995658398,4.095005772638682,img/s,,,,,,,,,,,,,,0,PASS,3,convnext_base_vision_medium_msi_cpu_scaling.csv
vision,medium,ConvNeXt-Base,88.6,Intel i7-11800H,cpu,fp32,none,batched_load,,224.0,,,4.0,1.0,sustained_power,1,no_monitor,,2.304961827111311,img/s,19.214285714285715,,,8.669524703403741,,,,,,,-3.9894523682089797,,cpu_package,0,PASS,3,convnext_base_vision_medium_msi_cpu_power.csv
vision,medium,ConvNeXt-Base,88.6,Intel i7-11800H,cpu,fp32,none,batched_load,,224.0,,,4.0,16.0,sustained_power,1,no_monitor,,9.91507441314165,img/s,37.416666666666664,,,3.777339426102976,,,,,,,-0.08170177144743672,,cpu_package,0,PASS,3,convnext_base_vision_medium_msi_cpu_power.csv
vision,medium,ConvNeXt-Base,88.6,Intel i7-11800H,cpu,fp32,none,batched_load,,224.0,,,4.0,8.0,sustained_power,1,no_monitor,,8.046301055440159,img/s,32.128571428571426,,,3.9452931816932812,,,,,,,0.029681151687841866,,cpu_package,0,PASS,3,convnext_base_vision_medium_msi_cpu_power.csv
vision,medium,ConvNeXt-Base,88.6,Intel i7-11800H,cpu,fp32,none,highres_single,,320.0,,,1.0,1.0,sustained_power,1,no_monitor,,1.4603333545146688,img/s,18.65714285714286,,,12.846229152119301,,,,,,,2.1240794184977525,,cpu_package,0,PASS,3,convnext_base_vision_medium_msi_cpu_power.csv
vision,medium,ConvNeXt-Base,88.6,Intel i7-11800H,cpu,fp32,none,highres_single,,320.0,,,1.0,16.0,sustained_power,1,no_monitor,,4.396896461408785,img/s,37.13333333333333,,,8.455249420486599,,,,,,,-1.4137257782091648,,cpu_package,0,PASS,3,convnext_base_vision_medium_msi_cpu_power.csv
vision,medium,ConvNeXt-Base,88.6,Intel i7-11800H,cpu,fp32,none,highres_single,,320.0,,,1.0,8.0,sustained_power,1,no_monitor,,4.774440254697,img/s,37.871428571428574,,,8.037268579455388,,,,,,,-1.3069639647337896,,cpu_package,0,PASS,3,convnext_base_vision_medium_msi_cpu_power.csv
vision,medium,ConvNeXt-Base,88.6,RTX 3050 Laptop,cuda,fp16,none,grid,,160.0,,,1.0,,short_sweep,0,short_measurement,0.011430300015490502,87.48676750783322,img/s,,,,,,177.30078125,181.544921875,,,,,,,0,PASS,3,convnext_base_vision_medium_msi_cuda_sweep.csv
vision,medium,ConvNeXt-Base,88.6,RTX 3050 Laptop,cuda,fp16,none,grid,,160.0,,,16.0,,short_sweep,0,short_measurement,0.03705439995974302,431.7975737667555,img/s,,,,,,179.52685546875,244.02685546875,,,,,,,0,PASS,3,convnext_base_vision_medium_msi_cuda_sweep.csv
vision,medium,ConvNeXt-Base,88.6,RTX 3050 Laptop,cuda,fp16,none,grid,,160.0,,,4.0,,short_sweep,0,short_measurement,0.017387700034305453,230.04767692725952,img/s,,,,,,177.74609375,194.55859375,,,,,,,0,PASS,3,convnext_base_vision_medium_msi_cuda_sweep.csv
vision,medium,ConvNeXt-Base,88.6,RTX 3050 Laptop,cuda,fp16,none,grid,,224.0,,,1.0,,short_sweep,0,short_measurement,0.007811499992385507,128.01638622220827,img/s,,,,,,177.44140625,186.97265625,,,,,,,0,PASS,3,convnext_base_vision_medium_msi_cuda_sweep.csv
vision,medium,ConvNeXt-Base,88.6,RTX 3050 Laptop,cuda,fp16,none,grid,,224.0,,,16.0,,short_sweep,0,short_measurement,0.06864469998981804,233.08427311028026,img/s,,,,,,181.77685546875,306.27685546875,,,,,,,0,PASS,3,convnext_base_vision_medium_msi_cuda_sweep.csv
vision,medium,ConvNeXt-Base,88.6,RTX 3050 Laptop,cuda,fp16,none,grid,,224.0,,,4.0,,short_sweep,0,short_measurement,0.021934299962595105,182.36278371414912,img/s,,,,,,179.03515625,210.59765625,,,,,,,0,PASS,3,convnext_base_vision_medium_msi_cuda_sweep.csv
vision,medium,ConvNeXt-Base,88.6,RTX 3050 Laptop,cuda,fp16,none,grid,,320.0,,,1.0,,short_sweep,0,short_measurement,0.011286399967502803,88.60221176631376,img/s,,,,,,177.740234375,194.552734375,,,,,,,0,PASS,3,convnext_base_vision_medium_msi_cuda_sweep.csv
vision,medium,ConvNeXt-Base,88.6,RTX 3050 Laptop,cuda,fp16,none,grid,,320.0,,,16.0,,short_sweep,0,short_measurement,0.1317022000439465,121.48620140484446,img/s,,,,,,186.55810546875,438.55810546875,,,,,,,0,PASS,3,convnext_base_vision_medium_msi_cuda_sweep.csv
vision,medium,ConvNeXt-Base,88.6,RTX 3050 Laptop,cuda,fp16,none,grid,,320.0,,,4.0,,short_sweep,0,short_measurement,0.042285700037609786,94.59462646810427,img/s,,,,,,179.50390625,244.00390625,,,,,,,0,PASS,3,convnext_base_vision_medium_msi_cuda_sweep.csv
vision,medium,ConvNeXt-Base,88.6,RTX 3050 Laptop,cuda,fp32,none,grid,,160.0,,,1.0,,short_sweep,0,short_measurement,0.01077440002700314,92.81259257998298,img/s,,,,,,346.37158203125,363.3994140625,,,,,,,0,PASS,3,convnext_base_vision_medium_msi_cuda_sweep.csv
vision,medium,ConvNeXt-Base,88.6,RTX 3050 Laptop,cuda,fp32,none,grid,,160.0,,,16.0,,short_sweep,0,short_measurement,0.09403739997651428,170.14506998275132,img/s,,,,,,350.8232421875,475.8232421875,,,,,,,0,PASS,3,convnext_base_vision_medium_msi_cuda_sweep.csv
vision,medium,ConvNeXt-Base,88.6,RTX 3050 Laptop,cuda,fp32,none,grid,,160.0,,,4.0,,short_sweep,0,short_measurement,0.026891499990597367,148.7458862985926,img/s,,,,,,348.09033203125,379.34033203125,,,,,,,0,PASS,3,convnext_base_vision_medium_msi_cuda_sweep.csv
vision,medium,ConvNeXt-Base,88.6,RTX 3050 Laptop,cuda,fp32,none,grid,,224.0,,,1.0,,short_sweep,0,short_measurement,0.015995800029486418,62.516410442529605,img/s,,,,,,346.65283203125,364.3369140625,,,,,,,0,PASS,3,convnext_base_vision_medium_msi_cuda_sweep.csv
vision,medium,ConvNeXt-Base,88.6,RTX 3050 Laptop,cuda,fp32,none,grid,,224.0,,,16.0,,short_sweep,0,short_measurement,0.18323589995270595,87.3191334456276,img/s,,,,,,355.3232421875,600.3232421875,,,,,,,0,PASS,3,convnext_base_vision_medium_msi_cuda_sweep.csv
vision,medium,ConvNeXt-Base,88.6,RTX 3050 Laptop,cuda,fp32,none,grid,,224.0,,,4.0,,short_sweep,0,short_measurement,0.050553300010506064,79.12440927038816,img/s,,,,,,348.38720703125,409.63720703125,,,,,,,0,PASS,3,convnext_base_vision_medium_msi_cuda_sweep.csv
vision,medium,ConvNeXt-Base,88.6,RTX 3050 Laptop,cuda,fp32,none,grid,,320.0,,,1.0,,short_sweep,0,short_measurement,0.027481400000397116,36.3882480508835,img/s,,,,,,348.07861328125,379.32861328125,,,,,,,0,PASS,3,convnext_base_vision_medium_msi_cuda_sweep.csv
vision,medium,ConvNeXt-Base,88.6,RTX 3050 Laptop,cuda,fp32,none,grid,,320.0,,,16.0,,short_sweep,0,short_measurement,0.3832914000377059,41.743696828120896,img/s,,,,,,364.8857421875,864.8857421875,,,,,,,0,PASS,3,convnext_base_vision_medium_msi_cuda_sweep.csv
vision,medium,ConvNeXt-Base,88.6,RTX 3050 Laptop,cuda,fp32,none,grid,,320.0,,,4.0,,short_sweep,0,short_measurement,0.09567140002036467,41.80977804389355,img/s,,,,,,350.77783203125,475.77783203125,,,,,,,0,PASS,3,convnext_base_vision_medium_msi_cuda_sweep.csv
vision,medium,ConvNeXt-Base,88.6,RTX 3050 Laptop,cuda,fp16,none,grid,light,160.0,,,1.0,,sustained_power,1,no_monitor,,88.88923346227378,img/s,47.69955,,,0.5479313387684217,,,181.546875,412.50390625,37.0,83.0,-5.121149312259155,,gpu_board,0,PASS,3,convnext_base_vision_medium_msi_cuda_power.csv
vision,medium,ConvNeXt-Base,88.6,RTX 3050 Laptop,cuda,fp16,none,grid,medium,224.0,,,4.0,,sustained_power,1,no_monitor,,171.5447197979566,img/s,57.51645,,,0.33469003325178787,,,210.60546875,462.50390625,94.7,85.0,0.17790343602276015,,gpu_board,0,PASS,3,convnext_base_vision_medium_msi_cuda_power.csv
vision,medium,ConvNeXt-Base,88.6,RTX 3050 Laptop,cuda,fp16,none,grid,heavy,320.0,,,16.0,,sustained_power,1,no_monitor,,117.0938211060214,img/s,57.37285714285714,,,0.48854568913454544,,,438.5888671875,812.50390625,95.23809523809524,84.0,0.2627582463720887,,gpu_board,0,PASS,3,convnext_base_vision_medium_msi_cuda_power.csv
vision,medium,ConvNeXt-Base,88.6,RTX 3050 Laptop,cuda,fp32,none,grid,light,160.0,,,1.0,,sustained_power,1,no_monitor,,89.30653604354521,img/s,57.208,,,0.6361674590511361,,,363.4033203125,588.50390625,91.25,80.0,-1.1287035754045789,,gpu_board,0,PASS,3,convnext_base_vision_medium_msi_cuda_power.csv
vision,medium,ConvNeXt-Base,88.6,RTX 3050 Laptop,cuda,fp32,none,grid,medium,224.0,,,4.0,,sustained_power,1,no_monitor,,73.99512625985668,img/s,57.4275,,,0.7749887296869943,,,409.65283203125,660.50390625,95.0,83.0,-0.0286643615912981,,gpu_board,0,PASS,3,convnext_base_vision_medium_msi_cuda_power.csv
vision,medium,ConvNeXt-Base,88.6,RTX 3050 Laptop,cuda,fp32,none,grid,heavy,320.0,,,16.0,,sustained_power,1,no_monitor,,39.57444783570347,img/s,57.84921739130435,,,1.4624855225317632,,,864.94677734375,1356.50390625,95.65217391304348,85.0,0.06800649768382956,,gpu_board,0,PASS,3,convnext_base_vision_medium_msi_cuda_power.csv
