modality,difficulty,model,model_params_m,device,backend,precision,quantization,workload,profile,resolution,context_tokens,output_tokens,batch,threads,repeat,measurement_mode,is_sustained,throughput_basis,latency_sec,throughput,throughput_unit,power_w,dynamic_power_w,energy_per_run_j,energy_per_item_j,dynamic_energy_per_item_j,memory_allocated_mb,memory_peak_mb,device_memory_used_mb,gpu_util_pct,temp_c,monitor_delta_pct,duration_sec,energy_boundary,quality_measured,status,source_file
text,easy,DistilGPT2,82.0,Apple M4,mps,unspecified,none,grid,,,32.0,32.0,1.0,,1.0,short_sweep,0,short_measurement,0.1648323339977651,194.13666738732147,tok/s,,,,,,313.2353515625,,,,,,,,0,PASS,distilgpt2_easy_mps_sweep.csv
text,easy,DistilGPT2,82.0,Apple M4,mps,unspecified,none,grid,,,32.0,32.0,1.0,,2.0,short_sweep,0,short_measurement,0.19350495799881173,165.37043975998023,tok/s,,,,,,313.2353515625,,,,,,,,0,PASS,distilgpt2_easy_mps_sweep.csv
text,easy,DistilGPT2,82.0,Apple M4,mps,unspecified,none,grid,,,32.0,32.0,1.0,,3.0,short_sweep,0,short_measurement,0.169144999999844,189.18679239723025,tok/s,,,,,,313.2353515625,,,,,,,,0,PASS,distilgpt2_easy_mps_sweep.csv
text,easy,DistilGPT2,82.0,Apple M4,mps,unspecified,none,grid,,,32.0,32.0,2.0,,1.0,short_sweep,0,short_measurement,0.22479274999932386,284.7066909417341,tok/s,,,,,,313.236328125,,,,,,,,0,PASS,distilgpt2_easy_mps_sweep.csv
text,easy,DistilGPT2,82.0,Apple M4,mps,unspecified,none,grid,,,32.0,32.0,2.0,,2.0,short_sweep,0,short_measurement,0.22417987500011805,285.4850374056382,tok/s,,,,,,313.236328125,,,,,,,,0,PASS,distilgpt2_easy_mps_sweep.csv
text,easy,DistilGPT2,82.0,Apple M4,mps,unspecified,none,grid,,,32.0,32.0,2.0,,3.0,short_sweep,0,short_measurement,0.21784649999972316,293.784843915699,tok/s,,,,,,313.236328125,,,,,,,,0,PASS,distilgpt2_easy_mps_sweep.csv
text,easy,DistilGPT2,82.0,Apple M4,mps,unspecified,none,grid,,,32.0,32.0,4.0,,1.0,short_sweep,0,short_measurement,0.2143375420018856,597.1888956292778,tok/s,,,,,,313.23828125,,,,,,,,0,PASS,distilgpt2_easy_mps_sweep.csv
text,easy,DistilGPT2,82.0,Apple M4,mps,unspecified,none,grid,,,32.0,32.0,4.0,,2.0,short_sweep,0,short_measurement,0.2159240420005517,592.8010554733546,tok/s,,,,,,313.23828125,,,,,,,,0,PASS,distilgpt2_easy_mps_sweep.csv
text,easy,DistilGPT2,82.0,Apple M4,mps,unspecified,none,grid,,,32.0,32.0,4.0,,3.0,short_sweep,0,short_measurement,0.2141507090018422,597.7099053120525,tok/s,,,,,,313.23828125,,,,,,,,0,PASS,distilgpt2_easy_mps_sweep.csv
text,easy,DistilGPT2,82.0,Apple M4,mps,unspecified,none,grid,,,32.0,32.0,8.0,,1.0,short_sweep,0,short_measurement,0.25806729100077064,991.9893335077305,tok/s,,,,,,313.2421875,,,,,,,,0,PASS,distilgpt2_easy_mps_sweep.csv
text,easy,DistilGPT2,82.0,Apple M4,mps,unspecified,none,grid,,,32.0,32.0,8.0,,2.0,short_sweep,0,short_measurement,0.2470700419980858,1036.1434268990952,tok/s,,,,,,313.2421875,,,,,,,,0,PASS,distilgpt2_easy_mps_sweep.csv
text,easy,DistilGPT2,82.0,Apple M4,mps,unspecified,none,grid,,,32.0,32.0,8.0,,3.0,short_sweep,0,short_measurement,0.2408167499997944,1063.0489781139333,tok/s,,,,,,313.2421875,,,,,,,,0,PASS,distilgpt2_easy_mps_sweep.csv
text,easy,DistilGPT2,82.0,Apple M4,mps,unspecified,none,grid,,,32.0,64.0,1.0,,1.0,short_sweep,0,short_measurement,0.3970493750020978,161.18902088603429,tok/s,,,,,,313.235595703125,,,,,,,,0,PASS,distilgpt2_easy_mps_sweep.csv
text,easy,DistilGPT2,82.0,Apple M4,mps,unspecified,none,grid,,,32.0,64.0,1.0,,2.0,short_sweep,0,short_measurement,0.433865250000963,147.51123764776725,tok/s,,,,,,313.235595703125,,,,,,,,0,PASS,distilgpt2_easy_mps_sweep.csv
text,easy,DistilGPT2,82.0,Apple M4,mps,unspecified,none,grid,,,32.0,64.0,1.0,,3.0,short_sweep,0,short_measurement,0.4589666659994691,139.44367802971126,tok/s,,,,,,313.235595703125,,,,,,,,0,PASS,distilgpt2_easy_mps_sweep.csv
text,easy,DistilGPT2,82.0,Apple M4,mps,unspecified,none,grid,,,32.0,64.0,2.0,,1.0,short_sweep,0,short_measurement,0.4432020839994948,288.8073062403423,tok/s,,,,,,313.23681640625,,,,,,,,0,PASS,distilgpt2_easy_mps_sweep.csv
text,easy,DistilGPT2,82.0,Apple M4,mps,unspecified,none,grid,,,32.0,64.0,2.0,,2.0,short_sweep,0,short_measurement,0.44488704199829954,287.71348211236335,tok/s,,,,,,313.23681640625,,,,,,,,0,PASS,distilgpt2_easy_mps_sweep.csv
text,easy,DistilGPT2,82.0,Apple M4,mps,unspecified,none,grid,,,32.0,64.0,2.0,,3.0,short_sweep,0,short_measurement,0.4384033329988597,291.96858318669064,tok/s,,,,,,313.23681640625,,,,,,,,0,PASS,distilgpt2_easy_mps_sweep.csv
text,easy,DistilGPT2,82.0,Apple M4,mps,unspecified,none,grid,,,32.0,64.0,4.0,,1.0,short_sweep,0,short_measurement,0.5686872089972894,450.15958852209775,tok/s,,,,,,313.2392578125,,,,,,,,0,PASS,distilgpt2_easy_mps_sweep.csv
text,easy,DistilGPT2,82.0,Apple M4,mps,unspecified,none,grid,,,32.0,64.0,4.0,,2.0,short_sweep,0,short_measurement,0.48956250000264845,522.9158687575439,tok/s,,,,,,313.2392578125,,,,,,,,0,PASS,distilgpt2_easy_mps_sweep.csv
text,easy,DistilGPT2,82.0,Apple M4,mps,unspecified,none,grid,,,32.0,64.0,4.0,,3.0,short_sweep,0,short_measurement,0.5004036249993078,511.5870213777011,tok/s,,,,,,313.2392578125,,,,,,,,0,PASS,distilgpt2_easy_mps_sweep.csv
text,easy,DistilGPT2,82.0,Apple M4,mps,unspecified,none,grid,,,32.0,64.0,8.0,,1.0,short_sweep,0,short_measurement,0.5013807079994876,1021.1800969424679,tok/s,,,,,,313.244140625,,,,,,,,0,PASS,distilgpt2_easy_mps_sweep.csv
text,easy,DistilGPT2,82.0,Apple M4,mps,unspecified,none,grid,,,32.0,64.0,8.0,,2.0,short_sweep,0,short_measurement,0.5518959170003654,927.7111575363602,tok/s,,,,,,313.244140625,,,,,,,,0,PASS,distilgpt2_easy_mps_sweep.csv
text,easy,DistilGPT2,82.0,Apple M4,mps,unspecified,none,grid,,,32.0,64.0,8.0,,3.0,short_sweep,0,short_measurement,0.5318504169990774,962.6766918580571,tok/s,,,,,,313.244140625,,,,,,,,0,PASS,distilgpt2_easy_mps_sweep.csv
text,easy,DistilGPT2,82.0,Apple M4,mps,unspecified,none,grid,,,32.0,128.0,1.0,,1.0,short_sweep,0,short_measurement,0.7908829160005553,161.84443665478057,tok/s,,,,,,313.236083984375,,,,,,,,0,PASS,distilgpt2_easy_mps_sweep.csv
text,easy,DistilGPT2,82.0,Apple M4,mps,unspecified,none,grid,,,32.0,128.0,1.0,,2.0,short_sweep,0,short_measurement,0.7295457910004188,175.4516324800872,tok/s,,,,,,313.236083984375,,,,,,,,0,PASS,distilgpt2_easy_mps_sweep.csv
text,easy,DistilGPT2,82.0,Apple M4,mps,unspecified,none,grid,,,32.0,128.0,1.0,,3.0,short_sweep,0,short_measurement,0.6987502080010017,183.1842030733485,tok/s,,,,,,313.236083984375,,,,,,,,0,PASS,distilgpt2_easy_mps_sweep.csv
text,easy,DistilGPT2,82.0,Apple M4,mps,unspecified,none,grid,,,32.0,128.0,2.0,,1.0,short_sweep,0,short_measurement,0.8403282500003115,304.64285831150517,tok/s,,,,,,313.23779296875,,,,,,,,0,PASS,distilgpt2_easy_mps_sweep.csv
text,easy,DistilGPT2,82.0,Apple M4,mps,unspecified,none,grid,,,32.0,128.0,2.0,,2.0,short_sweep,0,short_measurement,0.929124292000779,275.5282605395333,tok/s,,,,,,313.23779296875,,,,,,,,0,PASS,distilgpt2_easy_mps_sweep.csv
text,easy,DistilGPT2,82.0,Apple M4,mps,unspecified,none,grid,,,32.0,128.0,2.0,,3.0,short_sweep,0,short_measurement,0.9469101249997038,270.353007367072,tok/s,,,,,,313.23779296875,,,,,,,,0,PASS,distilgpt2_easy_mps_sweep.csv
text,easy,DistilGPT2,82.0,Apple M4,mps,unspecified,none,grid,,,32.0,128.0,4.0,,1.0,short_sweep,0,short_measurement,0.819283707998693,624.9361423903925,tok/s,,,,,,313.2412109375,,,,,,,,0,PASS,distilgpt2_easy_mps_sweep.csv
text,easy,DistilGPT2,82.0,Apple M4,mps,unspecified,none,grid,,,32.0,128.0,4.0,,2.0,short_sweep,0,short_measurement,0.8209812919994874,623.6439307320046,tok/s,,,,,,313.2412109375,,,,,,,,0,PASS,distilgpt2_easy_mps_sweep.csv
text,easy,DistilGPT2,82.0,Apple M4,mps,unspecified,none,grid,,,32.0,128.0,4.0,,3.0,short_sweep,0,short_measurement,1.02088937499866,501.52348779285904,tok/s,,,,,,313.2412109375,,,,,,,,0,PASS,distilgpt2_easy_mps_sweep.csv
text,easy,DistilGPT2,82.0,Apple M4,mps,unspecified,none,grid,,,32.0,128.0,8.0,,1.0,short_sweep,0,short_measurement,1.008296459000121,1015.5743292160832,tok/s,,,,,,313.248046875,,,,,,,,0,PASS,distilgpt2_easy_mps_sweep.csv
text,easy,DistilGPT2,82.0,Apple M4,mps,unspecified,none,grid,,,32.0,128.0,8.0,,2.0,short_sweep,0,short_measurement,0.927224874998501,1104.3707169759175,tok/s,,,,,,313.248046875,,,,,,,,0,PASS,distilgpt2_easy_mps_sweep.csv
text,easy,DistilGPT2,82.0,Apple M4,mps,unspecified,none,grid,,,32.0,128.0,8.0,,3.0,short_sweep,0,short_measurement,0.9263925830018707,1105.3629085434206,tok/s,,,,,,313.248046875,,,,,,,,0,PASS,distilgpt2_easy_mps_sweep.csv
text,easy,DistilGPT2,82.0,Apple M4,mps,unspecified,none,grid,,,128.0,32.0,1.0,,1.0,short_sweep,0,short_measurement,0.15904241599855595,201.20418694023454,tok/s,,,,,,313.237548828125,,,,,,,,0,PASS,distilgpt2_easy_mps_sweep.csv
text,easy,DistilGPT2,82.0,Apple M4,mps,unspecified,none,grid,,,128.0,32.0,1.0,,2.0,short_sweep,0,short_measurement,0.15933091699844226,200.83986587683327,tok/s,,,,,,313.237548828125,,,,,,,,0,PASS,distilgpt2_easy_mps_sweep.csv
text,easy,DistilGPT2,82.0,Apple M4,mps,unspecified,none,grid,,,128.0,32.0,1.0,,3.0,short_sweep,0,short_measurement,0.159730875002424,200.33697304615893,tok/s,,,,,,313.237548828125,,,,,,,,0,PASS,distilgpt2_easy_mps_sweep.csv
text,easy,DistilGPT2,82.0,Apple M4,mps,unspecified,none,grid,,,128.0,32.0,2.0,,1.0,short_sweep,0,short_measurement,0.20167087499794434,317.3487495437919,tok/s,,,,,,313.24072265625,,,,,,,,0,PASS,distilgpt2_easy_mps_sweep.csv
text,easy,DistilGPT2,82.0,Apple M4,mps,unspecified,none,grid,,,128.0,32.0,2.0,,2.0,short_sweep,0,short_measurement,0.212646208001388,300.9693923137452,tok/s,,,,,,313.24072265625,,,,,,,,0,PASS,distilgpt2_easy_mps_sweep.csv
text,easy,DistilGPT2,82.0,Apple M4,mps,unspecified,none,grid,,,128.0,32.0,2.0,,3.0,short_sweep,0,short_measurement,0.20241266700031701,316.1857454301502,tok/s,,,,,,313.24072265625,,,,,,,,0,PASS,distilgpt2_easy_mps_sweep.csv
text,easy,DistilGPT2,82.0,Apple M4,mps,unspecified,none,grid,,,128.0,32.0,4.0,,1.0,short_sweep,0,short_measurement,0.23919879200184369,535.1197592963321,tok/s,,,,,,313.2470703125,,,,,,,,0,PASS,distilgpt2_easy_mps_sweep.csv
text,easy,DistilGPT2,82.0,Apple M4,mps,unspecified,none,grid,,,128.0,32.0,4.0,,2.0,short_sweep,0,short_measurement,0.23970562500107917,533.9883033592713,tok/s,,,,,,313.2470703125,,,,,,,,0,PASS,distilgpt2_easy_mps_sweep.csv
text,easy,DistilGPT2,82.0,Apple M4,mps,unspecified,none,grid,,,128.0,32.0,4.0,,3.0,short_sweep,0,short_measurement,0.23984625000230153,533.6752190153973,tok/s,,,,,,313.2470703125,,,,,,,,0,PASS,distilgpt2_easy_mps_sweep.csv
text,easy,DistilGPT2,82.0,Apple M4,mps,unspecified,none,grid,,,128.0,32.0,8.0,,1.0,short_sweep,0,short_measurement,0.2957093330005591,865.7149823523357,tok/s,,,,,,313.259765625,,,,,,,,0,PASS,distilgpt2_easy_mps_sweep.csv
text,easy,DistilGPT2,82.0,Apple M4,mps,unspecified,none,grid,,,128.0,32.0,8.0,,2.0,short_sweep,0,short_measurement,0.29788858399842866,859.3817076298244,tok/s,,,,,,313.259765625,,,,,,,,0,PASS,distilgpt2_easy_mps_sweep.csv
text,easy,DistilGPT2,82.0,Apple M4,mps,unspecified,none,grid,,,128.0,32.0,8.0,,3.0,short_sweep,0,short_measurement,0.29723195800033864,861.2801992163586,tok/s,,,,,,313.259765625,,,,,,,,0,PASS,distilgpt2_easy_mps_sweep.csv
text,easy,DistilGPT2,82.0,Apple M4,mps,unspecified,none,grid,,,128.0,64.0,1.0,,1.0,short_sweep,0,short_measurement,0.32052766700144275,199.67075104225535,tok/s,,,,,,313.23779296875,,,,,,,,0,PASS,distilgpt2_easy_mps_sweep.csv
text,easy,DistilGPT2,82.0,Apple M4,mps,unspecified,none,grid,,,128.0,64.0,1.0,,2.0,short_sweep,0,short_measurement,0.34564125000179047,185.16308455564396,tok/s,,,,,,313.23779296875,,,,,,,,0,PASS,distilgpt2_easy_mps_sweep.csv
text,easy,DistilGPT2,82.0,Apple M4,mps,unspecified,none,grid,,,128.0,64.0,1.0,,3.0,short_sweep,0,short_measurement,0.3143522079990362,203.59328921970297,tok/s,,,,,,313.23779296875,,,,,,,,0,PASS,distilgpt2_easy_mps_sweep.csv
text,easy,DistilGPT2,82.0,Apple M4,mps,unspecified,none,grid,,,128.0,64.0,2.0,,1.0,short_sweep,0,short_measurement,0.399626458001876,320.29911292659983,tok/s,,,,,,313.2412109375,,,,,,,,0,PASS,distilgpt2_easy_mps_sweep.csv
text,easy,DistilGPT2,82.0,Apple M4,mps,unspecified,none,grid,,,128.0,64.0,2.0,,2.0,short_sweep,0,short_measurement,0.4045494999991206,316.4013303694066,tok/s,,,,,,313.2412109375,,,,,,,,0,PASS,distilgpt2_easy_mps_sweep.csv
text,easy,DistilGPT2,82.0,Apple M4,mps,unspecified,none,grid,,,128.0,64.0,2.0,,3.0,short_sweep,0,short_measurement,0.4026807909976924,317.8696447944881,tok/s,,,,,,313.2412109375,,,,,,,,0,PASS,distilgpt2_easy_mps_sweep.csv
text,easy,DistilGPT2,82.0,Apple M4,mps,unspecified,none,grid,,,128.0,64.0,4.0,,1.0,short_sweep,0,short_measurement,0.4546781670032942,563.0356119521904,tok/s,,,,,,313.248046875,,,,,,,,0,PASS,distilgpt2_easy_mps_sweep.csv
text,easy,DistilGPT2,82.0,Apple M4,mps,unspecified,none,grid,,,128.0,64.0,4.0,,2.0,short_sweep,0,short_measurement,0.4546655420017487,563.0512461377938,tok/s,,,,,,313.248046875,,,,,,,,0,PASS,distilgpt2_easy_mps_sweep.csv
text,easy,DistilGPT2,82.0,Apple M4,mps,unspecified,none,grid,,,128.0,64.0,4.0,,3.0,short_sweep,0,short_measurement,0.4745236249982554,539.4884185185537,tok/s,,,,,,313.248046875,,,,,,,,0,PASS,distilgpt2_easy_mps_sweep.csv
text,easy,DistilGPT2,82.0,Apple M4,mps,unspecified,none,grid,,,128.0,64.0,8.0,,1.0,short_sweep,0,short_measurement,0.5828010419972998,878.5159310033838,tok/s,,,,,,313.26171875,,,,,,,,0,PASS,distilgpt2_easy_mps_sweep.csv
text,easy,DistilGPT2,82.0,Apple M4,mps,unspecified,none,grid,,,128.0,64.0,8.0,,2.0,short_sweep,0,short_measurement,0.5748884170025121,890.6076115945865,tok/s,,,,,,313.26171875,,,,,,,,0,PASS,distilgpt2_easy_mps_sweep.csv
text,easy,DistilGPT2,82.0,Apple M4,mps,unspecified,none,grid,,,128.0,64.0,8.0,,3.0,short_sweep,0,short_measurement,0.6108766669967736,838.1397222406994,tok/s,,,,,,313.26171875,,,,,,,,0,PASS,distilgpt2_easy_mps_sweep.csv
text,easy,DistilGPT2,82.0,Apple M4,mps,unspecified,none,grid,,,128.0,128.0,1.0,,1.0,short_sweep,0,short_measurement,0.6771530830010306,189.02668128265051,tok/s,,,,,,313.23828125,,,,,,,,0,PASS,distilgpt2_easy_mps_sweep.csv
text,easy,DistilGPT2,82.0,Apple M4,mps,unspecified,none,grid,,,128.0,128.0,1.0,,2.0,short_sweep,0,short_measurement,0.744236375001492,171.98836861439807,tok/s,,,,,,313.23828125,,,,,,,,0,PASS,distilgpt2_easy_mps_sweep.csv
text,easy,DistilGPT2,82.0,Apple M4,mps,unspecified,none,grid,,,128.0,128.0,1.0,,3.0,short_sweep,0,short_measurement,0.7444862920019659,171.93063374719867,tok/s,,,,,,313.23828125,,,,,,,,0,PASS,distilgpt2_easy_mps_sweep.csv
text,easy,DistilGPT2,82.0,Apple M4,mps,unspecified,none,grid,,,128.0,128.0,2.0,,1.0,short_sweep,0,short_measurement,0.8048141250001208,318.0858685848258,tok/s,,,,,,313.2421875,,,,,,,,0,PASS,distilgpt2_easy_mps_sweep.csv
text,easy,DistilGPT2,82.0,Apple M4,mps,unspecified,none,grid,,,128.0,128.0,2.0,,2.0,short_sweep,0,short_measurement,0.7946259579985053,322.16415462289933,tok/s,,,,,,313.2421875,,,,,,,,0,PASS,distilgpt2_easy_mps_sweep.csv
text,easy,DistilGPT2,82.0,Apple M4,mps,unspecified,none,grid,,,128.0,128.0,2.0,,3.0,short_sweep,0,short_measurement,0.8085502920002909,316.6160503964148,tok/s,,,,,,313.2421875,,,,,,,,0,PASS,distilgpt2_easy_mps_sweep.csv
text,easy,DistilGPT2,82.0,Apple M4,mps,unspecified,none,grid,,,128.0,128.0,4.0,,1.0,short_sweep,0,short_measurement,0.8927695829988807,573.4962410795328,tok/s,,,,,,313.25,,,,,,,,0,PASS,distilgpt2_easy_mps_sweep.csv
text,easy,DistilGPT2,82.0,Apple M4,mps,unspecified,none,grid,,,128.0,128.0,4.0,,2.0,short_sweep,0,short_measurement,0.8908439160004491,574.7359226503847,tok/s,,,,,,313.25,,,,,,,,0,PASS,distilgpt2_easy_mps_sweep.csv
text,easy,DistilGPT2,82.0,Apple M4,mps,unspecified,none,grid,,,128.0,128.0,4.0,,3.0,short_sweep,0,short_measurement,0.8919438750017434,574.0271494089235,tok/s,,,,,,313.25,,,,,,,,0,PASS,distilgpt2_easy_mps_sweep.csv
text,easy,DistilGPT2,82.0,Apple M4,mps,unspecified,none,grid,,,128.0,128.0,8.0,,1.0,short_sweep,0,short_measurement,1.082001124999806,946.3945797655095,tok/s,,,,,,313.265625,,,,,,,,0,PASS,distilgpt2_easy_mps_sweep.csv
text,easy,DistilGPT2,82.0,Apple M4,mps,unspecified,none,grid,,,128.0,128.0,8.0,,2.0,short_sweep,0,short_measurement,1.0868230419982865,942.1957029151895,tok/s,,,,,,313.265625,,,,,,,,0,PASS,distilgpt2_easy_mps_sweep.csv
text,easy,DistilGPT2,82.0,Apple M4,mps,unspecified,none,grid,,,128.0,128.0,8.0,,3.0,short_sweep,0,short_measurement,1.0907780839988845,938.7794043733713,tok/s,,,,,,313.265625,,,,,,,,0,PASS,distilgpt2_easy_mps_sweep.csv
text,easy,DistilGPT2,82.0,Apple M4,mps,unspecified,none,grid,,,512.0,32.0,1.0,,1.0,short_sweep,0,short_measurement,0.1890508750002482,169.2666061448168,tok/s,,,,,,313.246337890625,,,,,,,,0,PASS,distilgpt2_easy_mps_sweep.csv
text,easy,DistilGPT2,82.0,Apple M4,mps,unspecified,none,grid,,,512.0,32.0,1.0,,2.0,short_sweep,0,short_measurement,0.18994920799741521,168.46608805252532,tok/s,,,,,,313.246337890625,,,,,,,,0,PASS,distilgpt2_easy_mps_sweep.csv
text,easy,DistilGPT2,82.0,Apple M4,mps,unspecified,none,grid,,,512.0,32.0,1.0,,3.0,short_sweep,0,short_measurement,0.19020145800095634,168.24266404855373,tok/s,,,,,,313.246337890625,,,,,,,,0,PASS,distilgpt2_easy_mps_sweep.csv
text,easy,DistilGPT2,82.0,Apple M4,mps,unspecified,none,grid,,,512.0,32.0,2.0,,1.0,short_sweep,0,short_measurement,0.27144350000162376,235.77650597497143,tok/s,,,,,,313.25830078125,,,,,,,,0,PASS,distilgpt2_easy_mps_sweep.csv
text,easy,DistilGPT2,82.0,Apple M4,mps,unspecified,none,grid,,,512.0,32.0,2.0,,2.0,short_sweep,0,short_measurement,0.28567662500063307,224.0295298919125,tok/s,,,,,,313.25830078125,,,,,,,,0,PASS,distilgpt2_easy_mps_sweep.csv
text,easy,DistilGPT2,82.0,Apple M4,mps,unspecified,none,grid,,,512.0,32.0,2.0,,3.0,short_sweep,0,short_measurement,0.2792468750012631,229.18788258493674,tok/s,,,,,,313.25830078125,,,,,,,,0,PASS,distilgpt2_easy_mps_sweep.csv
text,easy,DistilGPT2,82.0,Apple M4,mps,unspecified,none,grid,,,512.0,32.0,4.0,,1.0,short_sweep,0,short_measurement,0.3606003749991942,354.9635798362274,tok/s,,,,,,313.2822265625,,,,,,,,0,PASS,distilgpt2_easy_mps_sweep.csv
text,easy,DistilGPT2,82.0,Apple M4,mps,unspecified,none,grid,,,512.0,32.0,4.0,,2.0,short_sweep,0,short_measurement,0.3598126249999041,355.7407136562652,tok/s,,,,,,313.2822265625,,,,,,,,0,PASS,distilgpt2_easy_mps_sweep.csv
text,easy,DistilGPT2,82.0,Apple M4,mps,unspecified,none,grid,,,512.0,32.0,4.0,,3.0,short_sweep,0,short_measurement,0.363837249999051,351.8056493674957,tok/s,,,,,,313.2822265625,,,,,,,,0,PASS,distilgpt2_easy_mps_sweep.csv
text,easy,DistilGPT2,82.0,Apple M4,mps,unspecified,none,grid,,,512.0,32.0,8.0,,1.0,short_sweep,0,short_measurement,0.5392261250017327,474.75444554763993,tok/s,,,,,,313.330078125,,,,,,,,0,PASS,distilgpt2_easy_mps_sweep.csv
text,easy,DistilGPT2,82.0,Apple M4,mps,unspecified,none,grid,,,512.0,32.0,8.0,,2.0,short_sweep,0,short_measurement,0.5389931660029106,474.95963983821196,tok/s,,,,,,313.330078125,,,,,,,,0,PASS,distilgpt2_easy_mps_sweep.csv
text,easy,DistilGPT2,82.0,Apple M4,mps,unspecified,none,grid,,,512.0,32.0,8.0,,3.0,short_sweep,0,short_measurement,0.5393047079996904,474.6852682772184,tok/s,,,,,,313.330078125,,,,,,,,0,PASS,distilgpt2_easy_mps_sweep.csv
text,easy,DistilGPT2,82.0,Apple M4,mps,unspecified,none,grid,,,512.0,64.0,1.0,,1.0,short_sweep,0,short_measurement,0.3577297500014538,178.90600376328754,tok/s,,,,,,313.24658203125,,,,,,,,0,PASS,distilgpt2_easy_mps_sweep.csv
text,easy,DistilGPT2,82.0,Apple M4,mps,unspecified,none,grid,,,512.0,64.0,1.0,,2.0,short_sweep,0,short_measurement,0.3641449169990665,175.75420392361008,tok/s,,,,,,313.24658203125,,,,,,,,0,PASS,distilgpt2_easy_mps_sweep.csv
text,easy,DistilGPT2,82.0,Apple M4,mps,unspecified,none,grid,,,512.0,64.0,1.0,,3.0,short_sweep,0,short_measurement,0.3621987499973329,176.69856674124708,tok/s,,,,,,313.24658203125,,,,,,,,0,PASS,distilgpt2_easy_mps_sweep.csv
text,easy,DistilGPT2,82.0,Apple M4,mps,unspecified,none,grid,,,512.0,64.0,2.0,,1.0,short_sweep,0,short_measurement,0.5244029160021455,244.0871247929451,tok/s,,,,,,313.2587890625,,,,,,,,0,PASS,distilgpt2_easy_mps_sweep.csv
text,easy,DistilGPT2,82.0,Apple M4,mps,unspecified,none,grid,,,512.0,64.0,2.0,,2.0,short_sweep,0,short_measurement,0.5190590420024819,246.60007752911463,tok/s,,,,,,313.2587890625,,,,,,,,0,PASS,distilgpt2_easy_mps_sweep.csv
text,easy,DistilGPT2,82.0,Apple M4,mps,unspecified,none,grid,,,512.0,64.0,2.0,,3.0,short_sweep,0,short_measurement,0.5163900830011698,247.8746285290495,tok/s,,,,,,313.2587890625,,,,,,,,0,PASS,distilgpt2_easy_mps_sweep.csv
text,easy,DistilGPT2,82.0,Apple M4,mps,unspecified,none,grid,,,512.0,64.0,4.0,,1.0,short_sweep,0,short_measurement,0.6299650000000838,406.37178255929445,tok/s,,,,,,313.283203125,,,,,,,,0,PASS,distilgpt2_easy_mps_sweep.csv
text,easy,DistilGPT2,82.0,Apple M4,mps,unspecified,none,grid,,,512.0,64.0,4.0,,2.0,short_sweep,0,short_measurement,0.6462533339981746,396.1294844178291,tok/s,,,,,,313.283203125,,,,,,,,0,PASS,distilgpt2_easy_mps_sweep.csv
text,easy,DistilGPT2,82.0,Apple M4,mps,unspecified,none,grid,,,512.0,64.0,4.0,,3.0,short_sweep,0,short_measurement,0.6320324580010492,405.04248913047917,tok/s,,,,,,313.283203125,,,,,,,,0,PASS,distilgpt2_easy_mps_sweep.csv
text,easy,DistilGPT2,82.0,Apple M4,mps,unspecified,none,grid,,,512.0,64.0,8.0,,1.0,short_sweep,0,short_measurement,0.9034672920024605,566.7056290053339,tok/s,,,,,,313.33203125,,,,,,,,0,PASS,distilgpt2_easy_mps_sweep.csv
text,easy,DistilGPT2,82.0,Apple M4,mps,unspecified,none,grid,,,512.0,64.0,8.0,,2.0,short_sweep,0,short_measurement,0.9062360419993638,564.9742189357322,tok/s,,,,,,313.33203125,,,,,,,,0,PASS,distilgpt2_easy_mps_sweep.csv
text,easy,DistilGPT2,82.0,Apple M4,mps,unspecified,none,grid,,,512.0,64.0,8.0,,3.0,short_sweep,0,short_measurement,0.9053968330008502,565.4978914638187,tok/s,,,,,,313.33203125,,,,,,,,0,PASS,distilgpt2_easy_mps_sweep.csv
text,easy,DistilGPT2,82.0,Apple M4,mps,unspecified,none,grid,,,512.0,128.0,1.0,,1.0,short_sweep,0,short_measurement,0.6962042919985834,183.8540805782054,tok/s,,,,,,313.2470703125,,,,,,,,0,PASS,distilgpt2_easy_mps_sweep.csv
text,easy,DistilGPT2,82.0,Apple M4,mps,unspecified,none,grid,,,512.0,128.0,1.0,,2.0,short_sweep,0,short_measurement,0.6948483330015733,184.21286188753103,tok/s,,,,,,313.2470703125,,,,,,,,0,PASS,distilgpt2_easy_mps_sweep.csv
text,easy,DistilGPT2,82.0,Apple M4,mps,unspecified,none,grid,,,512.0,128.0,1.0,,3.0,short_sweep,0,short_measurement,0.6935163330017531,184.56666975091477,tok/s,,,,,,313.2470703125,,,,,,,,0,PASS,distilgpt2_easy_mps_sweep.csv
text,easy,DistilGPT2,82.0,Apple M4,mps,unspecified,none,grid,,,512.0,128.0,2.0,,1.0,short_sweep,0,short_measurement,0.9598686669996823,266.7031530471707,tok/s,,,,,,313.259765625,,,,,,,,0,PASS,distilgpt2_easy_mps_sweep.csv
text,easy,DistilGPT2,82.0,Apple M4,mps,unspecified,none,grid,,,512.0,128.0,2.0,,2.0,short_sweep,0,short_measurement,0.9618614579994755,266.1505956714814,tok/s,,,,,,313.259765625,,,,,,,,0,PASS,distilgpt2_easy_mps_sweep.csv
text,easy,DistilGPT2,82.0,Apple M4,mps,unspecified,none,grid,,,512.0,128.0,2.0,,3.0,short_sweep,0,short_measurement,0.9601127919995633,266.63533923638886,tok/s,,,,,,313.259765625,,,,,,,,0,PASS,distilgpt2_easy_mps_sweep.csv
text,easy,DistilGPT2,82.0,Apple M4,mps,unspecified,none,grid,,,512.0,128.0,4.0,,1.0,short_sweep,0,short_measurement,1.1927642499977082,429.2549847976947,tok/s,,,,,,313.28515625,,,,,,,,0,PASS,distilgpt2_easy_mps_sweep.csv
text,easy,DistilGPT2,82.0,Apple M4,mps,unspecified,none,grid,,,512.0,128.0,4.0,,2.0,short_sweep,0,short_measurement,1.194038042001921,428.7970583764502,tok/s,,,,,,313.28515625,,,,,,,,0,PASS,distilgpt2_easy_mps_sweep.csv
text,easy,DistilGPT2,82.0,Apple M4,mps,unspecified,none,grid,,,512.0,128.0,4.0,,3.0,short_sweep,0,short_measurement,1.1885264590018778,430.7855295287045,tok/s,,,,,,313.28515625,,,,,,,,0,PASS,distilgpt2_easy_mps_sweep.csv
text,easy,DistilGPT2,82.0,Apple M4,mps,unspecified,none,grid,,,512.0,128.0,8.0,,1.0,short_sweep,0,short_measurement,1.6694232920017384,613.3854756346203,tok/s,,,,,,313.3359375,,,,,,,,0,PASS,distilgpt2_easy_mps_sweep.csv
text,easy,DistilGPT2,82.0,Apple M4,mps,unspecified,none,grid,,,512.0,128.0,8.0,,2.0,short_sweep,0,short_measurement,1.6625114580019726,615.9356045766182,tok/s,,,,,,313.3359375,,,,,,,,0,PASS,distilgpt2_easy_mps_sweep.csv
text,easy,DistilGPT2,82.0,Apple M4,mps,unspecified,none,grid,,,512.0,128.0,8.0,,3.0,short_sweep,0,short_measurement,1.6658849589985039,614.6883039364302,tok/s,,,,,,313.3359375,,,,,,,,0,PASS,distilgpt2_easy_mps_sweep.csv
text,easy,DistilGPT2,82.0,RTX 3050 Laptop,cuda,unspecified,none,grid,,,32.0,32.0,1.0,,1.0,short_sweep,0,short_measurement,0.16142210000543855,198.23803555350767,tok/s,,,,,,325.7900390625,,,,,,,,0,PASS,distilgpt2_easy_cuda_sweep.csv
text,easy,DistilGPT2,82.0,RTX 3050 Laptop,cuda,unspecified,none,grid,,,32.0,32.0,1.0,,2.0,short_sweep,0,short_measurement,0.16400540000176989,195.11552668177185,tok/s,,,,,,325.79052734375,,,,,,,,0,PASS,distilgpt2_easy_cuda_sweep.csv
text,easy,DistilGPT2,82.0,RTX 3050 Laptop,cuda,unspecified,none,grid,,,32.0,32.0,1.0,,3.0,short_sweep,0,short_measurement,0.1671554000058677,191.43862536823036,tok/s,,,,,,325.79052734375,,,,,,,,0,PASS,distilgpt2_easy_cuda_sweep.csv
text,easy,DistilGPT2,82.0,RTX 3050 Laptop,cuda,unspecified,none,grid,,,32.0,32.0,2.0,,1.0,short_sweep,0,short_measurement,0.17471730000397656,366.3060269277476,tok/s,,,,,,329.15869140625,,,,,,,,0,PASS,distilgpt2_easy_cuda_sweep.csv
text,easy,DistilGPT2,82.0,RTX 3050 Laptop,cuda,unspecified,none,grid,,,32.0,32.0,2.0,,2.0,short_sweep,0,short_measurement,0.17022080000606366,375.98225362423494,tok/s,,,,,,329.1591796875,,,,,,,,0,PASS,distilgpt2_easy_cuda_sweep.csv
text,easy,DistilGPT2,82.0,RTX 3050 Laptop,cuda,unspecified,none,grid,,,32.0,32.0,2.0,,3.0,short_sweep,0,short_measurement,0.16985120000026654,376.80039940783206,tok/s,,,,,,329.1591796875,,,,,,,,0,PASS,distilgpt2_easy_cuda_sweep.csv
text,easy,DistilGPT2,82.0,RTX 3050 Laptop,cuda,unspecified,none,grid,,,32.0,32.0,4.0,,1.0,short_sweep,0,short_measurement,0.16842190000170376,759.99617626155,tok/s,,,,,,336.7412109375,,,,,,,,0,PASS,distilgpt2_easy_cuda_sweep.csv
text,easy,DistilGPT2,82.0,RTX 3050 Laptop,cuda,unspecified,none,grid,,,32.0,32.0,4.0,,2.0,short_sweep,0,short_measurement,0.17964000000210945,712.5361834697002,tok/s,,,,,,336.7421875,,,,,,,,0,PASS,distilgpt2_easy_cuda_sweep.csv
text,easy,DistilGPT2,82.0,RTX 3050 Laptop,cuda,unspecified,none,grid,,,32.0,32.0,4.0,,3.0,short_sweep,0,short_measurement,0.1696449000010034,754.5172298091067,tok/s,,,,,,336.7421875,,,,,,,,0,PASS,distilgpt2_easy_cuda_sweep.csv
text,easy,DistilGPT2,82.0,RTX 3050 Laptop,cuda,unspecified,none,grid,,,32.0,32.0,8.0,,1.0,short_sweep,0,short_measurement,0.17496910000045318,1463.1154872451018,tok/s,,,,,,354.82666015625,,,,,,,,0,PASS,distilgpt2_easy_cuda_sweep.csv
text,easy,DistilGPT2,82.0,RTX 3050 Laptop,cuda,unspecified,none,grid,,,32.0,32.0,8.0,,2.0,short_sweep,0,short_measurement,0.17724010000529233,1444.3684019155705,tok/s,,,,,,354.82861328125,,,,,,,,0,PASS,distilgpt2_easy_cuda_sweep.csv
text,easy,DistilGPT2,82.0,RTX 3050 Laptop,cuda,unspecified,none,grid,,,32.0,32.0,8.0,,3.0,short_sweep,0,short_measurement,0.17546820000279695,1458.95381610981,tok/s,,,,,,354.82861328125,,,,,,,,0,PASS,distilgpt2_easy_cuda_sweep.csv
text,easy,DistilGPT2,82.0,RTX 3050 Laptop,cuda,unspecified,none,grid,,,32.0,64.0,1.0,,1.0,short_sweep,0,short_measurement,0.34352920000674203,186.30148470273838,tok/s,,,,,,326.9208984375,,,,,,,,0,PASS,distilgpt2_easy_cuda_sweep.csv
text,easy,DistilGPT2,82.0,RTX 3050 Laptop,cuda,unspecified,none,grid,,,32.0,64.0,1.0,,2.0,short_sweep,0,short_measurement,0.34345410000241827,186.34222156483028,tok/s,,,,,,326.91796875,,,,,,,,0,PASS,distilgpt2_easy_cuda_sweep.csv
text,easy,DistilGPT2,82.0,RTX 3050 Laptop,cuda,unspecified,none,grid,,,32.0,64.0,1.0,,3.0,short_sweep,0,short_measurement,0.33446890000777785,191.34813430639358,tok/s,,,,,,326.91796875,,,,,,,,0,PASS,distilgpt2_easy_cuda_sweep.csv
text,easy,DistilGPT2,82.0,RTX 3050 Laptop,cuda,unspecified,none,grid,,,32.0,64.0,2.0,,1.0,short_sweep,0,short_measurement,0.3331976999907056,384.1563132145585,tok/s,,,,,,331.4111328125,,,,,,,,0,PASS,distilgpt2_easy_cuda_sweep.csv
text,easy,DistilGPT2,82.0,RTX 3050 Laptop,cuda,unspecified,none,grid,,,32.0,64.0,2.0,,2.0,short_sweep,0,short_measurement,0.32959669998672325,388.35340282580523,tok/s,,,,,,331.41162109375,,,,,,,,0,PASS,distilgpt2_easy_cuda_sweep.csv
text,easy,DistilGPT2,82.0,RTX 3050 Laptop,cuda,unspecified,none,grid,,,32.0,64.0,2.0,,3.0,short_sweep,0,short_measurement,0.3318502000038279,385.71620568112814,tok/s,,,,,,331.41162109375,,,,,,,,0,PASS,distilgpt2_easy_cuda_sweep.csv
text,easy,DistilGPT2,82.0,RTX 3050 Laptop,cuda,unspecified,none,grid,,,32.0,64.0,4.0,,1.0,short_sweep,0,short_measurement,0.33874190000642557,755.7376279555141,tok/s,,,,,,348.41796875,,,,,,,,0,PASS,distilgpt2_easy_cuda_sweep.csv
text,easy,DistilGPT2,82.0,RTX 3050 Laptop,cuda,unspecified,none,grid,,,32.0,64.0,4.0,,2.0,short_sweep,0,short_measurement,0.3329736000014236,768.8297210316538,tok/s,,,,,,348.41943359375,,,,,,,,0,PASS,distilgpt2_easy_cuda_sweep.csv
text,easy,DistilGPT2,82.0,RTX 3050 Laptop,cuda,unspecified,none,grid,,,32.0,64.0,4.0,,3.0,short_sweep,0,short_measurement,0.33369390000007115,767.1701520463677,tok/s,,,,,,348.41943359375,,,,,,,,0,PASS,distilgpt2_easy_cuda_sweep.csv
text,easy,DistilGPT2,82.0,RTX 3050 Laptop,cuda,unspecified,none,grid,,,32.0,64.0,8.0,,1.0,short_sweep,0,short_measurement,0.3417428000102518,1498.202741900168,tok/s,,,,,,361.44482421875,,,,,,,,0,PASS,distilgpt2_easy_cuda_sweep.csv
text,easy,DistilGPT2,82.0,RTX 3050 Laptop,cuda,unspecified,none,grid,,,32.0,64.0,8.0,,2.0,short_sweep,0,short_measurement,0.34231009999348316,1495.7198166508886,tok/s,,,,,,361.44775390625,,,,,,,,0,PASS,distilgpt2_easy_cuda_sweep.csv
text,easy,DistilGPT2,82.0,RTX 3050 Laptop,cuda,unspecified,none,grid,,,32.0,64.0,8.0,,3.0,short_sweep,0,short_measurement,0.34451710000575986,1486.138133612062,tok/s,,,,,,361.44775390625,,,,,,,,0,PASS,distilgpt2_easy_cuda_sweep.csv
text,easy,DistilGPT2,82.0,RTX 3050 Laptop,cuda,unspecified,none,grid,,,32.0,128.0,1.0,,1.0,short_sweep,0,short_measurement,0.6857308999897214,186.6621440012673,tok/s,,,,,,329.1748046875,,,,,,,,0,PASS,distilgpt2_easy_cuda_sweep.csv
text,easy,DistilGPT2,82.0,RTX 3050 Laptop,cuda,unspecified,none,grid,,,32.0,128.0,1.0,,2.0,short_sweep,0,short_measurement,0.6944631000078516,184.3150485584516,tok/s,,,,,,329.17041015625,,,,,,,,0,PASS,distilgpt2_easy_cuda_sweep.csv
text,easy,DistilGPT2,82.0,RTX 3050 Laptop,cuda,unspecified,none,grid,,,32.0,128.0,1.0,,3.0,short_sweep,0,short_measurement,0.6928267000039341,184.75038562929686,tok/s,,,,,,329.17041015625,,,,,,,,0,PASS,distilgpt2_easy_cuda_sweep.csv
text,easy,DistilGPT2,82.0,RTX 3050 Laptop,cuda,unspecified,none,grid,,,32.0,128.0,2.0,,1.0,short_sweep,0,short_measurement,0.6733214999985648,380.2047016180913,tok/s,,,,,,335.91552734375,,,,,,,,0,PASS,distilgpt2_easy_cuda_sweep.csv
text,easy,DistilGPT2,82.0,RTX 3050 Laptop,cuda,unspecified,none,grid,,,32.0,128.0,2.0,,2.0,short_sweep,0,short_measurement,0.7131062999978894,358.9927616692738,tok/s,,,,,,335.91650390625,,,,,,,,0,PASS,distilgpt2_easy_cuda_sweep.csv
text,easy,DistilGPT2,82.0,RTX 3050 Laptop,cuda,unspecified,none,grid,,,32.0,128.0,2.0,,3.0,short_sweep,0,short_measurement,0.6769558000087272,378.1635374077594,tok/s,,,,,,335.91650390625,,,,,,,,0,PASS,distilgpt2_easy_cuda_sweep.csv
text,easy,DistilGPT2,82.0,RTX 3050 Laptop,cuda,unspecified,none,grid,,,32.0,128.0,4.0,,1.0,short_sweep,0,short_measurement,0.6691032000089763,765.2033348415182,tok/s,,,,,,350.3603515625,,,,,,,,0,PASS,distilgpt2_easy_cuda_sweep.csv
text,easy,DistilGPT2,82.0,RTX 3050 Laptop,cuda,unspecified,none,grid,,,32.0,128.0,4.0,,2.0,short_sweep,0,short_measurement,0.6722218999930192,761.6532576598843,tok/s,,,,,,350.36279296875,,,,,,,,0,PASS,distilgpt2_easy_cuda_sweep.csv
text,easy,DistilGPT2,82.0,RTX 3050 Laptop,cuda,unspecified,none,grid,,,32.0,128.0,4.0,,3.0,short_sweep,0,short_measurement,0.6772066999983508,756.046861322026,tok/s,,,,,,350.36279296875,,,,,,,,0,PASS,distilgpt2_easy_cuda_sweep.csv
text,easy,DistilGPT2,82.0,RTX 3050 Laptop,cuda,unspecified,none,grid,,,32.0,128.0,8.0,,1.0,short_sweep,0,short_measurement,0.6830623999994714,1499.1309725155309,tok/s,,,,,,379.18896484375,,,,,,,,0,PASS,distilgpt2_easy_cuda_sweep.csv
text,easy,DistilGPT2,82.0,RTX 3050 Laptop,cuda,unspecified,none,grid,,,32.0,128.0,8.0,,2.0,short_sweep,0,short_measurement,0.6955735999945318,1472.1662811930328,tok/s,,,,,,379.19384765625,,,,,,,,0,PASS,distilgpt2_easy_cuda_sweep.csv
text,easy,DistilGPT2,82.0,RTX 3050 Laptop,cuda,unspecified,none,grid,,,32.0,128.0,8.0,,3.0,short_sweep,0,short_measurement,0.7101365999988047,1441.9760930526936,tok/s,,,,,,379.19384765625,,,,,,,,0,PASS,distilgpt2_easy_cuda_sweep.csv
text,easy,DistilGPT2,82.0,RTX 3050 Laptop,cuda,unspecified,none,grid,,,128.0,32.0,1.0,,1.0,short_sweep,0,short_measurement,0.1785922999988543,179.17905755290283,tok/s,,,,,,336.75,,,,,,,,0,PASS,distilgpt2_easy_cuda_sweep.csv
text,easy,DistilGPT2,82.0,RTX 3050 Laptop,cuda,unspecified,none,grid,,,128.0,32.0,1.0,,2.0,short_sweep,0,short_measurement,0.17902029999822844,178.75067799750457,tok/s,,,,,,336.74169921875,,,,,,,,0,PASS,distilgpt2_easy_cuda_sweep.csv
text,easy,DistilGPT2,82.0,RTX 3050 Laptop,cuda,unspecified,none,grid,,,128.0,32.0,1.0,,3.0,short_sweep,0,short_measurement,0.1800950000033481,177.68400010774923,tok/s,,,,,,336.74169921875,,,,,,,,0,PASS,distilgpt2_easy_cuda_sweep.csv
text,easy,DistilGPT2,82.0,RTX 3050 Laptop,cuda,unspecified,none,grid,,,128.0,32.0,2.0,,1.0,short_sweep,0,short_measurement,0.16981059999670833,376.8904885869351,tok/s,,,,,,347.49560546875,,,,,,,,0,PASS,distilgpt2_easy_cuda_sweep.csv
text,easy,DistilGPT2,82.0,RTX 3050 Laptop,cuda,unspecified,none,grid,,,128.0,32.0,2.0,,2.0,short_sweep,0,short_measurement,0.1713993000012124,373.39709088396097,tok/s,,,,,,347.49658203125,,,,,,,,0,PASS,distilgpt2_easy_cuda_sweep.csv
text,easy,DistilGPT2,82.0,RTX 3050 Laptop,cuda,unspecified,none,grid,,,128.0,32.0,2.0,,3.0,short_sweep,0,short_measurement,0.17589260000386275,363.8583999474367,tok/s,,,,,,347.49658203125,,,,,,,,0,PASS,distilgpt2_easy_cuda_sweep.csv
text,easy,DistilGPT2,82.0,RTX 3050 Laptop,cuda,unspecified,none,grid,,,128.0,32.0,4.0,,1.0,short_sweep,0,short_measurement,0.18348650001280475,697.5990058727341,tok/s,,,,,,377.00439453125,,,,,,,,0,PASS,distilgpt2_easy_cuda_sweep.csv
text,easy,DistilGPT2,82.0,RTX 3050 Laptop,cuda,unspecified,none,grid,,,128.0,32.0,4.0,,2.0,short_sweep,0,short_measurement,0.1829242000094382,699.7433909422355,tok/s,,,,,,377.0068359375,,,,,,,,0,PASS,distilgpt2_easy_cuda_sweep.csv
text,easy,DistilGPT2,82.0,RTX 3050 Laptop,cuda,unspecified,none,grid,,,128.0,32.0,4.0,,3.0,short_sweep,0,short_measurement,0.18234020000090823,701.9845322060766,tok/s,,,,,,377.0068359375,,,,,,,,0,PASS,distilgpt2_easy_cuda_sweep.csv
text,easy,DistilGPT2,82.0,RTX 3050 Laptop,cuda,unspecified,none,grid,,,128.0,32.0,8.0,,1.0,short_sweep,0,short_measurement,0.1982925000047544,1291.0221011579458,tok/s,,,,,,424.0224609375,,,,,,,,0,PASS,distilgpt2_easy_cuda_sweep.csv
text,easy,DistilGPT2,82.0,RTX 3050 Laptop,cuda,unspecified,none,grid,,,128.0,32.0,8.0,,2.0,short_sweep,0,short_measurement,0.20181070000398904,1268.5154949412486,tok/s,,,,,,424.02734375,,,,,,,,0,PASS,distilgpt2_easy_cuda_sweep.csv
text,easy,DistilGPT2,82.0,RTX 3050 Laptop,cuda,unspecified,none,grid,,,128.0,32.0,8.0,,3.0,short_sweep,0,short_measurement,0.20111959999485407,1272.8744488679877,tok/s,,,,,,424.02734375,,,,,,,,0,PASS,distilgpt2_easy_cuda_sweep.csv
text,easy,DistilGPT2,82.0,RTX 3050 Laptop,cuda,unspecified,none,grid,,,128.0,64.0,1.0,,1.0,short_sweep,0,short_measurement,0.35845569999946747,178.54368057222993,tok/s,,,,,,336.75,,,,,,,,0,PASS,distilgpt2_easy_cuda_sweep.csv
text,easy,DistilGPT2,82.0,RTX 3050 Laptop,cuda,unspecified,none,grid,,,128.0,64.0,1.0,,2.0,short_sweep,0,short_measurement,0.39385579999361653,162.49602011964097,tok/s,,,,,,336.74169921875,,,,,,,,0,PASS,distilgpt2_easy_cuda_sweep.csv
text,easy,DistilGPT2,82.0,RTX 3050 Laptop,cuda,unspecified,none,grid,,,128.0,64.0,1.0,,3.0,short_sweep,0,short_measurement,0.3457364000059897,185.11212588229424,tok/s,,,,,,336.74169921875,,,,,,,,0,PASS,distilgpt2_easy_cuda_sweep.csv
text,easy,DistilGPT2,82.0,RTX 3050 Laptop,cuda,unspecified,none,grid,,,128.0,64.0,2.0,,1.0,short_sweep,0,short_measurement,0.33751729999494273,379.2398197127019,tok/s,,,,,,347.49560546875,,,,,,,,0,PASS,distilgpt2_easy_cuda_sweep.csv
text,easy,DistilGPT2,82.0,RTX 3050 Laptop,cuda,unspecified,none,grid,,,128.0,64.0,2.0,,2.0,short_sweep,0,short_measurement,0.3356579000101192,381.34064473424024,tok/s,,,,,,347.4970703125,,,,,,,,0,PASS,distilgpt2_easy_cuda_sweep.csv
text,easy,DistilGPT2,82.0,RTX 3050 Laptop,cuda,unspecified,none,grid,,,128.0,64.0,2.0,,3.0,short_sweep,0,short_measurement,0.34664340000017546,369.25555195897346,tok/s,,,,,,347.4970703125,,,,,,,,0,PASS,distilgpt2_easy_cuda_sweep.csv
text,easy,DistilGPT2,82.0,RTX 3050 Laptop,cuda,unspecified,none,grid,,,128.0,64.0,4.0,,1.0,short_sweep,0,short_measurement,0.3499108999967575,731.6148196651554,tok/s,,,,,,377.0048828125,,,,,,,,0,PASS,distilgpt2_easy_cuda_sweep.csv
text,easy,DistilGPT2,82.0,RTX 3050 Laptop,cuda,unspecified,none,grid,,,128.0,64.0,4.0,,2.0,short_sweep,0,short_measurement,0.35552710000774823,720.0576270962771,tok/s,,,,,,377.0078125,,,,,,,,0,PASS,distilgpt2_easy_cuda_sweep.csv
text,easy,DistilGPT2,82.0,RTX 3050 Laptop,cuda,unspecified,none,grid,,,128.0,64.0,4.0,,3.0,short_sweep,0,short_measurement,0.3517184999946039,727.8548043504325,tok/s,,,,,,377.0078125,,,,,,,,0,PASS,distilgpt2_easy_cuda_sweep.csv
text,easy,DistilGPT2,82.0,RTX 3050 Laptop,cuda,unspecified,none,grid,,,128.0,64.0,8.0,,1.0,short_sweep,0,short_measurement,0.3692986999958521,1386.4115958321834,tok/s,,,,,,424.0234375,,,,,,,,0,PASS,distilgpt2_easy_cuda_sweep.csv
text,easy,DistilGPT2,82.0,RTX 3050 Laptop,cuda,unspecified,none,grid,,,128.0,64.0,8.0,,2.0,short_sweep,0,short_measurement,0.37600109999766573,1361.6981439766494,tok/s,,,,,,424.029296875,,,,,,,,0,PASS,distilgpt2_easy_cuda_sweep.csv
text,easy,DistilGPT2,82.0,RTX 3050 Laptop,cuda,unspecified,none,grid,,,128.0,64.0,8.0,,3.0,short_sweep,0,short_measurement,0.3630861999990884,1410.1334614239963,tok/s,,,,,,424.029296875,,,,,,,,0,PASS,distilgpt2_easy_cuda_sweep.csv
text,easy,DistilGPT2,82.0,RTX 3050 Laptop,cuda,unspecified,none,grid,,,128.0,128.0,1.0,,1.0,short_sweep,0,short_measurement,0.7162929000041913,178.69784832329208,tok/s,,,,,,336.751953125,,,,,,,,0,PASS,distilgpt2_easy_cuda_sweep.csv
text,easy,DistilGPT2,82.0,RTX 3050 Laptop,cuda,unspecified,none,grid,,,128.0,128.0,1.0,,2.0,short_sweep,0,short_measurement,0.7184097999997903,178.17128886610033,tok/s,,,,,,336.7421875,,,,,,,,0,PASS,distilgpt2_easy_cuda_sweep.csv
text,easy,DistilGPT2,82.0,RTX 3050 Laptop,cuda,unspecified,none,grid,,,128.0,128.0,1.0,,3.0,short_sweep,0,short_measurement,0.7219811999966623,177.28993497419563,tok/s,,,,,,336.7421875,,,,,,,,0,PASS,distilgpt2_easy_cuda_sweep.csv
text,easy,DistilGPT2,82.0,RTX 3050 Laptop,cuda,unspecified,none,grid,,,128.0,128.0,2.0,,1.0,short_sweep,0,short_measurement,0.6993721999897389,366.0425736163891,tok/s,,,,,,347.49609375,,,,,,,,0,PASS,distilgpt2_easy_cuda_sweep.csv
text,easy,DistilGPT2,82.0,RTX 3050 Laptop,cuda,unspecified,none,grid,,,128.0,128.0,2.0,,2.0,short_sweep,0,short_measurement,0.6985363999992842,366.4805441781736,tok/s,,,,,,347.498046875,,,,,,,,0,PASS,distilgpt2_easy_cuda_sweep.csv
text,easy,DistilGPT2,82.0,RTX 3050 Laptop,cuda,unspecified,none,grid,,,128.0,128.0,2.0,,3.0,short_sweep,0,short_measurement,0.7031203999940772,364.091270857959,tok/s,,,,,,347.498046875,,,,,,,,0,PASS,distilgpt2_easy_cuda_sweep.csv
text,easy,DistilGPT2,82.0,RTX 3050 Laptop,cuda,unspecified,none,grid,,,128.0,128.0,4.0,,1.0,short_sweep,0,short_measurement,0.6981252999976277,733.3927018570159,tok/s,,,,,,377.005859375,,,,,,,,0,PASS,distilgpt2_easy_cuda_sweep.csv
text,easy,DistilGPT2,82.0,RTX 3050 Laptop,cuda,unspecified,none,grid,,,128.0,128.0,4.0,,2.0,short_sweep,0,short_measurement,0.7050560000061523,726.1834520882487,tok/s,,,,,,377.009765625,,,,,,,,0,PASS,distilgpt2_easy_cuda_sweep.csv
text,easy,DistilGPT2,82.0,RTX 3050 Laptop,cuda,unspecified,none,grid,,,128.0,128.0,4.0,,3.0,short_sweep,0,short_measurement,0.7093492999993032,721.7882642592344,tok/s,,,,,,377.009765625,,,,,,,,0,PASS,distilgpt2_easy_cuda_sweep.csv
text,easy,DistilGPT2,82.0,RTX 3050 Laptop,cuda,unspecified,none,grid,,,128.0,128.0,8.0,,1.0,short_sweep,0,short_measurement,0.7473625999991782,1370.1515168154333,tok/s,,,,,,424.025390625,,,,,,,,0,PASS,distilgpt2_easy_cuda_sweep.csv
text,easy,DistilGPT2,82.0,RTX 3050 Laptop,cuda,unspecified,none,grid,,,128.0,128.0,8.0,,2.0,short_sweep,0,short_measurement,0.7542035999940708,1357.7235643108177,tok/s,,,,,,424.033203125,,,,,,,,0,PASS,distilgpt2_easy_cuda_sweep.csv
text,easy,DistilGPT2,82.0,RTX 3050 Laptop,cuda,unspecified,none,grid,,,128.0,128.0,8.0,,3.0,short_sweep,0,short_measurement,0.7903200000000652,1295.6777001719754,tok/s,,,,,,424.033203125,,,,,,,,0,PASS,distilgpt2_easy_cuda_sweep.csv
text,easy,DistilGPT2,82.0,RTX 3050 Laptop,cuda,unspecified,none,grid,,,512.0,32.0,1.0,,1.0,short_sweep,0,short_measurement,0.18044760001066606,177.33680025729637,tok/s,,,,,,377.017578125,,,,,,,,0,PASS,distilgpt2_easy_cuda_sweep.csv
text,easy,DistilGPT2,82.0,RTX 3050 Laptop,cuda,unspecified,none,grid,,,512.0,32.0,1.0,,2.0,short_sweep,0,short_measurement,0.19619290000991896,163.10478105161894,tok/s,,,,,,377.00634765625,,,,,,,,0,PASS,distilgpt2_easy_cuda_sweep.csv
text,easy,DistilGPT2,82.0,RTX 3050 Laptop,cuda,unspecified,none,grid,,,512.0,32.0,1.0,,3.0,short_sweep,0,short_measurement,0.20268089999444783,157.88364863623852,tok/s,,,,,,377.00634765625,,,,,,,,0,PASS,distilgpt2_easy_cuda_sweep.csv
text,easy,DistilGPT2,82.0,RTX 3050 Laptop,cuda,unspecified,none,grid,,,512.0,32.0,2.0,,1.0,short_sweep,0,short_measurement,0.19389949999458622,330.06789600688455,tok/s,,,,,,424.02197265625,,,,,,,,0,PASS,distilgpt2_easy_cuda_sweep.csv
text,easy,DistilGPT2,82.0,RTX 3050 Laptop,cuda,unspecified,none,grid,,,512.0,32.0,2.0,,2.0,short_sweep,0,short_measurement,0.19954660000803415,320.72708829628385,tok/s,,,,,,424.02587890625,,,,,,,,0,PASS,distilgpt2_easy_cuda_sweep.csv
text,easy,DistilGPT2,82.0,RTX 3050 Laptop,cuda,unspecified,none,grid,,,512.0,32.0,2.0,,3.0,short_sweep,0,short_measurement,0.20031190000008792,319.5017370409442,tok/s,,,,,,424.02587890625,,,,,,,,0,PASS,distilgpt2_easy_cuda_sweep.csv
text,easy,DistilGPT2,82.0,RTX 3050 Laptop,cuda,unspecified,none,grid,,,512.0,32.0,4.0,,1.0,short_sweep,0,short_measurement,0.25567669999145437,500.63224378395927,tok/s,,,,,,526.05712890625,,,,,,,,0,PASS,distilgpt2_easy_cuda_sweep.csv
text,easy,DistilGPT2,82.0,RTX 3050 Laptop,cuda,unspecified,none,grid,,,512.0,32.0,4.0,,2.0,short_sweep,0,short_measurement,0.2576356999925338,496.82555641050294,tok/s,,,,,,526.0654296875,,,,,,,,0,PASS,distilgpt2_easy_cuda_sweep.csv
text,easy,DistilGPT2,82.0,RTX 3050 Laptop,cuda,unspecified,none,grid,,,512.0,32.0,4.0,,3.0,short_sweep,0,short_measurement,0.2590189000038663,494.1724329695222,tok/s,,,,,,526.0654296875,,,,,,,,0,PASS,distilgpt2_easy_cuda_sweep.csv
text,easy,DistilGPT2,82.0,RTX 3050 Laptop,cuda,unspecified,none,grid,,,512.0,32.0,8.0,,1.0,short_sweep,0,short_measurement,0.42106569999305066,607.9811297957185,tok/s,,,,,,730.1279296875,,,,,,,,0,PASS,distilgpt2_easy_cuda_sweep.csv
text,easy,DistilGPT2,82.0,RTX 3050 Laptop,cuda,unspecified,none,grid,,,512.0,32.0,8.0,,2.0,short_sweep,0,short_measurement,0.4220093000039924,606.6217024069804,tok/s,,,,,,730.14453125,,,,,,,,0,PASS,distilgpt2_easy_cuda_sweep.csv
text,easy,DistilGPT2,82.0,RTX 3050 Laptop,cuda,unspecified,none,grid,,,512.0,32.0,8.0,,3.0,short_sweep,0,short_measurement,0.4199675000127172,609.570978688227,tok/s,,,,,,730.14453125,,,,,,,,0,PASS,distilgpt2_easy_cuda_sweep.csv
text,easy,DistilGPT2,82.0,RTX 3050 Laptop,cuda,unspecified,none,grid,,,512.0,64.0,1.0,,1.0,short_sweep,0,short_measurement,0.37203410000074655,172.02724158853067,tok/s,,,,,,377.03515625,,,,,,,,0,PASS,distilgpt2_easy_cuda_sweep.csv
text,easy,DistilGPT2,82.0,RTX 3050 Laptop,cuda,unspecified,none,grid,,,512.0,64.0,1.0,,2.0,short_sweep,0,short_measurement,0.37205700000049546,172.01665336202456,tok/s,,,,,,377.00634765625,,,,,,,,0,PASS,distilgpt2_easy_cuda_sweep.csv
text,easy,DistilGPT2,82.0,RTX 3050 Laptop,cuda,unspecified,none,grid,,,512.0,64.0,1.0,,3.0,short_sweep,0,short_measurement,0.3743185000057565,170.97738957336003,tok/s,,,,,,377.00634765625,,,,,,,,0,PASS,distilgpt2_easy_cuda_sweep.csv
text,easy,DistilGPT2,82.0,RTX 3050 Laptop,cuda,unspecified,none,grid,,,512.0,64.0,2.0,,1.0,short_sweep,0,short_measurement,0.3716335000062827,344.42535454375366,tok/s,,,,,,424.02197265625,,,,,,,,0,PASS,distilgpt2_easy_cuda_sweep.csv
text,easy,DistilGPT2,82.0,RTX 3050 Laptop,cuda,unspecified,none,grid,,,512.0,64.0,2.0,,2.0,short_sweep,0,short_measurement,0.3734376000065822,342.76141448462573,tok/s,,,,,,424.0263671875,,,,,,,,0,PASS,distilgpt2_easy_cuda_sweep.csv
text,easy,DistilGPT2,82.0,RTX 3050 Laptop,cuda,unspecified,none,grid,,,512.0,64.0,2.0,,3.0,short_sweep,0,short_measurement,0.3717237999953795,344.34168595497795,tok/s,,,,,,424.0263671875,,,,,,,,0,PASS,distilgpt2_easy_cuda_sweep.csv
text,easy,DistilGPT2,82.0,RTX 3050 Laptop,cuda,unspecified,none,grid,,,512.0,64.0,4.0,,1.0,short_sweep,0,short_measurement,0.44777309999335557,571.7181313567044,tok/s,,,,,,526.0576171875,,,,,,,,0,PASS,distilgpt2_easy_cuda_sweep.csv
text,easy,DistilGPT2,82.0,RTX 3050 Laptop,cuda,unspecified,none,grid,,,512.0,64.0,4.0,,2.0,short_sweep,0,short_measurement,0.44841579999774694,570.8987060698714,tok/s,,,,,,526.06640625,,,,,,,,0,PASS,distilgpt2_easy_cuda_sweep.csv
text,easy,DistilGPT2,82.0,RTX 3050 Laptop,cuda,unspecified,none,grid,,,512.0,64.0,4.0,,3.0,short_sweep,0,short_measurement,0.44753329998638947,572.0244728331625,tok/s,,,,,,526.06640625,,,,,,,,0,PASS,distilgpt2_easy_cuda_sweep.csv
text,easy,DistilGPT2,82.0,RTX 3050 Laptop,cuda,unspecified,none,grid,,,512.0,64.0,8.0,,1.0,short_sweep,0,short_measurement,0.7168254999996861,714.2603046351228,tok/s,,,,,,730.12890625,,,,,,,,0,PASS,distilgpt2_easy_cuda_sweep.csv
text,easy,DistilGPT2,82.0,RTX 3050 Laptop,cuda,unspecified,none,grid,,,512.0,64.0,8.0,,2.0,short_sweep,0,short_measurement,0.7123945000057574,718.7029096881884,tok/s,,,,,,730.146484375,,,,,,,,0,PASS,distilgpt2_easy_cuda_sweep.csv
text,easy,DistilGPT2,82.0,RTX 3050 Laptop,cuda,unspecified,none,grid,,,512.0,64.0,8.0,,3.0,short_sweep,0,short_measurement,0.7134688000078313,717.6207284668651,tok/s,,,,,,730.146484375,,,,,,,,0,PASS,distilgpt2_easy_cuda_sweep.csv
text,easy,DistilGPT2,82.0,RTX 3050 Laptop,cuda,unspecified,none,grid,,,512.0,128.0,1.0,,1.0,short_sweep,0,short_measurement,0.7319556000002194,174.8739950892672,tok/s,,,,,,377.037109375,,,,,,,,0,PASS,distilgpt2_easy_cuda_sweep.csv
text,easy,DistilGPT2,82.0,RTX 3050 Laptop,cuda,unspecified,none,grid,,,512.0,128.0,1.0,,2.0,short_sweep,0,short_measurement,0.7325248999986798,174.738087401849,tok/s,,,,,,377.0068359375,,,,,,,,0,PASS,distilgpt2_easy_cuda_sweep.csv
text,easy,DistilGPT2,82.0,RTX 3050 Laptop,cuda,unspecified,none,grid,,,512.0,128.0,1.0,,3.0,short_sweep,0,short_measurement,0.7332735999953002,174.55967322541053,tok/s,,,,,,377.0068359375,,,,,,,,0,PASS,distilgpt2_easy_cuda_sweep.csv
text,easy,DistilGPT2,82.0,RTX 3050 Laptop,cuda,unspecified,none,grid,,,512.0,128.0,2.0,,1.0,short_sweep,0,short_measurement,0.7131522999989102,358.9696057916257,tok/s,,,,,,424.0224609375,,,,,,,,0,PASS,distilgpt2_easy_cuda_sweep.csv
text,easy,DistilGPT2,82.0,RTX 3050 Laptop,cuda,unspecified,none,grid,,,512.0,128.0,2.0,,2.0,short_sweep,0,short_measurement,0.6847266999975545,373.87179439755204,tok/s,,,,,,424.02734375,,,,,,,,0,PASS,distilgpt2_easy_cuda_sweep.csv
text,easy,DistilGPT2,82.0,RTX 3050 Laptop,cuda,unspecified,none,grid,,,512.0,128.0,2.0,,3.0,short_sweep,0,short_measurement,0.6940369000076316,368.8564685785223,tok/s,,,,,,424.02734375,,,,,,,,0,PASS,distilgpt2_easy_cuda_sweep.csv
text,easy,DistilGPT2,82.0,RTX 3050 Laptop,cuda,unspecified,none,grid,,,512.0,128.0,4.0,,1.0,short_sweep,0,short_measurement,0.8415223000047263,608.4211909739344,tok/s,,,,,,526.05859375,,,,,,,,0,PASS,distilgpt2_easy_cuda_sweep.csv
text,easy,DistilGPT2,82.0,RTX 3050 Laptop,cuda,unspecified,none,grid,,,512.0,128.0,4.0,,2.0,short_sweep,0,short_measurement,0.8508413999952609,601.7572722752464,tok/s,,,,,,526.068359375,,,,,,,,0,PASS,distilgpt2_easy_cuda_sweep.csv
text,easy,DistilGPT2,82.0,RTX 3050 Laptop,cuda,unspecified,none,grid,,,512.0,128.0,4.0,,3.0,short_sweep,0,short_measurement,0.8505015999980969,601.9976917164479,tok/s,,,,,,526.068359375,,,,,,,,0,PASS,distilgpt2_easy_cuda_sweep.csv
text,easy,DistilGPT2,82.0,RTX 3050 Laptop,cuda,unspecified,none,grid,,,512.0,128.0,8.0,,1.0,short_sweep,0,short_measurement,1.3303853000106756,769.7018299824742,tok/s,,,,,,730.130859375,,,,,,,,0,PASS,distilgpt2_easy_cuda_sweep.csv
text,easy,DistilGPT2,82.0,RTX 3050 Laptop,cuda,unspecified,none,grid,,,512.0,128.0,8.0,,2.0,short_sweep,0,short_measurement,1.3223110000108136,774.4017859577859,tok/s,,,,,,730.150390625,,,,,,,,0,PASS,distilgpt2_easy_cuda_sweep.csv
text,easy,DistilGPT2,82.0,RTX 3050 Laptop,cuda,unspecified,none,grid,,,512.0,128.0,8.0,,3.0,short_sweep,0,short_measurement,1.3280722000054084,771.0424177208362,tok/s,,,,,,730.150390625,,,,,,,,0,PASS,distilgpt2_easy_cuda_sweep.csv
text,easy,DistilGPT2,82.0,Apple M4,mps,unspecified,none,light,,,32.0,32.0,1.0,,1.0,sustained_power,1,power_monitored_or_summary,,197.55508758312143,tok/s,6.9523616666666666,,1.1261444898994393,0.03519201530935748,0.014575335426151166,,,,,,,60.09463054199932,combined_soc,0,PASS,distilgpt2_easy_mps_power_final.csv
text,easy,DistilGPT2,82.0,Apple M4,mps,unspecified,none,light,,,32.0,32.0,1.0,,2.0,sustained_power,1,power_monitored_or_summary,,209.47650341718577,tok/s,5.409706666666667,,0.8263963285112342,0.02582488526597607,0.025210735240071804,,,,,,,60.03537291700013,combined_soc,0,PASS,distilgpt2_easy_mps_power_final.csv
text,easy,DistilGPT2,82.0,Apple M4,mps,unspecified,none,light,,,32.0,32.0,1.0,,3.0,sustained_power,1,power_monitored_or_summary,,206.22615564716887,tok/s,6.738348333333334,,1.0455858326505487,0.03267455727032965,0.0299558429625323,,,,,,,60.05057874999966,combined_soc,0,PASS,distilgpt2_easy_mps_power_final.csv
text,easy,DistilGPT2,82.0,Apple M4,mps,unspecified,none,medium,,,128.0,64.0,4.0,,1.0,sustained_power,1,power_monitored_or_summary,,551.271475990254,tok/s,7.040505,,3.269476761449316,0.012771393599411391,0.005968665427663393,,,,,,,60.36953016699954,combined_soc,0,PASS,distilgpt2_easy_mps_power_final.csv
text,easy,DistilGPT2,82.0,Apple M4,mps,unspecified,none,medium,,,128.0,64.0,4.0,,2.0,sustained_power,1,power_monitored_or_summary,,544.06694704678,tok/s,9.205571666666666,,4.331500671853971,0.016919924499429573,0.015278012589785134,,,,,,,60.227882208000665,combined_soc,0,PASS,distilgpt2_easy_mps_power_final.csv
text,easy,DistilGPT2,82.0,Apple M4,mps,unspecified,none,medium,,,128.0,64.0,4.0,,3.0,sustained_power,1,power_monitored_or_summary,,567.1282206888056,tok/s,4.803275,,2.1681841162947992,0.00846946920427656,0.0,,,,,,,60.035806292000416,combined_soc,0,PASS,distilgpt2_easy_mps_power_final.csv
text,easy,DistilGPT2,82.0,Apple M4,mps,unspecified,none,heavy,,,512.0,128.0,8.0,,1.0,sustained_power,1,power_monitored_or_summary,,588.6559506473163,tok/s,13.350231666666666,,23.22347580387785,0.022679175589724463,0.015850178115767936,,,,,,,60.88446054199994,combined_soc,0,PASS,distilgpt2_easy_mps_power_final.csv
text,easy,DistilGPT2,82.0,Apple M4,mps,unspecified,none,heavy,,,512.0,128.0,8.0,,2.0,sustained_power,1,power_monitored_or_summary,,603.0581583229268,tok/s,10.755073333333334,,18.262243767600214,0.017834222429297084,0.01761200505581411,,,,,,,61.12843262500064,combined_soc,0,PASS,distilgpt2_easy_mps_power_final.csv
text,easy,DistilGPT2,82.0,Apple M4,mps,unspecified,none,heavy,,,512.0,128.0,8.0,,3.0,sustained_power,1,power_monitored_or_summary,,586.6065878297132,tok/s,13.20471,,23.0505816343222,0.022510333627267773,0.015750505009129053,,,,,,,61.09716587500043,combined_soc,0,PASS,distilgpt2_easy_mps_power_final.csv
text,easy,DistilGPT2,82.0,RTX 3050 Laptop,cuda,unspecified,none,light,,,32.0,32.0,1.0,,1.0,sustained_power,1,power_monitored_or_summary,,163.19922045172493,tok/s,45.00541038525963,,8.824632423745664,0.275769763242052,,,,570.50390625,40.901172529313236,,,60.00028659999953,gpu_board,0,PASS,distilgpt2_easy_cuda_nvml_final.csv
text,easy,DistilGPT2,82.0,RTX 3050 Laptop,cuda,unspecified,none,light,,,32.0,32.0,1.0,,2.0,sustained_power,1,power_monitored_or_summary,,159.88562555132202,tok/s,45.4956889632107,,9.105646876025277,0.2845514648757899,,,,570.50390625,39.60033444816054,,,60.042921099986415,gpu_board,0,PASS,distilgpt2_easy_cuda_nvml_final.csv
text,easy,DistilGPT2,82.0,RTX 3050 Laptop,cuda,unspecified,none,light,,,32.0,32.0,1.0,,3.0,sustained_power,1,power_monitored_or_summary,,160.3147551195662,tok/s,46.03577926421405,,9.189078917633916,0.28715871617605987,,,,570.50390625,39.7324414715719,,,60.0818059000012,gpu_board,0,PASS,distilgpt2_easy_cuda_nvml_final.csv
text,easy,DistilGPT2,82.0,RTX 3050 Laptop,cuda,unspecified,none,medium,,,128.0,64.0,4.0,,1.0,sustained_power,1,power_monitored_or_summary,,633.4737977557412,tok/s,56.60872954924875,,22.876770619320126,0.08936238523171924,,,,610.50390625,56.51585976627713,,,60.21401379999588,gpu_board,0,PASS,distilgpt2_easy_cuda_nvml_final.csv
text,easy,DistilGPT2,82.0,RTX 3050 Laptop,cuda,unspecified,none,medium,,,128.0,64.0,4.0,,2.0,sustained_power,1,power_monitored_or_summary,,649.8120590994455,tok/s,57.484748333333336,,22.646695097853243,0.08846365272598923,,,,610.50390625,57.975,,,60.2758896999876,gpu_board,0,PASS,distilgpt2_easy_cuda_nvml_final.csv
text,easy,DistilGPT2,82.0,RTX 3050 Laptop,cuda,unspecified,none,medium,,,128.0,64.0,4.0,,3.0,sustained_power,1,power_monitored_or_summary,,481.41137032951104,tok/s,51.54592642140468,,27.410563973276147,0.10707251552060995,,,,610.50390625,41.331103678929765,,,60.08998079999583,gpu_board,0,PASS,distilgpt2_easy_cuda_nvml_final.csv
text,easy,DistilGPT2,82.0,RTX 3050 Laptop,cuda,unspecified,none,heavy,,,512.0,128.0,8.0,,1.0,sustained_power,1,power_monitored_or_summary,,732.3113679165323,tok/s,59.62591652754591,,83.37565303392394,0.08142153616594135,,,,1054.50390625,89.60267111853088,,,60.127429300016956,gpu_board,0,PASS,distilgpt2_easy_cuda_nvml_final.csv
text,easy,DistilGPT2,82.0,RTX 3050 Laptop,cuda,unspecified,none,heavy,,,512.0,128.0,8.0,,2.0,sustained_power,1,power_monitored_or_summary,,733.5491902448813,tok/s,59.67240969899665,,83.29986365518853,0.08134752310077005,,,,1054.50390625,89.53010033444816,,,60.025967699999455,gpu_board,0,PASS,distilgpt2_easy_cuda_nvml_final.csv
text,easy,DistilGPT2,82.0,RTX 3050 Laptop,cuda,unspecified,none,heavy,,,512.0,128.0,8.0,,3.0,sustained_power,1,power_monitored_or_summary,,734.301084556502,tok/s,59.67300818330605,,83.21540259825609,0.08126504159985946,,,,1054.50390625,90.19148936170212,,,61.35902689999784,gpu_board,0,PASS,distilgpt2_easy_cuda_nvml_final.csv
text,easy,DistilGPT2,82.0,Apple M4,cpu,unspecified,none,grid,,,,,,1.0,,short_latency,0,short_measurement,0.1707961084000999,187.35789884063473,tok/s,,,,,,,,,,,,,,0,PASS,mac_text_latency.csv
text,easy,DistilGPT2,82.0,Apple M4,cpu,unspecified,none,grid,,,,,,2.0,,short_latency,0,short_measurement,0.17635479160016984,181.45239893764918,tok/s,,,,,,,,,,,,,,0,PASS,mac_text_latency.csv
text,easy,DistilGPT2,82.0,Apple M4,cpu,unspecified,none,grid,,,,,,4.0,,short_latency,0,short_measurement,0.17642374980059686,181.38147520482948,tok/s,,,,,,,,,,,,,,0,PASS,mac_text_latency.csv
text,easy,DistilGPT2,82.0,Apple M4,cpu,unspecified,none,grid,,,,,,6.0,,short_latency,0,short_measurement,0.18305655000003754,174.8093690173525,tok/s,,,,,,,,,,,,,,0,PASS,mac_text_latency.csv
text,easy,DistilGPT2,82.0,Apple M4,cpu,unspecified,none,grid,,,,,,8.0,,short_latency,0,short_measurement,0.18482521680016362,173.13654789107582,tok/s,,,,,,,,,,,,,,0,PASS,mac_text_latency.csv
text,easy,DistilGPT2,82.0,Apple M4,cpu,unspecified,none,grid,,,,,,10.0,,short_latency,0,short_measurement,0.19541136659972835,163.7571066454252,tok/s,,,,,,,,,,,,,,0,PASS,mac_text_latency.csv
text,easy,DistilGPT2,82.0,Apple M4,mps,unspecified,none,grid,,,,,,,,short_latency,0,short_measurement,0.14633229159990152,218.68037225504324,tok/s,,,,,,,,,,,,,,0,PASS,mac_text_latency.csv
text,easy,DistilGPT2,82.0,Intel i7-11800H,cpu,unspecified,none,grid,,,,,,2.0,1.0,sustained_power,1,power_monitored_or_summary,,130.9728839125464,tok/s,29.125,14.025,56.92781419533026,,,,,,,,,31.273649000009755,cpu_package,0,PASS,msi_cpu_repeated_power.csv
text,easy,DistilGPT2,82.0,Intel i7-11800H,cpu,unspecified,none,grid,,,,,,2.0,2.0,sustained_power,1,power_monitored_or_summary,,136.51820575098807,tok/s,29.78125,14.75625,55.84603136307203,,,,,,,,,30.003324299992528,cpu_package,0,PASS,msi_cpu_repeated_power.csv
text,easy,DistilGPT2,82.0,Intel i7-11800H,cpu,unspecified,none,grid,,,,,,2.0,3.0,sustained_power,1,power_monitored_or_summary,,137.55572081343982,tok/s,31.094117647058823,16.231617647058822,57.868142964718636,,,,,,,,,31.638088000006974,cpu_package,0,PASS,msi_cpu_repeated_power.csv
text,easy,DistilGPT2,82.0,Intel i7-11800H,cpu,unspecified,none,grid,,,,,,4.0,1.0,sustained_power,1,power_monitored_or_summary,,135.17255616670494,tok/s,32.0125,17.3,60.627691244464344,,,,,,,,,30.302008900005603,cpu_package,0,PASS,msi_cpu_repeated_power.csv
text,easy,DistilGPT2,82.0,Intel i7-11800H,cpu,unspecified,none,grid,,,,,,4.0,2.0,sustained_power,1,power_monitored_or_summary,,127.92757020814396,tok/s,33.79375,18.8,67.6257665640339,,,,,,,,,32.01811770000495,cpu_package,0,PASS,msi_cpu_repeated_power.csv
text,easy,DistilGPT2,82.0,Intel i7-11800H,cpu,unspecified,none,grid,,,,,,4.0,3.0,sustained_power,1,power_monitored_or_summary,,126.48863244520058,tok/s,31.066666666666666,16.660416666666666,62.87574237243984,,,,,,,,,30.358459299997776,cpu_package,0,PASS,msi_cpu_repeated_power.csv
text,easy,DistilGPT2,82.0,Intel i7-11800H,cpu,unspecified,none,grid,,,,,,6.0,1.0,sustained_power,1,power_monitored_or_summary,,137.97624584206685,tok/s,39.688235294117646,25.113235294117647,73.6372277219651,,,,,,,,,31.54166120001173,cpu_package,0,PASS,msi_cpu_repeated_power.csv
text,easy,DistilGPT2,82.0,Intel i7-11800H,cpu,unspecified,none,grid,,,,,,6.0,2.0,sustained_power,1,power_monitored_or_summary,,139.3005952693278,tok/s,38.805882352941175,23.893382352941174,71.31560251516275,,,,,,,,,31.241790400003083,cpu_package,0,PASS,msi_cpu_repeated_power.csv
text,easy,DistilGPT2,82.0,Intel i7-11800H,cpu,unspecified,none,grid,,,,,,6.0,3.0,sustained_power,1,power_monitored_or_summary,,139.96109133116636,tok/s,38.44117647058824,23.191176470588236,70.31197801384407,,,,,,,,,31.094356000001426,cpu_package,0,PASS,msi_cpu_repeated_power.csv
text,easy,DistilGPT2,82.0,Intel i7-11800H,cpu,unspecified,none,grid,,,,,,16.0,1.0,sustained_power,1,power_monitored_or_summary,,100.02463041404705,tok/s,39.21666666666667,23.204166666666666,100.36994513360146,,,,,,,,,30.712435399997048,cpu_package,0,PASS,msi_cpu_repeated_power.csv
text,easy,DistilGPT2,82.0,Intel i7-11800H,cpu,unspecified,none,grid,,,,,,16.0,2.0,sustained_power,1,power_monitored_or_summary,,98.88000911858474,tok/s,39.25,24.1125,101.61811360625627,,,,,,,,,31.06795830000192,cpu_package,0,PASS,msi_cpu_repeated_power.csv
text,easy,DistilGPT2,82.0,Intel i7-11800H,cpu,unspecified,none,grid,,,,,,16.0,3.0,sustained_power,1,power_monitored_or_summary,,99.66616894575522,tok/s,39.333333333333336,24.35833333333333,101.03060486666963,,,,,,,,,30.8228964000009,cpu_package,0,PASS,msi_cpu_repeated_power.csv
text,medium,Qwen2.5-1.5B-Instruct,1500.0,Apple M4,mps,unspecified,none,grid,,,128.0,64.0,1.0,,1.0,short_sweep,0,short_measurement,2.9274207500002376,21.862248533967932,tok/s,,,,,,2968.7802734375,,,,,,,,0,PASS,qwen25_medium_mps_sweep.csv
text,medium,Qwen2.5-1.5B-Instruct,1500.0,Apple M4,mps,unspecified,none,grid,,,128.0,64.0,1.0,,2.0,short_sweep,0,short_measurement,2.7946383749986126,22.900995195856698,tok/s,,,,,,2968.7802734375,,,,,,,,0,PASS,qwen25_medium_mps_sweep.csv
text,medium,Qwen2.5-1.5B-Instruct,1500.0,Apple M4,mps,unspecified,none,grid,,,128.0,64.0,1.0,,3.0,short_sweep,0,short_measurement,2.9199263749997044,21.91836086963202,tok/s,,,,,,2968.7802734375,,,,,,,,0,PASS,qwen25_medium_mps_sweep.csv
text,medium,Qwen2.5-1.5B-Instruct,1500.0,Apple M4,mps,unspecified,none,grid,,,128.0,64.0,2.0,,1.0,short_sweep,0,short_measurement,2.759680084000138,46.38218782753429,tok/s,,,,,,2968.78369140625,,,,,,,,0,PASS,qwen25_medium_mps_sweep.csv
text,medium,Qwen2.5-1.5B-Instruct,1500.0,Apple M4,mps,unspecified,none,grid,,,128.0,64.0,2.0,,2.0,short_sweep,0,short_measurement,2.757037790999675,46.42663964123192,tok/s,,,,,,2968.78369140625,,,,,,,,0,PASS,qwen25_medium_mps_sweep.csv
text,medium,Qwen2.5-1.5B-Instruct,1500.0,Apple M4,mps,unspecified,none,grid,,,128.0,64.0,2.0,,3.0,short_sweep,0,short_measurement,2.7600897920001444,46.37530285101439,tok/s,,,,,,2968.78369140625,,,,,,,,0,PASS,qwen25_medium_mps_sweep.csv
text,medium,Qwen2.5-1.5B-Instruct,1500.0,Apple M4,mps,unspecified,none,grid,,,128.0,64.0,4.0,,1.0,short_sweep,0,short_measurement,3.032155082999452,84.42839927130674,tok/s,,,,,,2968.79052734375,,,,,,,,0,PASS,qwen25_medium_mps_sweep.csv
text,medium,Qwen2.5-1.5B-Instruct,1500.0,Apple M4,mps,unspecified,none,grid,,,128.0,64.0,4.0,,2.0,short_sweep,0,short_measurement,3.0369162499991944,84.29603549326325,tok/s,,,,,,2968.79052734375,,,,,,,,0,PASS,qwen25_medium_mps_sweep.csv
text,medium,Qwen2.5-1.5B-Instruct,1500.0,Apple M4,mps,unspecified,none,grid,,,128.0,64.0,4.0,,3.0,short_sweep,0,short_measurement,3.0555826660001912,83.78107483346483,tok/s,,,,,,2968.79052734375,,,,,,,,0,PASS,qwen25_medium_mps_sweep.csv
text,medium,Qwen2.5-1.5B-Instruct,1500.0,Apple M4,mps,unspecified,none,grid,,,128.0,128.0,1.0,,1.0,short_sweep,0,short_measurement,5.137271874998987,24.915948214250434,tok/s,,,,,,2968.78076171875,,,,,,,,0,PASS,qwen25_medium_mps_sweep.csv
text,medium,Qwen2.5-1.5B-Instruct,1500.0,Apple M4,mps,unspecified,none,grid,,,128.0,128.0,1.0,,2.0,short_sweep,0,short_measurement,5.120759750001525,24.996290833593953,tok/s,,,,,,2968.78076171875,,,,,,,,0,PASS,qwen25_medium_mps_sweep.csv
text,medium,Qwen2.5-1.5B-Instruct,1500.0,Apple M4,mps,unspecified,none,grid,,,128.0,128.0,1.0,,3.0,short_sweep,0,short_measurement,5.111720458000491,25.040492932211066,tok/s,,,,,,2968.78076171875,,,,,,,,0,PASS,qwen25_medium_mps_sweep.csv
text,medium,Qwen2.5-1.5B-Instruct,1500.0,Apple M4,mps,unspecified,none,grid,,,128.0,128.0,2.0,,1.0,short_sweep,0,short_measurement,5.330343999999968,48.02691908814919,tok/s,,,,,,2968.78466796875,,,,,,,,0,PASS,qwen25_medium_mps_sweep.csv
text,medium,Qwen2.5-1.5B-Instruct,1500.0,Apple M4,mps,unspecified,none,grid,,,128.0,128.0,2.0,,2.0,short_sweep,0,short_measurement,5.322458709000784,48.0980715861787,tok/s,,,,,,2968.78466796875,,,,,,,,0,PASS,qwen25_medium_mps_sweep.csv
text,medium,Qwen2.5-1.5B-Instruct,1500.0,Apple M4,mps,unspecified,none,grid,,,128.0,128.0,2.0,,3.0,short_sweep,0,short_measurement,5.334202124999138,47.992182148523554,tok/s,,,,,,2968.78466796875,,,,,,,,0,PASS,qwen25_medium_mps_sweep.csv
text,medium,Qwen2.5-1.5B-Instruct,1500.0,Apple M4,mps,unspecified,none,grid,,,128.0,128.0,4.0,,1.0,short_sweep,0,short_measurement,5.907601541999611,86.66799823244303,tok/s,,,,,,2968.79248046875,,,,,,,,0,PASS,qwen25_medium_mps_sweep.csv
text,medium,Qwen2.5-1.5B-Instruct,1500.0,Apple M4,mps,unspecified,none,grid,,,128.0,128.0,4.0,,2.0,short_sweep,0,short_measurement,5.696524750001117,89.87936021868413,tok/s,,,,,,2968.79248046875,,,,,,,,0,PASS,qwen25_medium_mps_sweep.csv
text,medium,Qwen2.5-1.5B-Instruct,1500.0,Apple M4,mps,unspecified,none,grid,,,128.0,128.0,4.0,,3.0,short_sweep,0,short_measurement,5.712339624999004,89.63052507580714,tok/s,,,,,,2968.79248046875,,,,,,,,0,PASS,qwen25_medium_mps_sweep.csv
text,medium,Qwen2.5-1.5B-Instruct,1500.0,Apple M4,mps,unspecified,none,grid,,,512.0,64.0,1.0,,1.0,short_sweep,0,short_measurement,2.9813657920003607,21.46667147376737,tok/s,,,,,,2968.7890625,,,,,,,,0,PASS,qwen25_medium_mps_sweep.csv
text,medium,Qwen2.5-1.5B-Instruct,1500.0,Apple M4,mps,unspecified,none,grid,,,512.0,64.0,1.0,,2.0,short_sweep,0,short_measurement,2.9578307089996088,21.63747905019417,tok/s,,,,,,2968.7890625,,,,,,,,0,PASS,qwen25_medium_mps_sweep.csv
text,medium,Qwen2.5-1.5B-Instruct,1500.0,Apple M4,mps,unspecified,none,grid,,,512.0,64.0,1.0,,3.0,short_sweep,0,short_measurement,2.9570886660003453,21.642908694572274,tok/s,,,,,,2968.7890625,,,,,,,,0,PASS,qwen25_medium_mps_sweep.csv
text,medium,Qwen2.5-1.5B-Instruct,1500.0,Apple M4,mps,unspecified,none,grid,,,512.0,64.0,2.0,,1.0,short_sweep,0,short_measurement,3.4569592499992723,37.0267598612934,tok/s,,,,,,2968.80126953125,,,,,,,,0,PASS,qwen25_medium_mps_sweep.csv
text,medium,Qwen2.5-1.5B-Instruct,1500.0,Apple M4,mps,unspecified,none,grid,,,512.0,64.0,2.0,,2.0,short_sweep,0,short_measurement,3.4577485829995567,37.01830741232247,tok/s,,,,,,2968.80126953125,,,,,,,,0,PASS,qwen25_medium_mps_sweep.csv
text,medium,Qwen2.5-1.5B-Instruct,1500.0,Apple M4,mps,unspecified,none,grid,,,512.0,64.0,2.0,,3.0,short_sweep,0,short_measurement,3.4666871249992255,36.922859024962804,tok/s,,,,,,2968.80126953125,,,,,,,,0,PASS,qwen25_medium_mps_sweep.csv
text,medium,Qwen2.5-1.5B-Instruct,1500.0,Apple M4,mps,unspecified,none,grid,,,512.0,64.0,4.0,,1.0,short_sweep,0,short_measurement,4.499568833000012,56.894340213774726,tok/s,,,,,,2968.82568359375,,,,,,,,0,PASS,qwen25_medium_mps_sweep.csv
text,medium,Qwen2.5-1.5B-Instruct,1500.0,Apple M4,mps,unspecified,none,grid,,,512.0,64.0,4.0,,2.0,short_sweep,0,short_measurement,4.466943792000166,57.30987715996551,tok/s,,,,,,2968.82568359375,,,,,,,,0,PASS,qwen25_medium_mps_sweep.csv
text,medium,Qwen2.5-1.5B-Instruct,1500.0,Apple M4,mps,unspecified,none,grid,,,512.0,64.0,4.0,,3.0,short_sweep,0,short_measurement,4.469947875000798,57.2713613578669,tok/s,,,,,,2968.82568359375,,,,,,,,0,PASS,qwen25_medium_mps_sweep.csv
text,medium,Qwen2.5-1.5B-Instruct,1500.0,Apple M4,mps,unspecified,none,grid,,,512.0,128.0,1.0,,1.0,short_sweep,0,short_measurement,5.519928290999815,23.188707036050207,tok/s,,,,,,2968.78955078125,,,,,,,,0,PASS,qwen25_medium_mps_sweep.csv
text,medium,Qwen2.5-1.5B-Instruct,1500.0,Apple M4,mps,unspecified,none,grid,,,512.0,128.0,1.0,,2.0,short_sweep,0,short_measurement,5.547234625000783,23.074560326530616,tok/s,,,,,,2968.78955078125,,,,,,,,0,PASS,qwen25_medium_mps_sweep.csv
text,medium,Qwen2.5-1.5B-Instruct,1500.0,Apple M4,mps,unspecified,none,grid,,,512.0,128.0,1.0,,3.0,short_sweep,0,short_measurement,5.52056283300044,23.18604169032375,tok/s,,,,,,2968.78955078125,,,,,,,,0,PASS,qwen25_medium_mps_sweep.csv
text,medium,Qwen2.5-1.5B-Instruct,1500.0,Apple M4,mps,unspecified,none,grid,,,512.0,128.0,2.0,,1.0,short_sweep,0,short_measurement,6.099668415999986,41.969494493911945,tok/s,,,,,,2968.80224609375,,,,,,,,0,PASS,qwen25_medium_mps_sweep.csv
text,medium,Qwen2.5-1.5B-Instruct,1500.0,Apple M4,mps,unspecified,none,grid,,,512.0,128.0,2.0,,2.0,short_sweep,0,short_measurement,6.115386082999976,41.86162517386247,tok/s,,,,,,2968.80224609375,,,,,,,,0,PASS,qwen25_medium_mps_sweep.csv
text,medium,Qwen2.5-1.5B-Instruct,1500.0,Apple M4,mps,unspecified,none,grid,,,512.0,128.0,2.0,,3.0,short_sweep,0,short_measurement,6.086597499999698,42.059623623874046,tok/s,,,,,,2968.80224609375,,,,,,,,0,PASS,qwen25_medium_mps_sweep.csv
text,medium,Qwen2.5-1.5B-Instruct,1500.0,Apple M4,mps,unspecified,none,grid,,,512.0,128.0,4.0,,1.0,short_sweep,0,short_measurement,7.2474932500008435,70.64511581296614,tok/s,,,,,,2968.82763671875,,,,,,,,0,PASS,qwen25_medium_mps_sweep.csv
text,medium,Qwen2.5-1.5B-Instruct,1500.0,Apple M4,mps,unspecified,none,grid,,,512.0,128.0,4.0,,2.0,short_sweep,0,short_measurement,7.246834375000617,70.65153879689107,tok/s,,,,,,2968.82763671875,,,,,,,,0,PASS,qwen25_medium_mps_sweep.csv
text,medium,Qwen2.5-1.5B-Instruct,1500.0,Apple M4,mps,unspecified,none,grid,,,512.0,128.0,4.0,,3.0,short_sweep,0,short_measurement,7.363173834000918,69.53523189086455,tok/s,,,,,,2968.82763671875,,,,,,,,0,PASS,qwen25_medium_mps_sweep.csv
text,medium,Qwen2.5-1.5B-Instruct,1500.0,Apple M4,mps,unspecified,none,grid,,,1024.0,64.0,1.0,,1.0,short_sweep,0,short_measurement,3.4440209999993385,18.58292966274372,tok/s,,,,,,2968.80078125,,,,,,,,0,PASS,qwen25_medium_mps_sweep.csv
text,medium,Qwen2.5-1.5B-Instruct,1500.0,Apple M4,mps,unspecified,none,grid,,,1024.0,64.0,1.0,,2.0,short_sweep,0,short_measurement,3.4397898329989403,18.605787884488965,tok/s,,,,,,2968.80078125,,,,,,,,0,PASS,qwen25_medium_mps_sweep.csv
text,medium,Qwen2.5-1.5B-Instruct,1500.0,Apple M4,mps,unspecified,none,grid,,,1024.0,64.0,1.0,,3.0,short_sweep,0,short_measurement,3.4508876249983587,18.54595308649914,tok/s,,,,,,2968.80078125,,,,,,,,0,PASS,qwen25_medium_mps_sweep.csv
text,medium,Qwen2.5-1.5B-Instruct,1500.0,Apple M4,mps,unspecified,none,grid,,,1024.0,64.0,2.0,,1.0,short_sweep,0,short_measurement,4.467112333000841,28.653857449341178,tok/s,,,,,,2968.82470703125,,,,,,,,0,PASS,qwen25_medium_mps_sweep.csv
text,medium,Qwen2.5-1.5B-Instruct,1500.0,Apple M4,mps,unspecified,none,grid,,,1024.0,64.0,2.0,,2.0,short_sweep,0,short_measurement,4.585786916999496,27.91233049348727,tok/s,,,,,,2968.82470703125,,,,,,,,0,PASS,qwen25_medium_mps_sweep.csv
text,medium,Qwen2.5-1.5B-Instruct,1500.0,Apple M4,mps,unspecified,none,grid,,,1024.0,64.0,2.0,,3.0,short_sweep,0,short_measurement,4.466910959001325,28.655149201500354,tok/s,,,,,,2968.82470703125,,,,,,,,0,PASS,qwen25_medium_mps_sweep.csv
text,medium,Qwen2.5-1.5B-Instruct,1500.0,Apple M4,mps,unspecified,none,grid,,,1024.0,64.0,4.0,,1.0,short_sweep,0,short_measurement,6.416348542001288,39.898081958021635,tok/s,,,,,,2968.87255859375,,,,,,,,0,PASS,qwen25_medium_mps_sweep.csv
text,medium,Qwen2.5-1.5B-Instruct,1500.0,Apple M4,mps,unspecified,none,grid,,,1024.0,64.0,4.0,,2.0,short_sweep,0,short_measurement,6.405151749999277,39.96782746014236,tok/s,,,,,,2968.87255859375,,,,,,,,0,PASS,qwen25_medium_mps_sweep.csv
text,medium,Qwen2.5-1.5B-Instruct,1500.0,Apple M4,mps,unspecified,none,grid,,,1024.0,64.0,4.0,,3.0,short_sweep,0,short_measurement,6.424193582999578,39.84935956435932,tok/s,,,,,,2968.87255859375,,,,,,,,0,PASS,qwen25_medium_mps_sweep.csv
text,medium,Qwen2.5-1.5B-Instruct,1500.0,Apple M4,mps,unspecified,none,grid,,,1024.0,128.0,1.0,,1.0,short_sweep,0,short_measurement,6.275774249999813,20.395889797980516,tok/s,,,,,,2968.80126953125,,,,,,,,0,PASS,qwen25_medium_mps_sweep.csv
text,medium,Qwen2.5-1.5B-Instruct,1500.0,Apple M4,mps,unspecified,none,grid,,,1024.0,128.0,1.0,,2.0,short_sweep,0,short_measurement,6.3934000420013035,20.020646159962894,tok/s,,,,,,2968.80126953125,,,,,,,,0,PASS,qwen25_medium_mps_sweep.csv
text,medium,Qwen2.5-1.5B-Instruct,1500.0,Apple M4,mps,unspecified,none,grid,,,1024.0,128.0,1.0,,3.0,short_sweep,0,short_measurement,6.297639291000451,20.325076442996114,tok/s,,,,,,2968.80126953125,,,,,,,,0,PASS,qwen25_medium_mps_sweep.csv
text,medium,Qwen2.5-1.5B-Instruct,1500.0,Apple M4,mps,unspecified,none,grid,,,1024.0,128.0,2.0,,1.0,short_sweep,0,short_measurement,7.548549000001003,33.91380250694087,tok/s,,,,,,2968.82568359375,,,,,,,,0,PASS,qwen25_medium_mps_sweep.csv
text,medium,Qwen2.5-1.5B-Instruct,1500.0,Apple M4,mps,unspecified,none,grid,,,1024.0,128.0,2.0,,2.0,short_sweep,0,short_measurement,7.507248666999658,34.10037569760065,tok/s,,,,,,2968.82568359375,,,,,,,,0,PASS,qwen25_medium_mps_sweep.csv
text,medium,Qwen2.5-1.5B-Instruct,1500.0,Apple M4,mps,unspecified,none,grid,,,1024.0,128.0,2.0,,3.0,short_sweep,0,short_measurement,7.520629624999856,34.03970315849784,tok/s,,,,,,2968.82568359375,,,,,,,,0,PASS,qwen25_medium_mps_sweep.csv
text,medium,Qwen2.5-1.5B-Instruct,1500.0,Apple M4,mps,unspecified,none,grid,,,1024.0,128.0,4.0,,1.0,short_sweep,0,short_measurement,9.974659666999287,51.33007211202694,tok/s,,,,,,2968.87451171875,,,,,,,,0,PASS,qwen25_medium_mps_sweep.csv
text,medium,Qwen2.5-1.5B-Instruct,1500.0,Apple M4,mps,unspecified,none,grid,,,1024.0,128.0,4.0,,2.0,short_sweep,0,short_measurement,9.783171584000229,52.334766451131685,tok/s,,,,,,2968.87451171875,,,,,,,,0,PASS,qwen25_medium_mps_sweep.csv
text,medium,Qwen2.5-1.5B-Instruct,1500.0,Apple M4,mps,unspecified,none,grid,,,1024.0,128.0,4.0,,3.0,short_sweep,0,short_measurement,9.552465875000053,53.59872588919321,tok/s,,,,,,2968.87451171875,,,,,,,,0,PASS,qwen25_medium_mps_sweep.csv
text,medium,Qwen2.5-1.5B-Instruct,1500.0,RTX 3050 Laptop,cuda,unspecified,none,grid,,,128.0,64.0,1.0,,1.0,short_sweep,0,short_measurement,2.1024730000062846,30.440343347956762,tok/s,,,,,,2965.033203125,,,,,,,,0,PASS,qwen25_medium_cuda_sweep.csv
text,medium,Qwen2.5-1.5B-Instruct,1500.0,RTX 3050 Laptop,cuda,unspecified,none,grid,,,128.0,64.0,1.0,,2.0,short_sweep,0,short_measurement,2.180300799984252,29.35374788674217,tok/s,,,,,,2965.03466796875,,,,,,,,0,PASS,qwen25_medium_cuda_sweep.csv
text,medium,Qwen2.5-1.5B-Instruct,1500.0,RTX 3050 Laptop,cuda,unspecified,none,grid,,,128.0,64.0,1.0,,3.0,short_sweep,0,short_measurement,2.133595899998909,29.99630811065616,tok/s,,,,,,2965.03466796875,,,,,,,,0,PASS,qwen25_medium_cuda_sweep.csv
text,medium,Qwen2.5-1.5B-Instruct,1500.0,RTX 3050 Laptop,cuda,unspecified,none,grid,,,128.0,64.0,2.0,,1.0,short_sweep,0,short_measurement,2.20604170000297,58.02247527770108,tok/s,,,,,,2976.66357421875,,,,,,,,0,PASS,qwen25_medium_cuda_sweep.csv
text,medium,Qwen2.5-1.5B-Instruct,1500.0,RTX 3050 Laptop,cuda,unspecified,none,grid,,,128.0,64.0,2.0,,2.0,short_sweep,0,short_measurement,2.2252583999943454,57.52140964857172,tok/s,,,,,,2976.6650390625,,,,,,,,0,PASS,qwen25_medium_cuda_sweep.csv
text,medium,Qwen2.5-1.5B-Instruct,1500.0,RTX 3050 Laptop,cuda,unspecified,none,grid,,,128.0,64.0,2.0,,3.0,short_sweep,0,short_measurement,2.303169099992374,55.57559798819106,tok/s,,,,,,2976.6650390625,,,,,,,,0,PASS,qwen25_medium_cuda_sweep.csv
text,medium,Qwen2.5-1.5B-Instruct,1500.0,RTX 3050 Laptop,cuda,unspecified,none,grid,,,128.0,64.0,4.0,,1.0,short_sweep,0,short_measurement,2.3398884999915026,109.40692259521326,tok/s,,,,,,3000.9228515625,,,,,,,,0,PASS,qwen25_medium_cuda_sweep.csv
text,medium,Qwen2.5-1.5B-Instruct,1500.0,RTX 3050 Laptop,cuda,unspecified,none,grid,,,128.0,64.0,4.0,,2.0,short_sweep,0,short_measurement,2.3129248000041116,110.68237065015902,tok/s,,,,,,3000.92578125,,,,,,,,0,PASS,qwen25_medium_cuda_sweep.csv
text,medium,Qwen2.5-1.5B-Instruct,1500.0,RTX 3050 Laptop,cuda,unspecified,none,grid,,,128.0,64.0,4.0,,3.0,short_sweep,0,short_measurement,2.3842542999773286,107.37109711931075,tok/s,,,,,,3000.92578125,,,,,,,,0,PASS,qwen25_medium_cuda_sweep.csv
text,medium,Qwen2.5-1.5B-Instruct,1500.0,RTX 3050 Laptop,cuda,unspecified,none,grid,,,128.0,128.0,1.0,,1.0,short_sweep,0,short_measurement,4.53493970001,28.22529260967191,tok/s,,,,,,2965.478515625,,,,,,,,0,PASS,qwen25_medium_cuda_sweep.csv
text,medium,Qwen2.5-1.5B-Instruct,1500.0,RTX 3050 Laptop,cuda,unspecified,none,grid,,,128.0,128.0,1.0,,2.0,short_sweep,0,short_measurement,4.238971999991918,30.196000351086077,tok/s,,,,,,2965.474609375,,,,,,,,0,PASS,qwen25_medium_cuda_sweep.csv
text,medium,Qwen2.5-1.5B-Instruct,1500.0,RTX 3050 Laptop,cuda,unspecified,none,grid,,,128.0,128.0,1.0,,3.0,short_sweep,0,short_measurement,4.4401610999775585,28.827782847934717,tok/s,,,,,,2965.474609375,,,,,,,,0,PASS,qwen25_medium_cuda_sweep.csv
text,medium,Qwen2.5-1.5B-Instruct,1500.0,RTX 3050 Laptop,cuda,unspecified,none,grid,,,128.0,128.0,2.0,,1.0,short_sweep,0,short_measurement,4.532206700008828,56.48462591070732,tok/s,,,,,,2978.599609375,,,,,,,,0,PASS,qwen25_medium_cuda_sweep.csv
text,medium,Qwen2.5-1.5B-Instruct,1500.0,RTX 3050 Laptop,cuda,unspecified,none,grid,,,128.0,128.0,2.0,,2.0,short_sweep,0,short_measurement,4.9502228000201285,51.71484402660807,tok/s,,,,,,2978.6015625,,,,,,,,0,PASS,qwen25_medium_cuda_sweep.csv
text,medium,Qwen2.5-1.5B-Instruct,1500.0,RTX 3050 Laptop,cuda,unspecified,none,grid,,,128.0,128.0,2.0,,3.0,short_sweep,0,short_measurement,4.574752199987415,55.95931512983462,tok/s,,,,,,2978.6015625,,,,,,,,0,PASS,qwen25_medium_cuda_sweep.csv
text,medium,Qwen2.5-1.5B-Instruct,1500.0,RTX 3050 Laptop,cuda,unspecified,none,grid,,,128.0,128.0,4.0,,1.0,short_sweep,0,short_measurement,4.674828599992907,109.52273202075834,tok/s,,,,,,3000.923828125,,,,,,,,0,PASS,qwen25_medium_cuda_sweep.csv
text,medium,Qwen2.5-1.5B-Instruct,1500.0,RTX 3050 Laptop,cuda,unspecified,none,grid,,,128.0,128.0,4.0,,2.0,short_sweep,0,short_measurement,4.684817100001965,109.28921856944751,tok/s,,,,,,3000.927734375,,,,,,,,0,PASS,qwen25_medium_cuda_sweep.csv
text,medium,Qwen2.5-1.5B-Instruct,1500.0,RTX 3050 Laptop,cuda,unspecified,none,grid,,,128.0,128.0,4.0,,3.0,short_sweep,0,short_measurement,4.855569400009699,105.44592360248775,tok/s,,,,,,3000.927734375,,,,,,,,0,PASS,qwen25_medium_cuda_sweep.csv
text,medium,Qwen2.5-1.5B-Instruct,1500.0,RTX 3050 Laptop,cuda,unspecified,none,grid,,,512.0,64.0,1.0,,1.0,short_sweep,0,short_measurement,2.6663792000035755,24.002587478898043,tok/s,,,,,,3000.927734375,,,,,,,,0,PASS,qwen25_medium_cuda_sweep.csv
text,medium,Qwen2.5-1.5B-Instruct,1500.0,RTX 3050 Laptop,cuda,unspecified,none,grid,,,512.0,64.0,1.0,,2.0,short_sweep,0,short_measurement,2.377391500020167,26.920261134717233,tok/s,,,,,,3000.92431640625,,,,,,,,0,PASS,qwen25_medium_cuda_sweep.csv
text,medium,Qwen2.5-1.5B-Instruct,1500.0,RTX 3050 Laptop,cuda,unspecified,none,grid,,,512.0,64.0,1.0,,3.0,short_sweep,0,short_measurement,2.391606299992418,26.760257321701694,tok/s,,,,,,3000.92431640625,,,,,,,,0,PASS,qwen25_medium_cuda_sweep.csv
text,medium,Qwen2.5-1.5B-Instruct,1500.0,RTX 3050 Laptop,cuda,unspecified,none,grid,,,512.0,64.0,2.0,,1.0,short_sweep,0,short_measurement,2.6460274000128265,48.374404588319656,tok/s,,,,,,3047.43994140625,,,,,,,,0,PASS,qwen25_medium_cuda_sweep.csv
text,medium,Qwen2.5-1.5B-Instruct,1500.0,RTX 3050 Laptop,cuda,unspecified,none,grid,,,512.0,64.0,2.0,,2.0,short_sweep,0,short_measurement,2.5621813999896403,49.95743080506226,tok/s,,,,,,3047.4443359375,,,,,,,,0,PASS,qwen25_medium_cuda_sweep.csv
text,medium,Qwen2.5-1.5B-Instruct,1500.0,RTX 3050 Laptop,cuda,unspecified,none,grid,,,512.0,64.0,2.0,,3.0,short_sweep,0,short_measurement,2.4508043999958318,52.227750203246615,tok/s,,,,,,3047.4443359375,,,,,,,,0,PASS,qwen25_medium_cuda_sweep.csv
text,medium,Qwen2.5-1.5B-Instruct,1500.0,RTX 3050 Laptop,cuda,unspecified,none,grid,,,512.0,64.0,4.0,,1.0,short_sweep,0,short_measurement,2.912915699998848,87.8844519943029,tok/s,,,,,,3142.4755859375,,,,,,,,0,PASS,qwen25_medium_cuda_sweep.csv
text,medium,Qwen2.5-1.5B-Instruct,1500.0,RTX 3050 Laptop,cuda,unspecified,none,grid,,,512.0,64.0,4.0,,2.0,short_sweep,0,short_measurement,2.824768899998162,90.62688278682428,tok/s,,,,,,3142.484375,,,,,,,,0,PASS,qwen25_medium_cuda_sweep.csv
text,medium,Qwen2.5-1.5B-Instruct,1500.0,RTX 3050 Laptop,cuda,unspecified,none,grid,,,512.0,64.0,4.0,,3.0,short_sweep,0,short_measurement,2.8071962999820244,91.19419258341117,tok/s,,,,,,3142.484375,,,,,,,,0,PASS,qwen25_medium_cuda_sweep.csv
text,medium,Qwen2.5-1.5B-Instruct,1500.0,RTX 3050 Laptop,cuda,unspecified,none,grid,,,512.0,128.0,1.0,,1.0,short_sweep,0,short_measurement,4.706585400010226,27.1959369949437,tok/s,,,,,,3000.9375,,,,,,,,0,PASS,qwen25_medium_cuda_sweep.csv
text,medium,Qwen2.5-1.5B-Instruct,1500.0,RTX 3050 Laptop,cuda,unspecified,none,grid,,,512.0,128.0,1.0,,2.0,short_sweep,0,short_measurement,4.784363699989626,26.75381890391768,tok/s,,,,,,3000.9248046875,,,,,,,,0,PASS,qwen25_medium_cuda_sweep.csv
text,medium,Qwen2.5-1.5B-Instruct,1500.0,RTX 3050 Laptop,cuda,unspecified,none,grid,,,512.0,128.0,1.0,,3.0,short_sweep,0,short_measurement,4.728966499998933,27.067224942284724,tok/s,,,,,,3000.9248046875,,,,,,,,0,PASS,qwen25_medium_cuda_sweep.csv
text,medium,Qwen2.5-1.5B-Instruct,1500.0,RTX 3050 Laptop,cuda,unspecified,none,grid,,,512.0,128.0,2.0,,1.0,short_sweep,0,short_measurement,4.897898399998667,52.26731530406382,tok/s,,,,,,3047.4404296875,,,,,,,,0,PASS,qwen25_medium_cuda_sweep.csv
text,medium,Qwen2.5-1.5B-Instruct,1500.0,RTX 3050 Laptop,cuda,unspecified,none,grid,,,512.0,128.0,2.0,,2.0,short_sweep,0,short_measurement,4.926771899976302,51.96100107683722,tok/s,,,,,,3047.4453125,,,,,,,,0,PASS,qwen25_medium_cuda_sweep.csv
text,medium,Qwen2.5-1.5B-Instruct,1500.0,RTX 3050 Laptop,cuda,unspecified,none,grid,,,512.0,128.0,2.0,,3.0,short_sweep,0,short_measurement,4.96721649999381,51.537918671416676,tok/s,,,,,,3047.4453125,,,,,,,,0,PASS,qwen25_medium_cuda_sweep.csv
text,medium,Qwen2.5-1.5B-Instruct,1500.0,RTX 3050 Laptop,cuda,unspecified,none,grid,,,512.0,128.0,4.0,,1.0,short_sweep,0,short_measurement,5.14796989999013,99.45668097262605,tok/s,,,,,,3142.4765625,,,,,,,,0,PASS,qwen25_medium_cuda_sweep.csv
text,medium,Qwen2.5-1.5B-Instruct,1500.0,RTX 3050 Laptop,cuda,unspecified,none,grid,,,512.0,128.0,4.0,,2.0,short_sweep,0,short_measurement,5.335604599997168,95.95913460309104,tok/s,,,,,,3142.486328125,,,,,,,,0,PASS,qwen25_medium_cuda_sweep.csv
text,medium,Qwen2.5-1.5B-Instruct,1500.0,RTX 3050 Laptop,cuda,unspecified,none,grid,,,512.0,128.0,4.0,,3.0,short_sweep,0,short_measurement,5.243573499988997,97.6433342645191,tok/s,,,,,,3142.486328125,,,,,,,,0,PASS,qwen25_medium_cuda_sweep.csv
text,medium,Qwen2.5-1.5B-Instruct,1500.0,RTX 3050 Laptop,cuda,unspecified,none,grid,,,1024.0,64.0,1.0,,1.0,short_sweep,0,short_measurement,2.6163240000023507,24.461802131518304,tok/s,,,,,,3047.455078125,,,,,,,,0,PASS,qwen25_medium_cuda_sweep.csv
text,medium,Qwen2.5-1.5B-Instruct,1500.0,RTX 3050 Laptop,cuda,unspecified,none,grid,,,1024.0,64.0,1.0,,2.0,short_sweep,0,short_measurement,2.572746999998344,24.876134342024766,tok/s,,,,,,3047.44384765625,,,,,,,,0,PASS,qwen25_medium_cuda_sweep.csv
text,medium,Qwen2.5-1.5B-Instruct,1500.0,RTX 3050 Laptop,cuda,unspecified,none,grid,,,1024.0,64.0,1.0,,3.0,short_sweep,0,short_measurement,2.580068500014022,24.805542953472816,tok/s,,,,,,3047.44384765625,,,,,,,,0,PASS,qwen25_medium_cuda_sweep.csv
text,medium,Qwen2.5-1.5B-Instruct,1500.0,RTX 3050 Laptop,cuda,unspecified,none,grid,,,1024.0,64.0,2.0,,1.0,short_sweep,0,short_measurement,2.9314043000049423,43.66507888379102,tok/s,,,,,,3142.47509765625,,,,,,,,0,PASS,qwen25_medium_cuda_sweep.csv
text,medium,Qwen2.5-1.5B-Instruct,1500.0,RTX 3050 Laptop,cuda,unspecified,none,grid,,,1024.0,64.0,2.0,,2.0,short_sweep,0,short_measurement,2.9215650999976788,43.81213343495296,tok/s,,,,,,3142.4833984375,,,,,,,,0,PASS,qwen25_medium_cuda_sweep.csv
text,medium,Qwen2.5-1.5B-Instruct,1500.0,RTX 3050 Laptop,cuda,unspecified,none,grid,,,1024.0,64.0,2.0,,3.0,short_sweep,0,short_measurement,2.91261550001218,43.94675507270518,tok/s,,,,,,3142.4833984375,,,,,,,,0,PASS,qwen25_medium_cuda_sweep.csv
text,medium,Qwen2.5-1.5B-Instruct,1500.0,RTX 3050 Laptop,cuda,unspecified,none,grid,,,1024.0,64.0,4.0,,1.0,short_sweep,0,short_measurement,3.711895899992669,68.96745137720742,tok/s,,,,,,3325.5458984375,,,,,,,,0,PASS,qwen25_medium_cuda_sweep.csv
text,medium,Qwen2.5-1.5B-Instruct,1500.0,RTX 3050 Laptop,cuda,unspecified,none,grid,,,1024.0,64.0,4.0,,2.0,short_sweep,0,short_measurement,3.4076764000055846,75.12450419282196,tok/s,,,,,,3325.5625,,,,,,,,0,PASS,qwen25_medium_cuda_sweep.csv
text,medium,Qwen2.5-1.5B-Instruct,1500.0,RTX 3050 Laptop,cuda,unspecified,none,grid,,,1024.0,64.0,4.0,,3.0,short_sweep,0,short_measurement,3.375318599981256,75.84469211333759,tok/s,,,,,,3325.5625,,,,,,,,0,PASS,qwen25_medium_cuda_sweep.csv
text,medium,Qwen2.5-1.5B-Instruct,1500.0,RTX 3050 Laptop,cuda,unspecified,none,grid,,,1024.0,128.0,1.0,,1.0,short_sweep,0,short_measurement,5.064094600005774,25.275989117552044,tok/s,,,,,,3047.46875,,,,,,,,0,PASS,qwen25_medium_cuda_sweep.csv
text,medium,Qwen2.5-1.5B-Instruct,1500.0,RTX 3050 Laptop,cuda,unspecified,none,grid,,,1024.0,128.0,1.0,,2.0,short_sweep,0,short_measurement,4.898173499997938,26.132189886710606,tok/s,,,,,,3047.4443359375,,,,,,,,0,PASS,qwen25_medium_cuda_sweep.csv
text,medium,Qwen2.5-1.5B-Instruct,1500.0,RTX 3050 Laptop,cuda,unspecified,none,grid,,,1024.0,128.0,1.0,,3.0,short_sweep,0,short_measurement,4.87649059999967,26.248384442699155,tok/s,,,,,,3047.4443359375,,,,,,,,0,PASS,qwen25_medium_cuda_sweep.csv
text,medium,Qwen2.5-1.5B-Instruct,1500.0,RTX 3050 Laptop,cuda,unspecified,none,grid,,,1024.0,128.0,2.0,,1.0,short_sweep,0,short_measurement,5.363261599995894,47.73214866121689,tok/s,,,,,,3142.4755859375,,,,,,,,0,PASS,qwen25_medium_cuda_sweep.csv
text,medium,Qwen2.5-1.5B-Instruct,1500.0,RTX 3050 Laptop,cuda,unspecified,none,grid,,,1024.0,128.0,2.0,,2.0,short_sweep,0,short_measurement,5.216202799987514,49.07784643660956,tok/s,,,,,,3142.484375,,,,,,,,0,PASS,qwen25_medium_cuda_sweep.csv
text,medium,Qwen2.5-1.5B-Instruct,1500.0,RTX 3050 Laptop,cuda,unspecified,none,grid,,,1024.0,128.0,2.0,,3.0,short_sweep,0,short_measurement,5.302935799991246,48.27514600505301,tok/s,,,,,,3142.484375,,,,,,,,0,PASS,qwen25_medium_cuda_sweep.csv
text,medium,Qwen2.5-1.5B-Instruct,1500.0,RTX 3050 Laptop,cuda,unspecified,none,grid,,,1024.0,128.0,4.0,,1.0,short_sweep,0,short_measurement,5.813788400002522,88.0665006658615,tok/s,,,,,,3325.546875,,,,,,,,0,PASS,qwen25_medium_cuda_sweep.csv
text,medium,Qwen2.5-1.5B-Instruct,1500.0,RTX 3050 Laptop,cuda,unspecified,none,grid,,,1024.0,128.0,4.0,,2.0,short_sweep,0,short_measurement,5.806265399995027,88.18060572987906,tok/s,,,,,,3325.564453125,,,,,,,,0,PASS,qwen25_medium_cuda_sweep.csv
text,medium,Qwen2.5-1.5B-Instruct,1500.0,RTX 3050 Laptop,cuda,unspecified,none,grid,,,1024.0,128.0,4.0,,3.0,short_sweep,0,short_measurement,5.793756099999882,88.3709964939688,tok/s,,,,,,3325.564453125,,,,,,,,0,PASS,qwen25_medium_cuda_sweep.csv
text,medium,Qwen2.5-1.5B-Instruct,1500.0,Apple M4,cpu,fp32,none,long_single,,,128.0,128.0,1.0,1.0,1.0,cpu_scaling_short,0,short_measurement,12.314294542000425,10.39442410309659,tok/s,,,,,,,,,,,,,,0,PASS,qwen25_medium_mac_cpu_scaling.csv
text,medium,Qwen2.5-1.5B-Instruct,1500.0,Apple M4,cpu,fp32,none,long_single,,,128.0,128.0,1.0,1.0,2.0,cpu_scaling_short,0,short_measurement,12.185855749998154,10.503981224299277,tok/s,,,,,,,,,,,,,,0,PASS,qwen25_medium_mac_cpu_scaling.csv
text,medium,Qwen2.5-1.5B-Instruct,1500.0,Apple M4,cpu,fp32,none,long_single,,,128.0,128.0,1.0,1.0,3.0,cpu_scaling_short,0,short_measurement,12.163738415998523,10.52308062064589,tok/s,,,,,,,,,,,,,,0,PASS,qwen25_medium_mac_cpu_scaling.csv
text,medium,Qwen2.5-1.5B-Instruct,1500.0,Apple M4,cpu,fp32,none,long_single,,,128.0,128.0,1.0,2.0,1.0,cpu_scaling_short,0,short_measurement,12.18164470800184,10.50761231904258,tok/s,,,,,,,,,,,,,,0,PASS,qwen25_medium_mac_cpu_scaling.csv
text,medium,Qwen2.5-1.5B-Instruct,1500.0,Apple M4,cpu,fp32,none,long_single,,,128.0,128.0,1.0,2.0,2.0,cpu_scaling_short,0,short_measurement,12.148737333998724,10.536074365669831,tok/s,,,,,,,,,,,,,,0,PASS,qwen25_medium_mac_cpu_scaling.csv
text,medium,Qwen2.5-1.5B-Instruct,1500.0,Apple M4,cpu,fp32,none,long_single,,,128.0,128.0,1.0,2.0,3.0,cpu_scaling_short,0,short_measurement,12.217342625001038,10.476910071922381,tok/s,,,,,,,,,,,,,,0,PASS,qwen25_medium_mac_cpu_scaling.csv
text,medium,Qwen2.5-1.5B-Instruct,1500.0,Apple M4,cpu,fp32,none,long_single,,,128.0,128.0,1.0,4.0,1.0,cpu_scaling_short,0,short_measurement,12.143899249997048,10.540271898256329,tok/s,,,,,,,,,,,,,,0,PASS,qwen25_medium_mac_cpu_scaling.csv
text,medium,Qwen2.5-1.5B-Instruct,1500.0,Apple M4,cpu,fp32,none,long_single,,,128.0,128.0,1.0,4.0,2.0,cpu_scaling_short,0,short_measurement,12.167653874999814,10.519694372881062,tok/s,,,,,,,,,,,,,,0,PASS,qwen25_medium_mac_cpu_scaling.csv
text,medium,Qwen2.5-1.5B-Instruct,1500.0,Apple M4,cpu,fp32,none,long_single,,,128.0,128.0,1.0,4.0,3.0,cpu_scaling_short,0,short_measurement,12.148011042001599,10.53670428496003,tok/s,,,,,,,,,,,,,,0,PASS,qwen25_medium_mac_cpu_scaling.csv
text,medium,Qwen2.5-1.5B-Instruct,1500.0,Apple M4,cpu,fp32,none,long_single,,,128.0,128.0,1.0,6.0,1.0,cpu_scaling_short,0,short_measurement,12.381678749999992,10.33785503439912,tok/s,,,,,,,,,,,,,,0,PASS,qwen25_medium_mac_cpu_scaling.csv
text,medium,Qwen2.5-1.5B-Instruct,1500.0,Apple M4,cpu,fp32,none,long_single,,,128.0,128.0,1.0,6.0,2.0,cpu_scaling_short,0,short_measurement,12.365364833000058,10.35149400997859,tok/s,,,,,,,,,,,,,,0,PASS,qwen25_medium_mac_cpu_scaling.csv
text,medium,Qwen2.5-1.5B-Instruct,1500.0,Apple M4,cpu,fp32,none,long_single,,,128.0,128.0,1.0,6.0,3.0,cpu_scaling_short,0,short_measurement,12.31979420800053,10.38978393948141,tok/s,,,,,,,,,,,,,,0,PASS,qwen25_medium_mac_cpu_scaling.csv
text,medium,Qwen2.5-1.5B-Instruct,1500.0,Apple M4,cpu,fp32,none,long_single,,,128.0,128.0,1.0,8.0,1.0,cpu_scaling_short,0,short_measurement,12.385020249999798,10.335065863134304,tok/s,,,,,,,,,,,,,,0,PASS,qwen25_medium_mac_cpu_scaling.csv
text,medium,Qwen2.5-1.5B-Instruct,1500.0,Apple M4,cpu,fp32,none,long_single,,,128.0,128.0,1.0,8.0,2.0,cpu_scaling_short,0,short_measurement,12.360355208998953,10.355689447080747,tok/s,,,,,,,,,,,,,,0,PASS,qwen25_medium_mac_cpu_scaling.csv
text,medium,Qwen2.5-1.5B-Instruct,1500.0,Apple M4,cpu,fp32,none,long_single,,,128.0,128.0,1.0,8.0,3.0,cpu_scaling_short,0,short_measurement,12.411176625002554,10.313284861496657,tok/s,,,,,,,,,,,,,,0,PASS,qwen25_medium_mac_cpu_scaling.csv
text,medium,Qwen2.5-1.5B-Instruct,1500.0,Apple M4,cpu,fp32,none,long_single,,,128.0,128.0,1.0,10.0,1.0,cpu_scaling_short,0,short_measurement,12.457012999999279,10.275336471111286,tok/s,,,,,,,,,,,,,,0,PASS,qwen25_medium_mac_cpu_scaling.csv
text,medium,Qwen2.5-1.5B-Instruct,1500.0,Apple M4,cpu,fp32,none,long_single,,,128.0,128.0,1.0,10.0,2.0,cpu_scaling_short,0,short_measurement,12.5911891249998,10.165838883783904,tok/s,,,,,,,,,,,,,,0,PASS,qwen25_medium_mac_cpu_scaling.csv
text,medium,Qwen2.5-1.5B-Instruct,1500.0,Apple M4,cpu,fp32,none,long_single,,,128.0,128.0,1.0,10.0,3.0,cpu_scaling_short,0,short_measurement,12.464138874998753,10.269461956714022,tok/s,,,,,,,,,,,,,,0,PASS,qwen25_medium_mac_cpu_scaling.csv
text,medium,Qwen2.5-1.5B-Instruct,1500.0,Apple M4,cpu,fp32,none,batch4,,,128.0,64.0,4.0,1.0,1.0,cpu_scaling_short,0,short_measurement,11.58086083300077,22.10543790237972,tok/s,,,,,,,,,,,,,,0,PASS,qwen25_medium_mac_cpu_scaling.csv
text,medium,Qwen2.5-1.5B-Instruct,1500.0,Apple M4,cpu,fp32,none,batch4,,,128.0,64.0,4.0,1.0,2.0,cpu_scaling_short,0,short_measurement,11.598957750000409,22.070948572943202,tok/s,,,,,,,,,,,,,,0,PASS,qwen25_medium_mac_cpu_scaling.csv
text,medium,Qwen2.5-1.5B-Instruct,1500.0,Apple M4,cpu,fp32,none,batch4,,,128.0,64.0,4.0,1.0,3.0,cpu_scaling_short,0,short_measurement,11.574698707998323,22.1172063703999,tok/s,,,,,,,,,,,,,,0,PASS,qwen25_medium_mac_cpu_scaling.csv
text,medium,Qwen2.5-1.5B-Instruct,1500.0,Apple M4,cpu,fp32,none,batch4,,,128.0,64.0,4.0,2.0,1.0,cpu_scaling_short,0,short_measurement,11.477327125001466,22.304844778916006,tok/s,,,,,,,,,,,,,,0,PASS,qwen25_medium_mac_cpu_scaling.csv
text,medium,Qwen2.5-1.5B-Instruct,1500.0,Apple M4,cpu,fp32,none,batch4,,,128.0,64.0,4.0,2.0,2.0,cpu_scaling_short,0,short_measurement,11.474827583999286,22.30970340303598,tok/s,,,,,,,,,,,,,,0,PASS,qwen25_medium_mac_cpu_scaling.csv
text,medium,Qwen2.5-1.5B-Instruct,1500.0,Apple M4,cpu,fp32,none,batch4,,,128.0,64.0,4.0,2.0,3.0,cpu_scaling_short,0,short_measurement,11.474634791997232,22.310078241317306,tok/s,,,,,,,,,,,,,,0,PASS,qwen25_medium_mac_cpu_scaling.csv
text,medium,Qwen2.5-1.5B-Instruct,1500.0,Apple M4,cpu,fp32,none,batch4,,,128.0,64.0,4.0,4.0,1.0,cpu_scaling_short,0,short_measurement,11.432422624999163,22.392454197783714,tok/s,,,,,,,,,,,,,,0,PASS,qwen25_medium_mac_cpu_scaling.csv
text,medium,Qwen2.5-1.5B-Instruct,1500.0,Apple M4,cpu,fp32,none,batch4,,,128.0,64.0,4.0,4.0,2.0,cpu_scaling_short,0,short_measurement,11.426578375001554,22.4039070663588,tok/s,,,,,,,,,,,,,,0,PASS,qwen25_medium_mac_cpu_scaling.csv
text,medium,Qwen2.5-1.5B-Instruct,1500.0,Apple M4,cpu,fp32,none,batch4,,,128.0,64.0,4.0,4.0,3.0,cpu_scaling_short,0,short_measurement,11.397479958999611,22.461105518142087,tok/s,,,,,,,,,,,,,,0,PASS,qwen25_medium_mac_cpu_scaling.csv
text,medium,Qwen2.5-1.5B-Instruct,1500.0,Apple M4,cpu,fp32,none,batch4,,,128.0,64.0,4.0,6.0,1.0,cpu_scaling_short,0,short_measurement,11.583751082998788,22.099922396962196,tok/s,,,,,,,,,,,,,,0,PASS,qwen25_medium_mac_cpu_scaling.csv
text,medium,Qwen2.5-1.5B-Instruct,1500.0,Apple M4,cpu,fp32,none,batch4,,,128.0,64.0,4.0,6.0,2.0,cpu_scaling_short,0,short_measurement,11.566684749999695,22.13253023948861,tok/s,,,,,,,,,,,,,,0,PASS,qwen25_medium_mac_cpu_scaling.csv
text,medium,Qwen2.5-1.5B-Instruct,1500.0,Apple M4,cpu,fp32,none,batch4,,,128.0,64.0,4.0,6.0,3.0,cpu_scaling_short,0,short_measurement,11.61702462500034,22.036623684956034,tok/s,,,,,,,,,,,,,,0,PASS,qwen25_medium_mac_cpu_scaling.csv
text,medium,Qwen2.5-1.5B-Instruct,1500.0,Apple M4,cpu,fp32,none,batch4,,,128.0,64.0,4.0,8.0,1.0,cpu_scaling_short,0,short_measurement,11.776269666999724,21.738632626372414,tok/s,,,,,,,,,,,,,,0,PASS,qwen25_medium_mac_cpu_scaling.csv
text,medium,Qwen2.5-1.5B-Instruct,1500.0,Apple M4,cpu,fp32,none,batch4,,,128.0,64.0,4.0,8.0,2.0,cpu_scaling_short,0,short_measurement,11.665064374999929,21.945871173128573,tok/s,,,,,,,,,,,,,,0,PASS,qwen25_medium_mac_cpu_scaling.csv
text,medium,Qwen2.5-1.5B-Instruct,1500.0,Apple M4,cpu,fp32,none,batch4,,,128.0,64.0,4.0,8.0,3.0,cpu_scaling_short,0,short_measurement,12.171968665999884,21.03193057956911,tok/s,,,,,,,,,,,,,,0,PASS,qwen25_medium_mac_cpu_scaling.csv
text,medium,Qwen2.5-1.5B-Instruct,1500.0,Apple M4,cpu,fp32,none,batch4,,,128.0,64.0,4.0,10.0,1.0,cpu_scaling_short,0,short_measurement,11.708707541998592,21.864069888306616,tok/s,,,,,,,,,,,,,,0,PASS,qwen25_medium_mac_cpu_scaling.csv
text,medium,Qwen2.5-1.5B-Instruct,1500.0,Apple M4,cpu,fp32,none,batch4,,,128.0,64.0,4.0,10.0,2.0,cpu_scaling_short,0,short_measurement,11.755485375000717,21.77706762703402,tok/s,,,,,,,,,,,,,,0,PASS,qwen25_medium_mac_cpu_scaling.csv
text,medium,Qwen2.5-1.5B-Instruct,1500.0,Apple M4,cpu,fp32,none,batch4,,,128.0,64.0,4.0,10.0,3.0,cpu_scaling_short,0,short_measurement,11.692197291999037,21.894943577045236,tok/s,,,,,,,,,,,,,,0,PASS,qwen25_medium_mac_cpu_scaling.csv
text,medium,Qwen2.5-1.5B-Instruct,1500.0,Intel i7-11800H,cpu,fp32,none,long_single,,,128.0,16.0,1.0,1.0,1.0,cpu_scaling_short,0,short_measurement,886.8914942000001,0.018040538334886648,tok/s,,,,,,,,,,,,,,0,PASS,qwen25_medium_msi_cpu_scaling.csv
text,medium,Qwen2.5-1.5B-Instruct,1500.0,Intel i7-11800H,cpu,fp32,none,long_single,,,128.0,16.0,1.0,2.0,1.0,cpu_scaling_short,0,short_measurement,624.2988407999992,0.02562875173610289,tok/s,,,,,,,,,,,,,,0,PASS,qwen25_medium_msi_cpu_scaling.csv
text,medium,Qwen2.5-1.5B-Instruct,1500.0,Intel i7-11800H,cpu,fp32,none,long_single,,,128.0,16.0,1.0,4.0,1.0,cpu_scaling_short,0,short_measurement,395.2042911000008,0.04048539036726054,tok/s,,,,,,,,,,,,,,0,PASS,qwen25_medium_msi_cpu_scaling.csv
text,medium,Qwen2.5-1.5B-Instruct,1500.0,Intel i7-11800H,cpu,fp32,none,long_single,,,128.0,16.0,1.0,8.0,1.0,cpu_scaling_short,0,short_measurement,139.9321267000014,0.11434114793597173,tok/s,,,,,,,,,,,,,,0,PASS,qwen25_medium_msi_cpu_scaling.csv
text,medium,Qwen2.5-1.5B-Instruct,1500.0,Intel i7-11800H,cpu,fp32,none,long_single,,,128.0,16.0,1.0,16.0,1.0,cpu_scaling_short,0,short_measurement,114.7589493000014,0.13942267768741068,tok/s,,,,,,,,,,,,,,0,PASS,qwen25_medium_msi_cpu_scaling.csv
text,medium,Qwen2.5-1.5B-Instruct,1500.0,Intel i7-11800H,cpu,fp32,none,batch4,,,128.0,16.0,4.0,1.0,1.0,cpu_scaling_short,0,short_measurement,867.7060325000002,0.07375769857863698,tok/s,,,,,,,,,,,,,,0,PASS,qwen25_medium_msi_cpu_scaling.csv
text,medium,Qwen2.5-1.5B-Instruct,1500.0,Intel i7-11800H,cpu,fp32,none,batch4,,,128.0,16.0,4.0,2.0,1.0,cpu_scaling_short,0,short_measurement,609.3049972999997,0.10503770736101269,tok/s,,,,,,,,,,,,,,0,PASS,qwen25_medium_msi_cpu_scaling.csv
text,medium,Qwen2.5-1.5B-Instruct,1500.0,Intel i7-11800H,cpu,fp32,none,batch4,,,128.0,16.0,4.0,4.0,1.0,cpu_scaling_short,0,short_measurement,400.3317850000003,0.15986739599005348,tok/s,,,,,,,,,,,,,,0,PASS,qwen25_medium_msi_cpu_scaling.csv
text,medium,Qwen2.5-1.5B-Instruct,1500.0,Intel i7-11800H,cpu,fp32,none,batch4,,,128.0,16.0,4.0,8.0,1.0,cpu_scaling_short,0,short_measurement,171.1176441000007,0.3740116943323423,tok/s,,,,,,,,,,,,,,0,PASS,qwen25_medium_msi_cpu_scaling.csv
text,medium,Qwen2.5-1.5B-Instruct,1500.0,Intel i7-11800H,cpu,fp32,none,batch4,,,128.0,16.0,4.0,16.0,1.0,cpu_scaling_short,0,short_measurement,131.79375699999946,0.48560722037843007,tok/s,,,,,,,,,,,,,,0,PASS,qwen25_medium_msi_cpu_scaling.csv
text,medium,Qwen2.5-1.5B-Instruct,1500.0,Apple M4,mps,unspecified,none,grid,light,,128.0,64.0,1.0,,,sustained_power,1,power_monitored_or_summary,,24.4,tok/s,6.76,,17.71,0.2768,,,,,,,,,combined_soc,0,PASS,qwen25_medium_mps_power_summary.csv
text,medium,Qwen2.5-1.5B-Instruct,1500.0,Apple M4,mps,unspecified,none,grid,medium,,512.0,128.0,2.0,,,sustained_power,1,power_monitored_or_summary,,41.81,tok/s,8.64,,52.93,0.2068,,,,,,,,,combined_soc,0,PASS,qwen25_medium_mps_power_summary.csv
text,medium,Qwen2.5-1.5B-Instruct,1500.0,Apple M4,mps,unspecified,none,grid,heavy,,1024.0,128.0,4.0,,,sustained_power,1,power_monitored_or_summary,,53.96,tok/s,11.96,,113.46,0.2216,,,,,,,,,combined_soc,0,PASS,qwen25_medium_mps_power_summary.csv
text,medium,Qwen2.5-1.5B-Instruct,1500.0,RTX 3050 Laptop,cuda,unspecified,none,grid,light,,128.0,64.0,1.0,,1.0,sustained_power,1,power_monitored_or_summary,,29.43267660135244,tok/s,56.56513696369637,39.92817696369637,122.99828570501874,1.9218482141409179,1.356593472775142,,3380.50390625,,63.17491749174918,,,60.884710699999914,gpu_board,0,PASS,qwen25_medium_cuda_nvml_power.csv
text,medium,Qwen2.5-1.5B-Instruct,1500.0,RTX 3050 Laptop,cuda,unspecified,none,grid,light,,128.0,64.0,1.0,,2.0,sustained_power,1,power_monitored_or_summary,,26.49218419634192,tok/s,57.268863560732115,40.63190356073211,138.3505127671939,2.1617267619874045,1.5337317323326867,,3380.50390625,,57.282861896838604,,,60.39517119999982,gpu_board,0,PASS,qwen25_medium_cuda_nvml_power.csv
text,medium,Qwen2.5-1.5B-Instruct,1500.0,RTX 3050 Laptop,cuda,unspecified,none,grid,light,,128.0,64.0,1.0,,3.0,sustained_power,1,power_monitored_or_summary,,27.724000712500406,tok/s,59.60926570048309,42.97230570048309,137.6061501510056,2.1500960961094626,1.5500037727638427,,3380.50390625,,60.671497584541065,,,62.328666699999985,gpu_board,0,PASS,qwen25_medium_cuda_nvml_power.csv
text,medium,Qwen2.5-1.5B-Instruct,1500.0,RTX 3050 Laptop,cuda,unspecified,none,grid,medium,,512.0,128.0,2.0,,1.0,sustained_power,1,power_monitored_or_summary,,40.5476984807188,tok/s,56.30168521462639,39.66472521462639,355.4636133490566,1.3885297396447522,0.9782238376239214,,3492.50390625,,55.810810810810814,,,63.13551929999994,gpu_board,0,PASS,qwen25_medium_cuda_nvml_power.csv
text,medium,Qwen2.5-1.5B-Instruct,1500.0,RTX 3050 Laptop,cuda,unspecified,none,grid,medium,,512.0,128.0,2.0,,2.0,sustained_power,1,power_monitored_or_summary,,36.210789626199094,tok/s,53.91818769716088,37.28122769716089,381.1862760508942,1.4890088908238055,1.0295613015350351,,3499.609375,,49.427444794952685,,,63.62744429999998,gpu_board,0,PASS,qwen25_medium_cuda_nvml_power.csv
text,medium,Qwen2.5-1.5B-Instruct,1500.0,RTX 3050 Laptop,cuda,unspecified,none,grid,medium,,512.0,128.0,2.0,,3.0,sustained_power,1,power_monitored_or_summary,,38.13796585934977,tok/s,54.695237541528236,38.05827754152824,367.1402104210168,1.4341414469570968,0.9979105252200546,,3492.50390625,,52.674418604651166,,,60.412241400000084,gpu_board,0,PASS,qwen25_medium_cuda_nvml_power.csv
text,medium,Qwen2.5-1.5B-Instruct,1500.0,RTX 3050 Laptop,cuda,unspecified,none,grid,heavy,,1024.0,128.0,4.0,,1.0,sustained_power,1,power_monitored_or_summary,,69.14302552635958,tok/s,57.893971385542166,41.25701138554217,428.701421781105,0.8373074644162207,0.5966908603068527,,3822.50390625,,65.91415662650603,,,66.64446580000003,gpu_board,0,PASS,qwen25_medium_cuda_nvml_power.csv
text,medium,Qwen2.5-1.5B-Instruct,1500.0,RTX 3050 Laptop,cuda,unspecified,none,grid,heavy,,1024.0,128.0,4.0,,2.0,sustained_power,1,power_monitored_or_summary,,66.76206894602004,tok/s,56.87490834697218,40.237948346972175,436.17511460279144,0.851904520708577,0.6027067312654175,,3822.50390625,,65.08183306055646,,,61.35220289999984,gpu_board,0,PASS,qwen25_medium_cuda_nvml_power.csv
text,medium,Qwen2.5-1.5B-Instruct,1500.0,RTX 3050 Laptop,cuda,unspecified,none,grid,heavy,,1024.0,128.0,4.0,,3.0,sustained_power,1,power_monitored_or_summary,,65.57525744100023,tok/s,56.079278135048234,39.44231813504824,437.85707484226293,0.8551895993012948,0.6014817123750604,,3822.50390625,,63.40514469453376,,,62.462583600000016,gpu_board,0,PASS,qwen25_medium_cuda_nvml_power.csv
text,medium,Qwen2.5-1.5B-Instruct,1500.0,Apple M4,cpu,unspecified,none,grid,,,128.0,64.0,4.0,1.0,,sustained_power,1,power_monitored_or_summary,,22.01,tok/s,6.56,,76.25,0.2979,,,,,,,,,combined_soc,0,PASS,qwen25_medium_mac_cpu_power_summary.csv
text,medium,Qwen2.5-1.5B-Instruct,1500.0,Apple M4,cpu,unspecified,none,grid,,,128.0,64.0,4.0,2.0,,sustained_power,1,power_monitored_or_summary,,22.23,tok/s,6.67,,76.77,0.2999,,,,,,,,,combined_soc,0,PASS,qwen25_medium_mac_cpu_power_summary.csv
text,medium,Qwen2.5-1.5B-Instruct,1500.0,Apple M4,cpu,unspecified,none,grid,,,128.0,64.0,4.0,4.0,,sustained_power,1,power_monitored_or_summary,,22.33,tok/s,6.74,,77.21,0.3016,,,,,,,,,combined_soc,0,PASS,qwen25_medium_mac_cpu_power_summary.csv
text,medium,Qwen2.5-1.5B-Instruct,1500.0,Apple M4,cpu,unspecified,none,grid,,,128.0,64.0,4.0,6.0,,sustained_power,1,power_monitored_or_summary,,21.97,tok/s,6.73,,78.23,0.3056,,,,,,,,,combined_soc,0,PASS,qwen25_medium_mac_cpu_power_summary.csv
text,medium,Qwen2.5-1.5B-Instruct,1500.0,Apple M4,cpu,unspecified,none,grid,,,128.0,64.0,4.0,8.0,,sustained_power,1,power_monitored_or_summary,,21.91,tok/s,6.75,,78.9,0.3082,,,,,,,,,combined_soc,0,PASS,qwen25_medium_mac_cpu_power_summary.csv
text,medium,Qwen2.5-1.5B-Instruct,1500.0,Apple M4,cpu,unspecified,none,grid,,,128.0,64.0,4.0,10.0,,sustained_power,1,power_monitored_or_summary,,21.76,tok/s,6.73,,79.25,0.3096,,,,,,,,,combined_soc,0,PASS,qwen25_medium_mac_cpu_power_summary.csv
text,medium,Qwen2.5-1.5B-Instruct,1500.0,Intel i7-11800H,cpu,unspecified,none,grid,,,128.0,16.0,1.0,8.0,1.0,sustained_power,1,power_monitored_or_summary,186.03874259999975,0.08600359138312098,tok/s,33.92584269662921,18.670842696629208,6311.521116926283,394.4700698078927,217.0937561602054,,,,,,,,cpu_package,0,PASS,qwen25_medium_msi_cpu_power.csv
text,medium,Qwen2.5-1.5B-Instruct,1500.0,Intel i7-11800H,cpu,unspecified,none,grid,,,128.0,16.0,1.0,8.0,2.0,sustained_power,1,power_monitored_or_summary,189.10006280000016,0.08461128866425731,tok/s,33.214207650273224,17.95920765027322,6280.808752518912,392.550547032432,212.25545590655685,,,,,,,,cpu_package,0,PASS,qwen25_medium_msi_cpu_power.csv
text,medium,Qwen2.5-1.5B-Instruct,1500.0,Intel i7-11800H,cpu,unspecified,none,grid,,,128.0,16.0,1.0,8.0,3.0,sustained_power,1,power_monitored_or_summary,207.90517240000008,0.07695816229726468,tok/s,32.44314720812183,17.188147208121826,6745.09811350315,421.56863209394686,223.34404428382177,,,,,,,,cpu_package,0,PASS,qwen25_medium_msi_cpu_power.csv
text,medium,Qwen2.5-1.5B-Instruct,1500.0,Intel i7-11800H,cpu,unspecified,none,grid,,,128.0,16.0,1.0,16.0,1.0,sustained_power,1,power_monitored_or_summary,162.68947860000117,0.09834686383953956,tok/s,34.50397350993377,19.24897350993377,5613.433459959378,350.8395912474611,195.72534149477247,,,,,,,,cpu_package,0,PASS,qwen25_medium_msi_cpu_power.csv
text,medium,Qwen2.5-1.5B-Instruct,1500.0,Intel i7-11800H,cpu,unspecified,none,grid,,,128.0,16.0,1.0,16.0,2.0,sustained_power,1,power_monitored_or_summary,153.0869122999993,0.10451579275859542,tok/s,35.03655172413793,19.781551724137927,5363.637521087493,335.2273450679683,189.26854212193768,,,,,,,,cpu_package,0,PASS,qwen25_medium_msi_cpu_power.csv
text,medium,Qwen2.5-1.5B-Instruct,1500.0,Intel i7-11800H,cpu,unspecified,none,grid,,,128.0,16.0,1.0,16.0,3.0,sustained_power,1,power_monitored_or_summary,143.0258845999997,0.11186786255332158,tok/s,34.89259259259259,19.63759259259259,4990.543921542952,311.9089950964345,175.5427532481223,,,,,,,,cpu_package,0,PASS,qwen25_medium_msi_cpu_power.csv
text,hard,Qwen3-1.7B,1700.0,Apple M4,llama.cpp/metal,q4_k_m,Q4_K_M,q4_grid,,,128.0,64.0,1.0,,,short_sweep,0,short_measurement,,76.19,tok/s,,,,,,,,,,,,,,0,PASS,qwen3_hard_q4_cross_device.csv
text,hard,Qwen3-1.7B,1700.0,Apple M4,llama.cpp/metal,q4_k_m,Q4_K_M,q4_grid,,,128.0,64.0,2.0,,,short_sweep,0,short_measurement,,112.18,tok/s,,,,,,,,,,,,,,0,PASS,qwen3_hard_q4_cross_device.csv
text,hard,Qwen3-1.7B,1700.0,Apple M4,llama.cpp/metal,q4_k_m,Q4_K_M,q4_grid,,,128.0,64.0,4.0,,,short_sweep,0,short_measurement,,98.21,tok/s,,,,,,,,,,,,,,0,PASS,qwen3_hard_q4_cross_device.csv
text,hard,Qwen3-1.7B,1700.0,Apple M4,llama.cpp/metal,q4_k_m,Q4_K_M,q4_grid,,,128.0,128.0,1.0,,,short_sweep,0,short_measurement,,72.66,tok/s,,,,,,,,,,,,,,0,PASS,qwen3_hard_q4_cross_device.csv
text,hard,Qwen3-1.7B,1700.0,Apple M4,llama.cpp/metal,q4_k_m,Q4_K_M,q4_grid,,,128.0,128.0,2.0,,,short_sweep,0,short_measurement,,119.03,tok/s,,,,,,,,,,,,,,0,PASS,qwen3_hard_q4_cross_device.csv
text,hard,Qwen3-1.7B,1700.0,Apple M4,llama.cpp/metal,q4_k_m,Q4_K_M,q4_grid,,,128.0,128.0,4.0,,,short_sweep,0,short_measurement,,102.99,tok/s,,,,,,,,,,,,,,0,PASS,qwen3_hard_q4_cross_device.csv
text,hard,Qwen3-1.7B,1700.0,Apple M4,llama.cpp/metal,q4_k_m,Q4_K_M,q4_grid,,,512.0,64.0,1.0,,,short_sweep,0,short_measurement,,75.83,tok/s,,,,,,,,,,,,,,0,PASS,qwen3_hard_q4_cross_device.csv
text,hard,Qwen3-1.7B,1700.0,Apple M4,llama.cpp/metal,q4_k_m,Q4_K_M,q4_grid,,,512.0,64.0,2.0,,,short_sweep,0,short_measurement,,113.27,tok/s,,,,,,,,,,,,,,0,PASS,qwen3_hard_q4_cross_device.csv
text,hard,Qwen3-1.7B,1700.0,Apple M4,llama.cpp/metal,q4_k_m,Q4_K_M,q4_grid,,,512.0,64.0,4.0,,,short_sweep,0,short_measurement,,97.86,tok/s,,,,,,,,,,,,,,0,PASS,qwen3_hard_q4_cross_device.csv
text,hard,Qwen3-1.7B,1700.0,Apple M4,llama.cpp/metal,q4_k_m,Q4_K_M,q4_grid,,,512.0,128.0,1.0,,,short_sweep,0,short_measurement,,75.81,tok/s,,,,,,,,,,,,,,0,PASS,qwen3_hard_q4_cross_device.csv
text,hard,Qwen3-1.7B,1700.0,Apple M4,llama.cpp/metal,q4_k_m,Q4_K_M,q4_grid,,,512.0,128.0,2.0,,,short_sweep,0,short_measurement,,112.75,tok/s,,,,,,,,,,,,,,0,PASS,qwen3_hard_q4_cross_device.csv
text,hard,Qwen3-1.7B,1700.0,Apple M4,llama.cpp/metal,q4_k_m,Q4_K_M,q4_grid,,,512.0,128.0,4.0,,,short_sweep,0,short_measurement,,97.55,tok/s,,,,,,,,,,,,,,0,PASS,qwen3_hard_q4_cross_device.csv
text,hard,Qwen3-1.7B,1700.0,Apple M4,llama.cpp/metal,q4_k_m,Q4_K_M,q4_grid,,,1024.0,64.0,1.0,,,short_sweep,0,short_measurement,,72.72,tok/s,,,,,,,,,,,,,,0,PASS,qwen3_hard_q4_cross_device.csv
text,hard,Qwen3-1.7B,1700.0,Apple M4,llama.cpp/metal,q4_k_m,Q4_K_M,q4_grid,,,1024.0,64.0,2.0,,,short_sweep,0,short_measurement,,105.34,tok/s,,,,,,,,,,,,,,0,PASS,qwen3_hard_q4_cross_device.csv
text,hard,Qwen3-1.7B,1700.0,Apple M4,llama.cpp/metal,q4_k_m,Q4_K_M,q4_grid,,,1024.0,64.0,4.0,,,short_sweep,0,short_measurement,,91.62,tok/s,,,,,,,,,,,,,,0,PASS,qwen3_hard_q4_cross_device.csv
text,hard,Qwen3-1.7B,1700.0,Apple M4,llama.cpp/metal,q4_k_m,Q4_K_M,q4_grid,,,1024.0,128.0,1.0,,,short_sweep,0,short_measurement,,72.38,tok/s,,,,,,,,,,,,,,0,PASS,qwen3_hard_q4_cross_device.csv
text,hard,Qwen3-1.7B,1700.0,Apple M4,llama.cpp/metal,q4_k_m,Q4_K_M,q4_grid,,,1024.0,128.0,2.0,,,short_sweep,0,short_measurement,,104.92,tok/s,,,,,,,,,,,,,,0,PASS,qwen3_hard_q4_cross_device.csv
text,hard,Qwen3-1.7B,1700.0,Apple M4,llama.cpp/metal,q4_k_m,Q4_K_M,q4_grid,,,1024.0,128.0,4.0,,,short_sweep,0,short_measurement,,91.46,tok/s,,,,,,,,,,,,,,0,PASS,qwen3_hard_q4_cross_device.csv
text,hard,Qwen3-1.7B,1700.0,RTX 3050 Laptop,llama.cpp/cuda,q4_k_m,Q4_K_M,q4_grid,,,128.0,64.0,1.0,,,short_sweep,0,short_measurement,,117.88,tok/s,,,,,,,,,,,,,,0,PASS,qwen3_hard_q4_cross_device.csv
text,hard,Qwen3-1.7B,1700.0,RTX 3050 Laptop,llama.cpp/cuda,q4_k_m,Q4_K_M,q4_grid,,,128.0,64.0,2.0,,,short_sweep,0,short_measurement,,223.4,tok/s,,,,,,,,,,,,,,0,PASS,qwen3_hard_q4_cross_device.csv
text,hard,Qwen3-1.7B,1700.0,RTX 3050 Laptop,llama.cpp/cuda,q4_k_m,Q4_K_M,q4_grid,,,128.0,64.0,4.0,,,short_sweep,0,short_measurement,,300.64,tok/s,,,,,,,,,,,,,,0,PASS,qwen3_hard_q4_cross_device.csv
text,hard,Qwen3-1.7B,1700.0,RTX 3050 Laptop,llama.cpp/cuda,q4_k_m,Q4_K_M,q4_grid,,,128.0,128.0,1.0,,,short_sweep,0,short_measurement,,119.7,tok/s,,,,,,,,,,,,,,0,PASS,qwen3_hard_q4_cross_device.csv
text,hard,Qwen3-1.7B,1700.0,RTX 3050 Laptop,llama.cpp/cuda,q4_k_m,Q4_K_M,q4_grid,,,128.0,128.0,2.0,,,short_sweep,0,short_measurement,,222.87,tok/s,,,,,,,,,,,,,,0,PASS,qwen3_hard_q4_cross_device.csv
text,hard,Qwen3-1.7B,1700.0,RTX 3050 Laptop,llama.cpp/cuda,q4_k_m,Q4_K_M,q4_grid,,,128.0,128.0,4.0,,,short_sweep,0,short_measurement,,299.03,tok/s,,,,,,,,,,,,,,0,PASS,qwen3_hard_q4_cross_device.csv
text,hard,Qwen3-1.7B,1700.0,RTX 3050 Laptop,llama.cpp/cuda,q4_k_m,Q4_K_M,q4_grid,,,512.0,64.0,1.0,,,short_sweep,0,short_measurement,,114.82,tok/s,,,,,,,,,,,,,,0,PASS,qwen3_hard_q4_cross_device.csv
text,hard,Qwen3-1.7B,1700.0,RTX 3050 Laptop,llama.cpp/cuda,q4_k_m,Q4_K_M,q4_grid,,,512.0,64.0,2.0,,,short_sweep,0,short_measurement,,208.36,tok/s,,,,,,,,,,,,,,0,PASS,qwen3_hard_q4_cross_device.csv
text,hard,Qwen3-1.7B,1700.0,RTX 3050 Laptop,llama.cpp/cuda,q4_k_m,Q4_K_M,q4_grid,,,512.0,64.0,4.0,,,short_sweep,0,short_measurement,,274.67,tok/s,,,,,,,,,,,,,,0,PASS,qwen3_hard_q4_cross_device.csv
text,hard,Qwen3-1.7B,1700.0,RTX 3050 Laptop,llama.cpp/cuda,q4_k_m,Q4_K_M,q4_grid,,,512.0,128.0,1.0,,,short_sweep,0,short_measurement,,113.83,tok/s,,,,,,,,,,,,,,0,PASS,qwen3_hard_q4_cross_device.csv
text,hard,Qwen3-1.7B,1700.0,RTX 3050 Laptop,llama.cpp/cuda,q4_k_m,Q4_K_M,q4_grid,,,512.0,128.0,2.0,,,short_sweep,0,short_measurement,,207.74,tok/s,,,,,,,,,,,,,,0,PASS,qwen3_hard_q4_cross_device.csv
text,hard,Qwen3-1.7B,1700.0,RTX 3050 Laptop,llama.cpp/cuda,q4_k_m,Q4_K_M,q4_grid,,,512.0,128.0,4.0,,,short_sweep,0,short_measurement,,273.17,tok/s,,,,,,,,,,,,,,0,PASS,qwen3_hard_q4_cross_device.csv
text,hard,Qwen3-1.7B,1700.0,RTX 3050 Laptop,llama.cpp/cuda,q4_k_m,Q4_K_M,q4_grid,,,1024.0,64.0,1.0,,,short_sweep,0,short_measurement,,109.15,tok/s,,,,,,,,,,,,,,0,PASS,qwen3_hard_q4_cross_device.csv
text,hard,Qwen3-1.7B,1700.0,RTX 3050 Laptop,llama.cpp/cuda,q4_k_m,Q4_K_M,q4_grid,,,1024.0,64.0,2.0,,,short_sweep,0,short_measurement,,194.63,tok/s,,,,,,,,,,,,,,0,PASS,qwen3_hard_q4_cross_device.csv
text,hard,Qwen3-1.7B,1700.0,RTX 3050 Laptop,llama.cpp/cuda,q4_k_m,Q4_K_M,q4_grid,,,1024.0,64.0,4.0,,,short_sweep,0,short_measurement,,252.51,tok/s,,,,,,,,,,,,,,0,PASS,qwen3_hard_q4_cross_device.csv
text,hard,Qwen3-1.7B,1700.0,RTX 3050 Laptop,llama.cpp/cuda,q4_k_m,Q4_K_M,q4_grid,,,1024.0,128.0,1.0,,,short_sweep,0,short_measurement,,109.8,tok/s,,,,,,,,,,,,,,0,PASS,qwen3_hard_q4_cross_device.csv
text,hard,Qwen3-1.7B,1700.0,RTX 3050 Laptop,llama.cpp/cuda,q4_k_m,Q4_K_M,q4_grid,,,1024.0,128.0,2.0,,,short_sweep,0,short_measurement,,194.7,tok/s,,,,,,,,,,,,,,0,PASS,qwen3_hard_q4_cross_device.csv
text,hard,Qwen3-1.7B,1700.0,RTX 3050 Laptop,llama.cpp/cuda,q4_k_m,Q4_K_M,q4_grid,,,1024.0,128.0,4.0,,,short_sweep,0,short_measurement,,250.55,tok/s,,,,,,,,,,,,,,0,PASS,qwen3_hard_q4_cross_device.csv
text,hard,Qwen3-1.7B,1700.0,Apple M4,cpu,q4_k_m,Q4_K_M,long_single,,,128.0,128.0,1.0,1.0,1.0,cpu_scaling_short,0,short_measurement,9.946,19.9,tok/s,,,,,,,,,,,,,,0,PASS,qwen3_hard_q4_mac_cpu_scaling.csv
text,hard,Qwen3-1.7B,1700.0,Apple M4,cpu,q4_k_m,Q4_K_M,long_single,,,128.0,128.0,1.0,1.0,2.0,cpu_scaling_short,0,short_measurement,10.006,19.97,tok/s,,,,,,,,,,,,,,0,PASS,qwen3_hard_q4_mac_cpu_scaling.csv
text,hard,Qwen3-1.7B,1700.0,Apple M4,cpu,q4_k_m,Q4_K_M,long_single,,,128.0,128.0,1.0,1.0,3.0,cpu_scaling_short,0,short_measurement,10.046,19.88,tok/s,,,,,,,,,,,,,,0,PASS,qwen3_hard_q4_mac_cpu_scaling.csv
text,hard,Qwen3-1.7B,1700.0,Apple M4,cpu,q4_k_m,Q4_K_M,long_single,,,128.0,128.0,1.0,2.0,1.0,cpu_scaling_short,0,short_measurement,5.384,36.75,tok/s,,,,,,,,,,,,,,0,PASS,qwen3_hard_q4_mac_cpu_scaling.csv
text,hard,Qwen3-1.7B,1700.0,Apple M4,cpu,q4_k_m,Q4_K_M,long_single,,,128.0,128.0,1.0,2.0,2.0,cpu_scaling_short,0,short_measurement,5.345,36.93,tok/s,,,,,,,,,,,,,,0,PASS,qwen3_hard_q4_mac_cpu_scaling.csv
text,hard,Qwen3-1.7B,1700.0,Apple M4,cpu,q4_k_m,Q4_K_M,long_single,,,128.0,128.0,1.0,2.0,3.0,cpu_scaling_short,0,short_measurement,5.28,37.79,tok/s,,,,,,,,,,,,,,0,PASS,qwen3_hard_q4_mac_cpu_scaling.csv
text,hard,Qwen3-1.7B,1700.0,Apple M4,cpu,q4_k_m,Q4_K_M,long_single,,,128.0,128.0,1.0,4.0,1.0,cpu_scaling_short,0,short_measurement,3.654,51.85,tok/s,,,,,,,,,,,,,,0,PASS,qwen3_hard_q4_mac_cpu_scaling.csv
text,hard,Qwen3-1.7B,1700.0,Apple M4,cpu,q4_k_m,Q4_K_M,long_single,,,128.0,128.0,1.0,4.0,2.0,cpu_scaling_short,0,short_measurement,3.555,54.6,tok/s,,,,,,,,,,,,,,0,PASS,qwen3_hard_q4_mac_cpu_scaling.csv
text,hard,Qwen3-1.7B,1700.0,Apple M4,cpu,q4_k_m,Q4_K_M,long_single,,,128.0,128.0,1.0,4.0,3.0,cpu_scaling_short,0,short_measurement,3.406,54.56,tok/s,,,,,,,,,,,,,,0,PASS,qwen3_hard_q4_mac_cpu_scaling.csv
text,hard,Qwen3-1.7B,1700.0,Apple M4,cpu,q4_k_m,Q4_K_M,long_single,,,128.0,128.0,1.0,6.0,1.0,cpu_scaling_short,0,short_measurement,3.222,57.62,tok/s,,,,,,,,,,,,,,0,PASS,qwen3_hard_q4_mac_cpu_scaling.csv
text,hard,Qwen3-1.7B,1700.0,Apple M4,cpu,q4_k_m,Q4_K_M,long_single,,,128.0,128.0,1.0,6.0,2.0,cpu_scaling_short,0,short_measurement,3.35,54.47,tok/s,,,,,,,,,,,,,,0,PASS,qwen3_hard_q4_mac_cpu_scaling.csv
text,hard,Qwen3-1.7B,1700.0,Apple M4,cpu,q4_k_m,Q4_K_M,long_single,,,128.0,128.0,1.0,6.0,3.0,cpu_scaling_short,0,short_measurement,3.459,55.08,tok/s,,,,,,,,,,,,,,0,PASS,qwen3_hard_q4_mac_cpu_scaling.csv
text,hard,Qwen3-1.7B,1700.0,Apple M4,cpu,q4_k_m,Q4_K_M,long_single,,,128.0,128.0,1.0,8.0,1.0,cpu_scaling_short,0,short_measurement,2.983,62.35,tok/s,,,,,,,,,,,,,,0,PASS,qwen3_hard_q4_mac_cpu_scaling.csv
text,hard,Qwen3-1.7B,1700.0,Apple M4,cpu,q4_k_m,Q4_K_M,long_single,,,128.0,128.0,1.0,8.0,2.0,cpu_scaling_short,0,short_measurement,3.066,58.56,tok/s,,,,,,,,,,,,,,0,PASS,qwen3_hard_q4_mac_cpu_scaling.csv
text,hard,Qwen3-1.7B,1700.0,Apple M4,cpu,q4_k_m,Q4_K_M,long_single,,,128.0,128.0,1.0,8.0,3.0,cpu_scaling_short,0,short_measurement,3.316,52.92,tok/s,,,,,,,,,,,,,,0,PASS,qwen3_hard_q4_mac_cpu_scaling.csv
text,hard,Qwen3-1.7B,1700.0,Apple M4,cpu,q4_k_m,Q4_K_M,long_single,,,128.0,128.0,1.0,10.0,1.0,cpu_scaling_short,0,short_measurement,5.127,32.09,tok/s,,,,,,,,,,,,,,0,PASS,qwen3_hard_q4_mac_cpu_scaling.csv
text,hard,Qwen3-1.7B,1700.0,Apple M4,cpu,q4_k_m,Q4_K_M,long_single,,,128.0,128.0,1.0,10.0,2.0,cpu_scaling_short,0,short_measurement,4.6,37.49,tok/s,,,,,,,,,,,,,,0,PASS,qwen3_hard_q4_mac_cpu_scaling.csv
text,hard,Qwen3-1.7B,1700.0,Apple M4,cpu,q4_k_m,Q4_K_M,long_single,,,128.0,128.0,1.0,10.0,3.0,cpu_scaling_short,0,short_measurement,8.888,17.59,tok/s,,,,,,,,,,,,,,0,PASS,qwen3_hard_q4_mac_cpu_scaling.csv
text,hard,Qwen3-1.7B,1700.0,Apple M4,cpu,q4_k_m,Q4_K_M,batch,,,128.0,64.0,4.0,1.0,1.0,cpu_scaling_short,0,short_measurement,24.134,29.0,tok/s,,,,,,,,,,,,,,0,PASS,qwen3_hard_q4_mac_cpu_scaling.csv
text,hard,Qwen3-1.7B,1700.0,Apple M4,cpu,q4_k_m,Q4_K_M,batch,,,128.0,64.0,4.0,1.0,2.0,cpu_scaling_short,0,short_measurement,22.833,31.02,tok/s,,,,,,,,,,,,,,0,PASS,qwen3_hard_q4_mac_cpu_scaling.csv
text,hard,Qwen3-1.7B,1700.0,Apple M4,cpu,q4_k_m,Q4_K_M,batch,,,128.0,64.0,4.0,1.0,3.0,cpu_scaling_short,0,short_measurement,22.163,30.79,tok/s,,,,,,,,,,,,,,0,PASS,qwen3_hard_q4_mac_cpu_scaling.csv
text,hard,Qwen3-1.7B,1700.0,Apple M4,cpu,q4_k_m,Q4_K_M,batch,,,128.0,64.0,4.0,2.0,1.0,cpu_scaling_short,0,short_measurement,11.976,56.14,tok/s,,,,,,,,,,,,,,0,PASS,qwen3_hard_q4_mac_cpu_scaling.csv
text,hard,Qwen3-1.7B,1700.0,Apple M4,cpu,q4_k_m,Q4_K_M,batch,,,128.0,64.0,4.0,2.0,2.0,cpu_scaling_short,0,short_measurement,11.718,56.95,tok/s,,,,,,,,,,,,,,0,PASS,qwen3_hard_q4_mac_cpu_scaling.csv
text,hard,Qwen3-1.7B,1700.0,Apple M4,cpu,q4_k_m,Q4_K_M,batch,,,128.0,64.0,4.0,2.0,3.0,cpu_scaling_short,0,short_measurement,12.122,54.75,tok/s,,,,,,,,,,,,,,0,PASS,qwen3_hard_q4_mac_cpu_scaling.csv
text,hard,Qwen3-1.7B,1700.0,Apple M4,cpu,q4_k_m,Q4_K_M,batch,,,128.0,64.0,4.0,4.0,1.0,cpu_scaling_short,0,short_measurement,6.995,90.35,tok/s,,,,,,,,,,,,,,0,PASS,qwen3_hard_q4_mac_cpu_scaling.csv
text,hard,Qwen3-1.7B,1700.0,Apple M4,cpu,q4_k_m,Q4_K_M,batch,,,128.0,64.0,4.0,4.0,2.0,cpu_scaling_short,0,short_measurement,7.172,88.5,tok/s,,,,,,,,,,,,,,0,PASS,qwen3_hard_q4_mac_cpu_scaling.csv
text,hard,Qwen3-1.7B,1700.0,Apple M4,cpu,q4_k_m,Q4_K_M,batch,,,128.0,64.0,4.0,4.0,3.0,cpu_scaling_short,0,short_measurement,7.799,87.28,tok/s,,,,,,,,,,,,,,0,PASS,qwen3_hard_q4_mac_cpu_scaling.csv
text,hard,Qwen3-1.7B,1700.0,Apple M4,cpu,q4_k_m,Q4_K_M,batch,,,128.0,64.0,4.0,6.0,1.0,cpu_scaling_short,0,short_measurement,6.65,92.03,tok/s,,,,,,,,,,,,,,0,PASS,qwen3_hard_q4_mac_cpu_scaling.csv
text,hard,Qwen3-1.7B,1700.0,Apple M4,cpu,q4_k_m,Q4_K_M,batch,,,128.0,64.0,4.0,6.0,2.0,cpu_scaling_short,0,short_measurement,6.825,89.23,tok/s,,,,,,,,,,,,,,0,PASS,qwen3_hard_q4_mac_cpu_scaling.csv
text,hard,Qwen3-1.7B,1700.0,Apple M4,cpu,q4_k_m,Q4_K_M,batch,,,128.0,64.0,4.0,6.0,3.0,cpu_scaling_short,0,short_measurement,7.155,79.86,tok/s,,,,,,,,,,,,,,0,PASS,qwen3_hard_q4_mac_cpu_scaling.csv
text,hard,Qwen3-1.7B,1700.0,Apple M4,cpu,q4_k_m,Q4_K_M,batch,,,128.0,64.0,4.0,8.0,1.0,cpu_scaling_short,0,short_measurement,6.282,98.9,tok/s,,,,,,,,,,,,,,0,PASS,qwen3_hard_q4_mac_cpu_scaling.csv
text,hard,Qwen3-1.7B,1700.0,Apple M4,cpu,q4_k_m,Q4_K_M,batch,,,128.0,64.0,4.0,8.0,2.0,cpu_scaling_short,0,short_measurement,6.046,94.87,tok/s,,,,,,,,,,,,,,0,PASS,qwen3_hard_q4_mac_cpu_scaling.csv
text,hard,Qwen3-1.7B,1700.0,Apple M4,cpu,q4_k_m,Q4_K_M,batch,,,128.0,64.0,4.0,8.0,3.0,cpu_scaling_short,0,short_measurement,7.565,62.1,tok/s,,,,,,,,,,,,,,0,PASS,qwen3_hard_q4_mac_cpu_scaling.csv
text,hard,Qwen3-1.7B,1700.0,Apple M4,cpu,q4_k_m,Q4_K_M,batch,,,128.0,64.0,4.0,10.0,1.0,cpu_scaling_short,0,short_measurement,7.066,72.89,tok/s,,,,,,,,,,,,,,0,PASS,qwen3_hard_q4_mac_cpu_scaling.csv
text,hard,Qwen3-1.7B,1700.0,Apple M4,cpu,q4_k_m,Q4_K_M,batch,,,128.0,64.0,4.0,10.0,2.0,cpu_scaling_short,0,short_measurement,5.988,84.94,tok/s,,,,,,,,,,,,,,0,PASS,qwen3_hard_q4_mac_cpu_scaling.csv
text,hard,Qwen3-1.7B,1700.0,Apple M4,cpu,q4_k_m,Q4_K_M,batch,,,128.0,64.0,4.0,10.0,3.0,cpu_scaling_short,0,short_measurement,5.951,96.15,tok/s,,,,,,,,,,,,,,0,PASS,qwen3_hard_q4_mac_cpu_scaling.csv
text,hard,Qwen3-1.7B,1700.0,Intel i7-11800H,cpu,q4_k_m,Q4_K_M,long_single,,,128.0,128.0,1.0,1.0,1.0,cpu_scaling_short,0,short_measurement,15.285,9.06,tok/s,,,,,,,,,,,,,,0,PASS,qwen3_hard_q4_msi_cpu_scaling.csv
text,hard,Qwen3-1.7B,1700.0,Intel i7-11800H,cpu,q4_k_m,Q4_K_M,long_single,,,128.0,128.0,1.0,1.0,2.0,cpu_scaling_short,0,short_measurement,24.671,9.13,tok/s,,,,,,,,,,,,,,0,PASS,qwen3_hard_q4_msi_cpu_scaling.csv
text,hard,Qwen3-1.7B,1700.0,Intel i7-11800H,cpu,q4_k_m,Q4_K_M,long_single,,,128.0,128.0,1.0,1.0,3.0,cpu_scaling_short,0,short_measurement,14.889,9.28,tok/s,,,,,,,,,,,,,,0,PASS,qwen3_hard_q4_msi_cpu_scaling.csv
text,hard,Qwen3-1.7B,1700.0,Intel i7-11800H,cpu,q4_k_m,Q4_K_M,long_single,,,128.0,128.0,1.0,2.0,1.0,cpu_scaling_short,0,short_measurement,9.818,15.18,tok/s,,,,,,,,,,,,,,0,PASS,qwen3_hard_q4_msi_cpu_scaling.csv
text,hard,Qwen3-1.7B,1700.0,Intel i7-11800H,cpu,q4_k_m,Q4_K_M,long_single,,,128.0,128.0,1.0,2.0,2.0,cpu_scaling_short,0,short_measurement,9.846,15.17,tok/s,,,,,,,,,,,,,,0,PASS,qwen3_hard_q4_msi_cpu_scaling.csv
text,hard,Qwen3-1.7B,1700.0,Intel i7-11800H,cpu,q4_k_m,Q4_K_M,long_single,,,128.0,128.0,1.0,2.0,3.0,cpu_scaling_short,0,short_measurement,10.005,14.83,tok/s,,,,,,,,,,,,,,0,PASS,qwen3_hard_q4_msi_cpu_scaling.csv
text,hard,Qwen3-1.7B,1700.0,Intel i7-11800H,cpu,q4_k_m,Q4_K_M,long_single,,,128.0,128.0,1.0,4.0,1.0,cpu_scaling_short,0,short_measurement,7.797,18.69,tok/s,,,,,,,,,,,,,,0,PASS,qwen3_hard_q4_msi_cpu_scaling.csv
text,hard,Qwen3-1.7B,1700.0,Intel i7-11800H,cpu,q4_k_m,Q4_K_M,long_single,,,128.0,128.0,1.0,4.0,2.0,cpu_scaling_short,0,short_measurement,7.994,18.19,tok/s,,,,,,,,,,,,,,0,PASS,qwen3_hard_q4_msi_cpu_scaling.csv
text,hard,Qwen3-1.7B,1700.0,Intel i7-11800H,cpu,q4_k_m,Q4_K_M,long_single,,,128.0,128.0,1.0,4.0,3.0,cpu_scaling_short,0,short_measurement,8.006,18.23,tok/s,,,,,,,,,,,,,,0,PASS,qwen3_hard_q4_msi_cpu_scaling.csv
text,hard,Qwen3-1.7B,1700.0,Intel i7-11800H,cpu,q4_k_m,Q4_K_M,long_single,,,128.0,128.0,1.0,8.0,1.0,cpu_scaling_short,0,short_measurement,7.617,19.09,tok/s,,,,,,,,,,,,,,0,PASS,qwen3_hard_q4_msi_cpu_scaling.csv
text,hard,Qwen3-1.7B,1700.0,Intel i7-11800H,cpu,q4_k_m,Q4_K_M,long_single,,,128.0,128.0,1.0,8.0,2.0,cpu_scaling_short,0,short_measurement,7.559,19.08,tok/s,,,,,,,,,,,,,,0,PASS,qwen3_hard_q4_msi_cpu_scaling.csv
text,hard,Qwen3-1.7B,1700.0,Intel i7-11800H,cpu,q4_k_m,Q4_K_M,long_single,,,128.0,128.0,1.0,8.0,3.0,cpu_scaling_short,0,short_measurement,7.638,19.09,tok/s,,,,,,,,,,,,,,0,PASS,qwen3_hard_q4_msi_cpu_scaling.csv
text,hard,Qwen3-1.7B,1700.0,Intel i7-11800H,cpu,q4_k_m,Q4_K_M,long_single,,,128.0,128.0,1.0,16.0,1.0,cpu_scaling_short,0,short_measurement,8.006,17.99,tok/s,,,,,,,,,,,,,,0,PASS,qwen3_hard_q4_msi_cpu_scaling.csv
text,hard,Qwen3-1.7B,1700.0,Intel i7-11800H,cpu,q4_k_m,Q4_K_M,long_single,,,128.0,128.0,1.0,16.0,2.0,cpu_scaling_short,0,short_measurement,7.92,17.89,tok/s,,,,,,,,,,,,,,0,PASS,qwen3_hard_q4_msi_cpu_scaling.csv
text,hard,Qwen3-1.7B,1700.0,Intel i7-11800H,cpu,q4_k_m,Q4_K_M,long_single,,,128.0,128.0,1.0,16.0,3.0,cpu_scaling_short,0,short_measurement,8.579,16.83,tok/s,,,,,,,,,,,,,,0,PASS,qwen3_hard_q4_msi_cpu_scaling.csv
text,hard,Qwen3-1.7B,1700.0,Intel i7-11800H,cpu,q4_k_m,Q4_K_M,batch,,,128.0,64.0,4.0,1.0,1.0,cpu_scaling_short,0,short_measurement,42.479,6.43,tok/s,,,,,,,,,,,,,,0,PASS,qwen3_hard_q4_msi_cpu_scaling.csv
text,hard,Qwen3-1.7B,1700.0,Intel i7-11800H,cpu,q4_k_m,Q4_K_M,batch,,,128.0,64.0,4.0,1.0,2.0,cpu_scaling_short,0,short_measurement,42.342,6.45,tok/s,,,,,,,,,,,,,,0,PASS,qwen3_hard_q4_msi_cpu_scaling.csv
text,hard,Qwen3-1.7B,1700.0,Intel i7-11800H,cpu,q4_k_m,Q4_K_M,batch,,,128.0,64.0,4.0,1.0,3.0,cpu_scaling_short,0,short_measurement,43.433,6.31,tok/s,,,,,,,,,,,,,,0,PASS,qwen3_hard_q4_msi_cpu_scaling.csv
text,hard,Qwen3-1.7B,1700.0,Intel i7-11800H,cpu,q4_k_m,Q4_K_M,batch,,,128.0,64.0,4.0,2.0,1.0,cpu_scaling_short,0,short_measurement,18.887,16.1,tok/s,,,,,,,,,,,,,,0,PASS,qwen3_hard_q4_msi_cpu_scaling.csv
text,hard,Qwen3-1.7B,1700.0,Intel i7-11800H,cpu,q4_k_m,Q4_K_M,batch,,,128.0,64.0,4.0,2.0,2.0,cpu_scaling_short,0,short_measurement,19.112,16.32,tok/s,,,,,,,,,,,,,,0,PASS,qwen3_hard_q4_msi_cpu_scaling.csv
text,hard,Qwen3-1.7B,1700.0,Intel i7-11800H,cpu,q4_k_m,Q4_K_M,batch,,,128.0,64.0,4.0,2.0,3.0,cpu_scaling_short,0,short_measurement,18.353,16.63,tok/s,,,,,,,,,,,,,,0,PASS,qwen3_hard_q4_msi_cpu_scaling.csv
text,hard,Qwen3-1.7B,1700.0,Intel i7-11800H,cpu,q4_k_m,Q4_K_M,batch,,,128.0,64.0,4.0,4.0,1.0,cpu_scaling_short,0,short_measurement,12.172,28.52,tok/s,,,,,,,,,,,,,,0,PASS,qwen3_hard_q4_msi_cpu_scaling.csv
text,hard,Qwen3-1.7B,1700.0,Intel i7-11800H,cpu,q4_k_m,Q4_K_M,batch,,,128.0,64.0,4.0,4.0,2.0,cpu_scaling_short,0,short_measurement,11.352,29.02,tok/s,,,,,,,,,,,,,,0,PASS,qwen3_hard_q4_msi_cpu_scaling.csv
text,hard,Qwen3-1.7B,1700.0,Intel i7-11800H,cpu,q4_k_m,Q4_K_M,batch,,,128.0,64.0,4.0,4.0,3.0,cpu_scaling_short,0,short_measurement,11.533,28.83,tok/s,,,,,,,,,,,,,,0,PASS,qwen3_hard_q4_msi_cpu_scaling.csv
text,hard,Qwen3-1.7B,1700.0,Intel i7-11800H,cpu,q4_k_m,Q4_K_M,batch,,,128.0,64.0,4.0,8.0,1.0,cpu_scaling_short,0,short_measurement,8.27,44.08,tok/s,,,,,,,,,,,,,,0,PASS,qwen3_hard_q4_msi_cpu_scaling.csv
text,hard,Qwen3-1.7B,1700.0,Intel i7-11800H,cpu,q4_k_m,Q4_K_M,batch,,,128.0,64.0,4.0,8.0,2.0,cpu_scaling_short,0,short_measurement,7.961,43.84,tok/s,,,,,,,,,,,,,,0,PASS,qwen3_hard_q4_msi_cpu_scaling.csv
text,hard,Qwen3-1.7B,1700.0,Intel i7-11800H,cpu,q4_k_m,Q4_K_M,batch,,,128.0,64.0,4.0,8.0,3.0,cpu_scaling_short,0,short_measurement,7.865,44.81,tok/s,,,,,,,,,,,,,,0,PASS,qwen3_hard_q4_msi_cpu_scaling.csv
text,hard,Qwen3-1.7B,1700.0,Intel i7-11800H,cpu,q4_k_m,Q4_K_M,batch,,,128.0,64.0,4.0,16.0,1.0,cpu_scaling_short,0,short_measurement,7.307,49.33,tok/s,,,,,,,,,,,,,,0,PASS,qwen3_hard_q4_msi_cpu_scaling.csv
text,hard,Qwen3-1.7B,1700.0,Intel i7-11800H,cpu,q4_k_m,Q4_K_M,batch,,,128.0,64.0,4.0,16.0,2.0,cpu_scaling_short,0,short_measurement,7.46,48.45,tok/s,,,,,,,,,,,,,,0,PASS,qwen3_hard_q4_msi_cpu_scaling.csv
text,hard,Qwen3-1.7B,1700.0,Intel i7-11800H,cpu,q4_k_m,Q4_K_M,batch,,,128.0,64.0,4.0,16.0,3.0,cpu_scaling_short,0,short_measurement,7.361,48.85,tok/s,,,,,,,,,,,,,,0,PASS,qwen3_hard_q4_msi_cpu_scaling.csv
text,hard,Qwen3-1.7B,1700.0,Apple M4,llama.cpp/metal,q4_k_m,Q4_K_M,grid,light,,128.0,64.0,1.0,,1.0,sustained_power,1,power_monitored_or_summary,1.002,72.98,tok/s,12.402571428571429,,12.427376571428573,0.19417775892857145,,,,,,,,,combined_soc,0,PASS,qwen3_hard_q4_mac_accel_power_synced.csv
text,hard,Qwen3-1.7B,1700.0,Apple M4,llama.cpp/metal,q4_k_m,Q4_K_M,grid,light,,128.0,64.0,1.0,,2.0,sustained_power,1,power_monitored_or_summary,1.044,69.71,tok/s,13.439375,,14.0307075,0.2192298046875,,,,,,,,,combined_soc,0,PASS,qwen3_hard_q4_mac_accel_power_synced.csv
text,hard,Qwen3-1.7B,1700.0,Apple M4,llama.cpp/metal,q4_k_m,Q4_K_M,grid,light,,128.0,64.0,1.0,,3.0,sustained_power,1,power_monitored_or_summary,1.012,72.22,tok/s,14.001375,,14.1693915,0.2213967421875,,,,,,,,,combined_soc,0,PASS,qwen3_hard_q4_mac_accel_power_synced.csv
text,hard,Qwen3-1.7B,1700.0,Apple M4,llama.cpp/metal,q4_k_m,Q4_K_M,grid,medium,,512.0,128.0,2.0,,1.0,sustained_power,1,power_monitored_or_summary,3.223,113.38,tok/s,16.00396551724138,,51.58078086206896,0.20148742524245689,,,,,,,,,combined_soc,0,PASS,qwen3_hard_q4_mac_accel_power_synced.csv
text,hard,Qwen3-1.7B,1700.0,Apple M4,llama.cpp/metal,q4_k_m,Q4_K_M,grid,medium,,512.0,128.0,2.0,,2.0,sustained_power,1,power_monitored_or_summary,3.299,109.66,tok/s,16.3523,,53.9462377,0.210727491015625,,,,,,,,,combined_soc,0,PASS,qwen3_hard_q4_mac_accel_power_synced.csv
text,hard,Qwen3-1.7B,1700.0,Apple M4,llama.cpp/metal,q4_k_m,Q4_K_M,grid,medium,,512.0,128.0,2.0,,3.0,sustained_power,1,power_monitored_or_summary,3.216,113.74,tok/s,16.41951724137931,,52.80516744827587,0.2062701853448276,,,,,,,,,combined_soc,0,PASS,qwen3_hard_q4_mac_accel_power_synced.csv
text,hard,Qwen3-1.7B,1700.0,Apple M4,llama.cpp/metal,q4_k_m,Q4_K_M,grid,heavy,,1024.0,128.0,4.0,,1.0,sustained_power,1,power_monitored_or_summary,9.727,90.09,tok/s,16.91187912087912,,164.50184820879122,0.32129267228279534,,,,,,,,,combined_soc,0,PASS,qwen3_hard_q4_mac_accel_power_synced.csv
text,hard,Qwen3-1.7B,1700.0,Apple M4,llama.cpp/metal,q4_k_m,Q4_K_M,grid,heavy,,1024.0,128.0,4.0,,2.0,sustained_power,1,power_monitored_or_summary,9.549,91.83,tok/s,17.194303370786518,,164.18840288764045,0.32068047438992275,,,,,,,,,combined_soc,0,PASS,qwen3_hard_q4_mac_accel_power_synced.csv
text,hard,Qwen3-1.7B,1700.0,Apple M4,llama.cpp/metal,q4_k_m,Q4_K_M,grid,heavy,,1024.0,128.0,4.0,,3.0,sustained_power,1,power_monitored_or_summary,9.553,91.29,tok/s,17.456865168539327,,166.7654329550562,0.32571373624034416,,,,,,,,,combined_soc,0,PASS,qwen3_hard_q4_mac_accel_power_synced.csv
text,hard,Qwen3-1.7B,1700.0,RTX 3050 Laptop,llama.cpp/cuda,q4_k_m,Q4_K_M,grid,light,,128.0,64.0,1.0,,1.0,sustained_power,1,power_monitored_or_summary,,115.72,tok/s,59.21888961038961,,34.928264780938164,0.5457541372021588,,,2460.50390625,,97.08441558441558,77.0,,61.930708700000196,gpu_board,0,PASS,qwen3_hard_q4_cuda_nvml_power.csv
text,hard,Qwen3-1.7B,1700.0,RTX 3050 Laptop,llama.cpp/cuda,q4_k_m,Q4_K_M,grid,light,,128.0,64.0,1.0,,2.0,sustained_power,1,power_monitored_or_summary,,112.8,tok/s,59.27207266982622,,35.91476159642832,0.5611681499441925,,,2460.50390625,,97.0995260663507,80.0,,63.62271129999999,gpu_board,0,PASS,qwen3_hard_q4_cuda_nvml_power.csv
text,hard,Qwen3-1.7B,1700.0,RTX 3050 Laptop,llama.cpp/cuda,q4_k_m,Q4_K_M,grid,light,,128.0,64.0,1.0,,3.0,sustained_power,1,power_monitored_or_summary,,112.16,tok/s,59.32758555729984,,36.17678664763244,0.5652622913692569,,,2460.50390625,,97.38304552590267,82.0,,64.02692039999965,gpu_board,0,PASS,qwen3_hard_q4_cuda_nvml_power.csv
text,hard,Qwen3-1.7B,1700.0,RTX 3050 Laptop,llama.cpp/cuda,q4_k_m,Q4_K_M,grid,medium,,512.0,128.0,2.0,,1.0,sustained_power,1,power_monitored_or_summary,,195.875,tok/s,59.300003058103975,,92.78708766908227,0.3624495612073526,,,2477.609375,,96.80886850152905,84.0,,65.71766410000009,gpu_board,0,PASS,qwen3_hard_q4_cuda_nvml_power.csv
text,hard,Qwen3-1.7B,1700.0,RTX 3050 Laptop,llama.cpp/cuda,q4_k_m,Q4_K_M,grid,medium,,512.0,128.0,2.0,,2.0,sustained_power,1,power_monitored_or_summary,,191.35500000000002,tok/s,59.34325,,94.26004104471806,0.36820328533092994,,,2470.50390625,,95.55722891566265,85.0,,66.71224989999973,gpu_board,0,PASS,qwen3_hard_q4_cuda_nvml_power.csv
text,hard,Qwen3-1.7B,1700.0,RTX 3050 Laptop,llama.cpp/cuda,q4_k_m,Q4_K_M,grid,medium,,512.0,128.0,2.0,,3.0,sustained_power,1,power_monitored_or_summary,,191.8,tok/s,59.34738972809668,,93.99780719584281,0.367178934358761,,,2470.50390625,,95.95468277945619,85.0,,66.52201420000029,gpu_board,0,PASS,qwen3_hard_q4_cuda_nvml_power.csv
text,hard,Qwen3-1.7B,1700.0,RTX 3050 Laptop,llama.cpp/cuda,q4_k_m,Q4_K_M,grid,heavy,,1024.0,128.0,4.0,,1.0,sustained_power,1,power_monitored_or_summary,,236.76,tok/s,59.3301153262519,,187.09426117547932,0.36541847885835804,,,2464.50390625,,96.74051593323217,85.0,,66.2223469999999,gpu_board,0,PASS,qwen3_hard_q4_cuda_nvml_power.csv
text,hard,Qwen3-1.7B,1700.0,RTX 3050 Laptop,llama.cpp/cuda,q4_k_m,Q4_K_M,grid,heavy,,1024.0,128.0,4.0,,2.0,sustained_power,1,power_monitored_or_summary,,235.5,tok/s,59.382865558912385,,188.05775946299423,0.3673003114511606,,,2464.50390625,,96.58006042296073,86.0,,66.50425020000012,gpu_board,0,PASS,qwen3_hard_q4_cuda_nvml_power.csv
text,hard,Qwen3-1.7B,1700.0,RTX 3050 Laptop,llama.cpp/cuda,q4_k_m,Q4_K_M,grid,heavy,,1024.0,128.0,4.0,,3.0,sustained_power,1,power_monitored_or_summary,,234.8,tok/s,59.300088588588586,,188.98429777280774,0.3691099565875151,,,2464.50390625,,95.2957957957958,86.0,,66.92519940000011,gpu_board,0,PASS,qwen3_hard_q4_cuda_nvml_power.csv
text,hard,Qwen3-1.7B,1700.0,Apple M4,cpu,q4_k_m,Q4_K_M,long_single,,,,,,1.0,1.0,sustained_power,1,power_monitored_or_summary,9.979,20.08,tok/s,8.894736842105264,,88.76057894736842,0.6934420230263157,,,,,,,,,combined_soc,0,PASS,qwen3_hard_q4_mac_cpu_power.csv
text,hard,Qwen3-1.7B,1700.0,Apple M4,cpu,q4_k_m,Q4_K_M,long_single,,,,,,1.0,2.0,sustained_power,1,power_monitored_or_summary,9.847,20.35,tok/s,8.771263157894737,,86.37062831578947,0.6747705337171053,,,,,,,,,combined_soc,0,PASS,qwen3_hard_q4_mac_cpu_power.csv
text,hard,Qwen3-1.7B,1700.0,Apple M4,cpu,q4_k_m,Q4_K_M,long_single,,,,,,1.0,3.0,sustained_power,1,power_monitored_or_summary,10.881,18.02,tok/s,10.046714285714286,,109.31829814285715,0.8540492042410714,,,,,,,,,combined_soc,0,PASS,qwen3_hard_q4_mac_cpu_power.csv
text,hard,Qwen3-1.7B,1700.0,Apple M4,cpu,q4_k_m,Q4_K_M,long_single,,,,,,4.0,1.0,sustained_power,1,power_monitored_or_summary,3.446,54.88,tok/s,25.764499999999998,,88.78446699999999,0.6936286484374999,,,,,,,,,combined_soc,0,PASS,qwen3_hard_q4_mac_cpu_power.csv
text,hard,Qwen3-1.7B,1700.0,Apple M4,cpu,q4_k_m,Q4_K_M,long_single,,,,,,4.0,2.0,sustained_power,1,power_monitored_or_summary,4.128,43.74,tok/s,23.61285714285714,,97.47387428571429,0.7615146428571429,,,,,,,,,combined_soc,0,PASS,qwen3_hard_q4_mac_cpu_power.csv
text,hard,Qwen3-1.7B,1700.0,Apple M4,cpu,q4_k_m,Q4_K_M,long_single,,,,,,4.0,3.0,sustained_power,1,power_monitored_or_summary,3.434,53.98,tok/s,24.485500000000002,,84.08320700000002,0.6569000546875001,,,,,,,,,combined_soc,0,PASS,qwen3_hard_q4_mac_cpu_power.csv
text,hard,Qwen3-1.7B,1700.0,Apple M4,cpu,q4_k_m,Q4_K_M,long_single,,,,,,8.0,1.0,sustained_power,1,power_monitored_or_summary,2.831,66.79,tok/s,25.851,,73.184181,0.5717514140625,,,,,,,,,combined_soc,0,PASS,qwen3_hard_q4_mac_cpu_power.csv
text,hard,Qwen3-1.7B,1700.0,Apple M4,cpu,q4_k_m,Q4_K_M,long_single,,,,,,8.0,2.0,sustained_power,1,power_monitored_or_summary,4.151,41.7,tok/s,23.228,,96.419428,0.75327678125,,,,,,,,,combined_soc,0,PASS,qwen3_hard_q4_mac_cpu_power.csv
text,hard,Qwen3-1.7B,1700.0,Apple M4,cpu,q4_k_m,Q4_K_M,long_single,,,,,,8.0,3.0,sustained_power,1,power_monitored_or_summary,3.229,59.6,tok/s,23.2898,,75.2027642,0.5875215953125,,,,,,,,,combined_soc,0,PASS,qwen3_hard_q4_mac_cpu_power.csv
text,hard,Qwen3-1.7B,1700.0,Apple M4,cpu,q4_k_m,Q4_K_M,batch,,,,,,1.0,1.0,sustained_power,1,power_monitored_or_summary,23.614,29.14,tok/s,10.754739130434782,,253.96240982608694,0.9920406633831521,,,,,,,,,combined_soc,0,PASS,qwen3_hard_q4_mac_cpu_power.csv
text,hard,Qwen3-1.7B,1700.0,Apple M4,cpu,q4_k_m,Q4_K_M,batch,,,,,,1.0,2.0,sustained_power,1,power_monitored_or_summary,23.589,30.14,tok/s,11.143021739130434,,262.8527398043478,1.0267685148607335,,,,,,,,,combined_soc,0,PASS,qwen3_hard_q4_mac_cpu_power.csv
text,hard,Qwen3-1.7B,1700.0,Apple M4,cpu,q4_k_m,Q4_K_M,batch,,,,,,1.0,3.0,sustained_power,1,power_monitored_or_summary,22.68,30.42,tok/s,9.881522727272728,,224.11293545454546,0.8754411541193182,,,,,,,,,combined_soc,0,PASS,qwen3_hard_q4_mac_cpu_power.csv
text,hard,Qwen3-1.7B,1700.0,Apple M4,cpu,q4_k_m,Q4_K_M,batch,,,,,,4.0,1.0,sustained_power,1,power_monitored_or_summary,7.699,77.67,tok/s,22.35064285714286,,172.07759935714287,0.6721781224888393,,,,,,,,,combined_soc,0,PASS,qwen3_hard_q4_mac_cpu_power.csv
text,hard,Qwen3-1.7B,1700.0,Apple M4,cpu,q4_k_m,Q4_K_M,batch,,,,,,4.0,2.0,sustained_power,1,power_monitored_or_summary,7.822,81.22,tok/s,21.15,,165.43529999999998,0.6462316406249999,,,,,,,,,combined_soc,0,PASS,qwen3_hard_q4_mac_cpu_power.csv
text,hard,Qwen3-1.7B,1700.0,Apple M4,cpu,q4_k_m,Q4_K_M,batch,,,,,,4.0,3.0,sustained_power,1,power_monitored_or_summary,7.434,85.17,tok/s,20.922785714285716,,155.53998900000002,0.6075780820312501,,,,,,,,,combined_soc,0,PASS,qwen3_hard_q4_mac_cpu_power.csv
text,hard,Qwen3-1.7B,1700.0,Apple M4,cpu,q4_k_m,Q4_K_M,batch,,,,,,8.0,1.0,sustained_power,1,power_monitored_or_summary,6.62,98.3,tok/s,22.47625,,148.792775,0.58122177734375,,,,,,,,,combined_soc,0,PASS,qwen3_hard_q4_mac_cpu_power.csv
text,hard,Qwen3-1.7B,1700.0,Apple M4,cpu,q4_k_m,Q4_K_M,batch,,,,,,8.0,2.0,sustained_power,1,power_monitored_or_summary,5.935,99.24,tok/s,22.926909090909092,,136.07120545454546,0.5315281463068182,,,,,,,,,combined_soc,0,PASS,qwen3_hard_q4_mac_cpu_power.csv
text,hard,Qwen3-1.7B,1700.0,Apple M4,cpu,q4_k_m,Q4_K_M,batch,,,,,,8.0,3.0,sustained_power,1,power_monitored_or_summary,6.092,98.74,tok/s,23.005181818181818,,140.14756763636362,0.5474514360795454,,,,,,,,,combined_soc,0,PASS,qwen3_hard_q4_mac_cpu_power.csv
text,hard,Qwen3-1.7B,1700.0,Intel i7-11800H,cpu,q4_k_m,Q4_K_M,long_single,,,,,,1.0,1.0,sustained_power,1,power_monitored_or_summary,15.18,9.05,tok/s,21.225,,322.19550000000004,2.5171523437500003,,,,,,,,,cpu_package,0,PASS,qwen3_hard_q4_msi_cpu_power.csv
text,hard,Qwen3-1.7B,1700.0,Intel i7-11800H,cpu,q4_k_m,Q4_K_M,long_single,,,,,,1.0,2.0,sustained_power,1,power_monitored_or_summary,14.987,9.2,tok/s,22.4875,,337.0201625,2.63297001953125,,,,,,,,,cpu_package,0,PASS,qwen3_hard_q4_msi_cpu_power.csv
text,hard,Qwen3-1.7B,1700.0,Intel i7-11800H,cpu,q4_k_m,Q4_K_M,long_single,,,,,,1.0,3.0,sustained_power,1,power_monitored_or_summary,14.932,9.23,tok/s,21.85,,326.2642,2.5489390625,,,,,,,,,cpu_package,0,PASS,qwen3_hard_q4_msi_cpu_power.csv
text,hard,Qwen3-1.7B,1700.0,Intel i7-11800H,cpu,q4_k_m,Q4_K_M,long_single,,,,,,4.0,1.0,sustained_power,1,power_monitored_or_summary,7.982,18.13,tok/s,33.839999999999996,,270.11087999999995,2.1102412499999996,,,,,,,,,cpu_package,0,PASS,qwen3_hard_q4_msi_cpu_power.csv
text,hard,Qwen3-1.7B,1700.0,Intel i7-11800H,cpu,q4_k_m,Q4_K_M,long_single,,,,,,4.0,2.0,sustained_power,1,power_monitored_or_summary,8.012,18.28,tok/s,33.56,,268.88272,2.10064625,,,,,,,,,cpu_package,0,PASS,qwen3_hard_q4_msi_cpu_power.csv
text,hard,Qwen3-1.7B,1700.0,Intel i7-11800H,cpu,q4_k_m,Q4_K_M,long_single,,,,,,4.0,3.0,sustained_power,1,power_monitored_or_summary,8.002,18.17,tok/s,35.24,,281.99048000000005,2.2030506250000004,,,,,,,,,cpu_package,0,PASS,qwen3_hard_q4_msi_cpu_power.csv
text,hard,Qwen3-1.7B,1700.0,Intel i7-11800H,cpu,q4_k_m,Q4_K_M,long_single,,,,,,8.0,1.0,sustained_power,1,power_monitored_or_summary,7.506,19.27,tok/s,40.52,,304.14312,2.376118125,,,,,,,,,cpu_package,0,PASS,qwen3_hard_q4_msi_cpu_power.csv
text,hard,Qwen3-1.7B,1700.0,Intel i7-11800H,cpu,q4_k_m,Q4_K_M,long_single,,,,,,8.0,2.0,sustained_power,1,power_monitored_or_summary,7.65,18.96,tok/s,40.2,,307.53000000000003,2.4025781250000002,,,,,,,,,cpu_package,0,PASS,qwen3_hard_q4_msi_cpu_power.csv
text,hard,Qwen3-1.7B,1700.0,Intel i7-11800H,cpu,q4_k_m,Q4_K_M,long_single,,,,,,8.0,3.0,sustained_power,1,power_monitored_or_summary,7.544,19.36,tok/s,40.160000000000004,,302.96704,2.36693,,,,,,,,,cpu_package,0,PASS,qwen3_hard_q4_msi_cpu_power.csv
text,hard,Qwen3-1.7B,1700.0,Intel i7-11800H,cpu,q4_k_m,Q4_K_M,long_single,,,,,,16.0,1.0,sustained_power,1,power_monitored_or_summary,8.01,18.03,tok/s,40.480000000000004,,324.2448,2.5331625,,,,,,,,,cpu_package,0,PASS,qwen3_hard_q4_msi_cpu_power.csv
text,hard,Qwen3-1.7B,1700.0,Intel i7-11800H,cpu,q4_k_m,Q4_K_M,long_single,,,,,,16.0,2.0,sustained_power,1,power_monitored_or_summary,7.946,17.8,tok/s,41.42,,329.12332,2.5712759375,,,,,,,,,cpu_package,0,PASS,qwen3_hard_q4_msi_cpu_power.csv
text,hard,Qwen3-1.7B,1700.0,Intel i7-11800H,cpu,q4_k_m,Q4_K_M,long_single,,,,,,16.0,3.0,sustained_power,1,power_monitored_or_summary,7.769,18.27,tok/s,40.24,,312.62456000000003,2.4423793750000002,,,,,,,,,cpu_package,0,PASS,qwen3_hard_q4_msi_cpu_power.csv
text,hard,Qwen3-1.7B,1700.0,Intel i7-11800H,cpu,q4_k_m,Q4_K_M,batch,,,,,,1.0,1.0,sustained_power,1,power_monitored_or_summary,29.469,9.33,tok/s,24.046666666666667,,708.63122,2.768090703125,,,,,,,,,cpu_package,0,PASS,qwen3_hard_q4_msi_cpu_power.csv
text,hard,Qwen3-1.7B,1700.0,Intel i7-11800H,cpu,q4_k_m,Q4_K_M,batch,,,,,,1.0,2.0,sustained_power,1,power_monitored_or_summary,34.389,7.92,tok/s,19.085,,656.3140650000001,2.5637268164062506,,,,,,,,,cpu_package,0,PASS,qwen3_hard_q4_msi_cpu_power.csv
text,hard,Qwen3-1.7B,1700.0,Intel i7-11800H,cpu,q4_k_m,Q4_K_M,batch,,,,,,1.0,3.0,sustained_power,1,power_monitored_or_summary,43.569,6.28,tok/s,16.181818181818183,,705.0256363636365,2.754006392045455,,,,,,,,,cpu_package,0,PASS,qwen3_hard_q4_msi_cpu_power.csv
text,hard,Qwen3-1.7B,1700.0,Intel i7-11800H,cpu,q4_k_m,Q4_K_M,batch,,,,,,4.0,1.0,sustained_power,1,power_monitored_or_summary,11.321,29.41,tok/s,34.6,,391.7066,1.53010390625,,,,,,,,,cpu_package,0,PASS,qwen3_hard_q4_msi_cpu_power.csv
text,hard,Qwen3-1.7B,1700.0,Intel i7-11800H,cpu,q4_k_m,Q4_K_M,batch,,,,,,4.0,2.0,sustained_power,1,power_monitored_or_summary,12.217,28.03,tok/s,33.31428571428572,,407.0006285714286,1.589846205357143,,,,,,,,,cpu_package,0,PASS,qwen3_hard_q4_msi_cpu_power.csv
text,hard,Qwen3-1.7B,1700.0,Intel i7-11800H,cpu,q4_k_m,Q4_K_M,batch,,,,,,4.0,3.0,sustained_power,1,power_monitored_or_summary,11.54,29.42,tok/s,33.17142857142857,,382.79828571428567,1.4953058035714284,,,,,,,,,cpu_package,0,PASS,qwen3_hard_q4_msi_cpu_power.csv
text,hard,Qwen3-1.7B,1700.0,Intel i7-11800H,cpu,q4_k_m,Q4_K_M,batch,,,,,,8.0,1.0,sustained_power,1,power_monitored_or_summary,8.297,43.9,tok/s,37.66,,312.46502,1.220566484375,,,,,,,,,cpu_package,0,PASS,qwen3_hard_q4_msi_cpu_power.csv
text,hard,Qwen3-1.7B,1700.0,Intel i7-11800H,cpu,q4_k_m,Q4_K_M,batch,,,,,,8.0,2.0,sustained_power,1,power_monitored_or_summary,7.87,43.95,tok/s,35.980000000000004,,283.16260000000005,1.1061039062500002,,,,,,,,,cpu_package,0,PASS,qwen3_hard_q4_msi_cpu_power.csv
text,hard,Qwen3-1.7B,1700.0,Intel i7-11800H,cpu,q4_k_m,Q4_K_M,batch,,,,,,8.0,3.0,sustained_power,1,power_monitored_or_summary,8.026,43.92,tok/s,37.6,,301.7776,1.17881875,,,,,,,,,cpu_package,0,PASS,qwen3_hard_q4_msi_cpu_power.csv
text,hard,Qwen3-1.7B,1700.0,Intel i7-11800H,cpu,q4_k_m,Q4_K_M,batch,,,,,,16.0,1.0,sustained_power,1,power_monitored_or_summary,7.253,49.26,tok/s,38.7,,280.6911,1.096449609375,,,,,,,,,cpu_package,0,PASS,qwen3_hard_q4_msi_cpu_power.csv
text,hard,Qwen3-1.7B,1700.0,Intel i7-11800H,cpu,q4_k_m,Q4_K_M,batch,,,,,,16.0,2.0,sustained_power,1,power_monitored_or_summary,7.632,46.84,tok/s,37.26,,284.36832,1.11081375,,,,,,,,,cpu_package,0,PASS,qwen3_hard_q4_msi_cpu_power.csv
text,hard,Qwen3-1.7B,1700.0,Intel i7-11800H,cpu,q4_k_m,Q4_K_M,batch,,,,,,16.0,3.0,sustained_power,1,power_monitored_or_summary,7.185,49.05,tok/s,38.45,,276.26325,1.0791533203125,,,,,,,,,cpu_package,0,PASS,qwen3_hard_q4_msi_cpu_power.csv
vision,easy,ResNet50,25.56,Apple M4,mps,fp32,none,grid,,160.0,,,1.0,,1.0,short_sweep,0,short_measurement,0.011233978500968078,89.01565904846852,img/s,,,,,,98.0634765625,,,,,,,,0,PASS,resnet50_vision_easy_mps_sweep.csv
vision,easy,ResNet50,25.56,Apple M4,mps,fp32,none,grid,,160.0,,,1.0,,2.0,short_sweep,0,short_measurement,0.011162875500303926,89.58265278267893,img/s,,,,,,98.0634765625,,,,,,,,0,PASS,resnet50_vision_easy_mps_sweep.csv
vision,easy,ResNet50,25.56,Apple M4,mps,fp32,none,grid,,160.0,,,1.0,,3.0,short_sweep,0,short_measurement,0.0108663124992745,92.02753924726221,img/s,,,,,,98.0634765625,,,,,,,,0,PASS,resnet50_vision_easy_mps_sweep.csv
vision,easy,ResNet50,25.56,Apple M4,mps,fp32,none,grid,,160.0,,,4.0,,1.0,short_sweep,0,short_measurement,0.018773208001221064,213.0696042860564,img/s,,,,,,99.3330078125,,,,,,,,0,PASS,resnet50_vision_easy_mps_sweep.csv
vision,easy,ResNet50,25.56,Apple M4,mps,fp32,none,grid,,160.0,,,4.0,,2.0,short_sweep,0,short_measurement,0.018077666500175837,221.26749599906012,img/s,,,,,,99.3330078125,,,,,,,,0,PASS,resnet50_vision_easy_mps_sweep.csv
vision,easy,ResNet50,25.56,Apple M4,mps,fp32,none,grid,,160.0,,,4.0,,3.0,short_sweep,0,short_measurement,0.01801220800189185,222.07160829920872,img/s,,,,,,99.3330078125,,,,,,,,0,PASS,resnet50_vision_easy_mps_sweep.csv
vision,easy,ResNet50,25.56,Apple M4,mps,fp32,none,grid,,160.0,,,16.0,,1.0,short_sweep,0,short_measurement,0.054618062498775544,292.943382976258,img/s,,,,,,102.5205078125,,,,,,,,0,PASS,resnet50_vision_easy_mps_sweep.csv
vision,easy,ResNet50,25.56,Apple M4,mps,fp32,none,grid,,160.0,,,16.0,,2.0,short_sweep,0,short_measurement,0.05448289600099088,293.67014557576033,img/s,,,,,,102.5205078125,,,,,,,,0,PASS,resnet50_vision_easy_mps_sweep.csv
vision,easy,ResNet50,25.56,Apple M4,mps,fp32,none,grid,,160.0,,,16.0,,3.0,short_sweep,0,short_measurement,0.05437166649790015,294.27091407282734,img/s,,,,,,102.5205078125,,,,,,,,0,PASS,resnet50_vision_easy_mps_sweep.csv
vision,easy,ResNet50,25.56,Apple M4,mps,fp32,none,grid,,224.0,,,1.0,,1.0,short_sweep,0,short_measurement,0.011763958500523586,85.00540017677658,img/s,,,,,,98.3447265625,,,,,,,,0,PASS,resnet50_vision_easy_mps_sweep.csv
vision,easy,ResNet50,25.56,Apple M4,mps,fp32,none,grid,,224.0,,,1.0,,2.0,short_sweep,0,short_measurement,0.011789229003625223,84.82318900519253,img/s,,,,,,98.3447265625,,,,,,,,0,PASS,resnet50_vision_easy_mps_sweep.csv
vision,easy,ResNet50,25.56,Apple M4,mps,fp32,none,grid,,224.0,,,1.0,,3.0,short_sweep,0,short_measurement,0.011787104496761458,84.83847753065675,img/s,,,,,,98.3447265625,,,,,,,,0,PASS,resnet50_vision_easy_mps_sweep.csv
vision,easy,ResNet50,25.56,Apple M4,mps,fp32,none,grid,,224.0,,,4.0,,1.0,short_sweep,0,short_measurement,0.028678624497842975,139.47670329519656,img/s,,,,,,100.8330078125,,,,,,,,0,PASS,resnet50_vision_easy_mps_sweep.csv
vision,easy,ResNet50,25.56,Apple M4,mps,fp32,none,grid,,224.0,,,4.0,,2.0,short_sweep,0,short_measurement,0.02873445799923502,139.2056881708536,img/s,,,,,,100.8330078125,,,,,,,,0,PASS,resnet50_vision_easy_mps_sweep.csv
vision,easy,ResNet50,25.56,Apple M4,mps,fp32,none,grid,,224.0,,,4.0,,3.0,short_sweep,0,short_measurement,0.028718708501401125,139.28202933655072,img/s,,,,,,100.8330078125,,,,,,,,0,PASS,resnet50_vision_easy_mps_sweep.csv
vision,easy,ResNet50,25.56,Apple M4,mps,fp32,none,grid,,224.0,,,16.0,,1.0,short_sweep,0,short_measurement,0.10162562500045169,157.4406061456339,img/s,,,,,,107.0205078125,,,,,,,,0,PASS,resnet50_vision_easy_mps_sweep.csv
vision,easy,ResNet50,25.56,Apple M4,mps,fp32,none,grid,,224.0,,,16.0,,2.0,short_sweep,0,short_measurement,0.10189741700378363,157.0206632363006,img/s,,,,,,107.0205078125,,,,,,,,0,PASS,resnet50_vision_easy_mps_sweep.csv
vision,easy,ResNet50,25.56,Apple M4,mps,fp32,none,grid,,224.0,,,16.0,,3.0,short_sweep,0,short_measurement,0.10195247900264803,156.93586028040014,img/s,,,,,,107.0205078125,,,,,,,,0,PASS,resnet50_vision_easy_mps_sweep.csv
vision,easy,ResNet50,25.56,Apple M4,mps,fp32,none,grid,,320.0,,,1.0,,1.0,short_sweep,0,short_measurement,0.01686335450358456,59.300182522251724,img/s,,,,,,99.3330078125,,,,,,,,0,PASS,resnet50_vision_easy_mps_sweep.csv
vision,easy,ResNet50,25.56,Apple M4,mps,fp32,none,grid,,320.0,,,1.0,,2.0,short_sweep,0,short_measurement,0.016635666503134416,60.11180855372309,img/s,,,,,,99.3330078125,,,,,,,,0,PASS,resnet50_vision_easy_mps_sweep.csv
vision,easy,ResNet50,25.56,Apple M4,mps,fp32,none,grid,,320.0,,,1.0,,3.0,short_sweep,0,short_measurement,0.01665927049907623,60.02663802448318,img/s,,,,,,99.3330078125,,,,,,,,0,PASS,resnet50_vision_easy_mps_sweep.csv
vision,easy,ResNet50,25.56,Apple M4,mps,fp32,none,grid,,320.0,,,4.0,,1.0,short_sweep,0,short_measurement,0.05098366650054231,78.45649939588891,img/s,,,,,,102.5205078125,,,,,,,,0,PASS,resnet50_vision_easy_mps_sweep.csv
vision,easy,ResNet50,25.56,Apple M4,mps,fp32,none,grid,,320.0,,,4.0,,2.0,short_sweep,0,short_measurement,0.050998374998016516,78.43387167053014,img/s,,,,,,102.5205078125,,,,,,,,0,PASS,resnet50_vision_easy_mps_sweep.csv
vision,easy,ResNet50,25.56,Apple M4,mps,fp32,none,grid,,320.0,,,4.0,,3.0,short_sweep,0,short_measurement,0.05102237550090649,78.39697702685234,img/s,,,,,,102.5205078125,,,,,,,,0,PASS,resnet50_vision_easy_mps_sweep.csv
vision,easy,ResNet50,25.56,Apple M4,mps,fp32,none,grid,,320.0,,,16.0,,1.0,short_sweep,0,short_measurement,0.1892879794977489,84.52729033536058,img/s,,,,,,116.7705078125,,,,,,,,0,PASS,resnet50_vision_easy_mps_sweep.csv
vision,easy,ResNet50,25.56,Apple M4,mps,fp32,none,grid,,320.0,,,16.0,,2.0,short_sweep,0,short_measurement,0.18895558350050123,84.675984184175,img/s,,,,,,116.7705078125,,,,,,,,0,PASS,resnet50_vision_easy_mps_sweep.csv
vision,easy,ResNet50,25.56,Apple M4,mps,fp32,none,grid,,320.0,,,16.0,,3.0,short_sweep,0,short_measurement,0.18908347899923683,84.61870960214657,img/s,,,,,,116.7705078125,,,,,,,,0,PASS,resnet50_vision_easy_mps_sweep.csv
vision,easy,ResNet50,25.56,Apple M4,mps,fp16,none,grid,,160.0,,,1.0,,1.0,short_sweep,0,short_measurement,0.00834216700241086,119.87292986474654,img/s,,,,,,49.041748046875,,,,,,,,0,PASS,resnet50_vision_easy_mps_sweep.csv
vision,easy,ResNet50,25.56,Apple M4,mps,fp16,none,grid,,160.0,,,1.0,,2.0,short_sweep,0,short_measurement,0.008573895498557249,116.63309870854765,img/s,,,,,,49.041748046875,,,,,,,,0,PASS,resnet50_vision_easy_mps_sweep.csv
vision,easy,ResNet50,25.56,Apple M4,mps,fp16,none,grid,,160.0,,,1.0,,3.0,short_sweep,0,short_measurement,0.008315458500874229,120.25795088687738,img/s,,,,,,49.041748046875,,,,,,,,0,PASS,resnet50_vision_easy_mps_sweep.csv
vision,easy,ResNet50,25.56,Apple M4,mps,fp16,none,grid,,160.0,,,4.0,,1.0,short_sweep,0,short_measurement,0.014619833502365509,273.6009270798327,img/s,,,,,,49.481201171875,,,,,,,,0,PASS,resnet50_vision_easy_mps_sweep.csv
vision,easy,ResNet50,25.56,Apple M4,mps,fp16,none,grid,,160.0,,,4.0,,2.0,short_sweep,0,short_measurement,0.014600687500205822,273.9597022361867,img/s,,,,,,49.481201171875,,,,,,,,0,PASS,resnet50_vision_easy_mps_sweep.csv
vision,easy,ResNet50,25.56,Apple M4,mps,fp16,none,grid,,160.0,,,4.0,,3.0,short_sweep,0,short_measurement,0.0146077499994135,273.82724924513354,img/s,,,,,,49.481201171875,,,,,,,,0,PASS,resnet50_vision_easy_mps_sweep.csv
vision,easy,ResNet50,25.56,Apple M4,mps,fp16,none,grid,,160.0,,,16.0,,1.0,short_sweep,0,short_measurement,0.03924675000234856,407.6770687774795,img/s,,,,,,52.020263671875,,,,,,,,0,PASS,resnet50_vision_easy_mps_sweep.csv
vision,easy,ResNet50,25.56,Apple M4,mps,fp16,none,grid,,160.0,,,16.0,,2.0,short_sweep,0,short_measurement,0.040113541999744484,398.86779382638207,img/s,,,,,,52.020263671875,,,,,,,,0,PASS,resnet50_vision_easy_mps_sweep.csv
vision,easy,ResNet50,25.56,Apple M4,mps,fp16,none,grid,,160.0,,,16.0,,3.0,short_sweep,0,short_measurement,0.03941831249903771,405.90271337441436,img/s,,,,,,52.020263671875,,,,,,,,0,PASS,resnet50_vision_easy_mps_sweep.csv
vision,easy,ResNet50,25.56,Apple M4,mps,fp16,none,grid,,224.0,,,1.0,,1.0,short_sweep,0,short_measurement,0.01024377100111451,97.62030016984967,img/s,,,,,,49.182373046875,,,,,,,,0,PASS,resnet50_vision_easy_mps_sweep.csv
vision,easy,ResNet50,25.56,Apple M4,mps,fp16,none,grid,,224.0,,,1.0,,2.0,short_sweep,0,short_measurement,0.010198146002949215,98.05703896676991,img/s,,,,,,49.182373046875,,,,,,,,0,PASS,resnet50_vision_easy_mps_sweep.csv
vision,easy,ResNet50,25.56,Apple M4,mps,fp16,none,grid,,224.0,,,1.0,,3.0,short_sweep,0,short_measurement,0.010213853998720879,97.90623599331202,img/s,,,,,,49.182373046875,,,,,,,,0,PASS,resnet50_vision_easy_mps_sweep.csv
vision,easy,ResNet50,25.56,Apple M4,mps,fp16,none,grid,,224.0,,,4.0,,1.0,short_sweep,0,short_measurement,0.022423562502808636,178.38378712120274,img/s,,,,,,50.426513671875,,,,,,,,0,PASS,resnet50_vision_easy_mps_sweep.csv
vision,easy,ResNet50,25.56,Apple M4,mps,fp16,none,grid,,224.0,,,4.0,,2.0,short_sweep,0,short_measurement,0.023604771002283087,169.45726775375684,img/s,,,,,,50.426513671875,,,,,,,,0,PASS,resnet50_vision_easy_mps_sweep.csv
vision,easy,ResNet50,25.56,Apple M4,mps,fp16,none,grid,,224.0,,,4.0,,3.0,short_sweep,0,short_measurement,0.024760562995652435,161.54721525121772,img/s,,,,,,50.426513671875,,,,,,,,0,PASS,resnet50_vision_easy_mps_sweep.csv
vision,easy,ResNet50,25.56,Apple M4,mps,fp16,none,grid,,224.0,,,16.0,,1.0,short_sweep,0,short_measurement,0.07355056200321997,217.53742682890086,img/s,,,,,,53.520263671875,,,,,,,,0,PASS,resnet50_vision_easy_mps_sweep.csv
vision,easy,ResNet50,25.56,Apple M4,mps,fp16,none,grid,,224.0,,,16.0,,2.0,short_sweep,0,short_measurement,0.07454718749795575,214.62915687380905,img/s,,,,,,53.520263671875,,,,,,,,0,PASS,resnet50_vision_easy_mps_sweep.csv
vision,easy,ResNet50,25.56,Apple M4,mps,fp16,none,grid,,224.0,,,16.0,,3.0,short_sweep,0,short_measurement,0.07326272899808828,218.39208310705305,img/s,,,,,,53.520263671875,,,,,,,,0,PASS,resnet50_vision_easy_mps_sweep.csv
vision,easy,ResNet50,25.56,Apple M4,mps,fp16,none,grid,,320.0,,,1.0,,1.0,short_sweep,0,short_measurement,0.013841874497302342,72.24455041800091,img/s,,,,,,49.481201171875,,,,,,,,0,PASS,resnet50_vision_easy_mps_sweep.csv
vision,easy,ResNet50,25.56,Apple M4,mps,fp16,none,grid,,320.0,,,1.0,,2.0,short_sweep,0,short_measurement,0.01385408349960926,72.18088443224728,img/s,,,,,,49.481201171875,,,,,,,,0,PASS,resnet50_vision_easy_mps_sweep.csv
vision,easy,ResNet50,25.56,Apple M4,mps,fp16,none,grid,,320.0,,,1.0,,3.0,short_sweep,0,short_measurement,0.013906103999033803,71.9108673478553,img/s,,,,,,49.481201171875,,,,,,,,0,PASS,resnet50_vision_easy_mps_sweep.csv
vision,easy,ResNet50,25.56,Apple M4,mps,fp16,none,grid,,320.0,,,4.0,,1.0,short_sweep,0,short_measurement,0.03606958349701017,110.896761542355,img/s,,,,,,52.020263671875,,,,,,,,0,PASS,resnet50_vision_easy_mps_sweep.csv
vision,easy,ResNet50,25.56,Apple M4,mps,fp16,none,grid,,320.0,,,4.0,,2.0,short_sweep,0,short_measurement,0.03607466650282731,110.88113592641264,img/s,,,,,,52.020263671875,,,,,,,,0,PASS,resnet50_vision_easy_mps_sweep.csv
vision,easy,ResNet50,25.56,Apple M4,mps,fp16,none,grid,,320.0,,,4.0,,3.0,short_sweep,0,short_measurement,0.03699772949767066,108.11474256148166,img/s,,,,,,52.020263671875,,,,,,,,0,PASS,resnet50_vision_easy_mps_sweep.csv
vision,easy,ResNet50,25.56,Apple M4,mps,fp16,none,grid,,320.0,,,16.0,,1.0,short_sweep,0,short_measurement,0.13624608299869578,117.43456874391875,img/s,,,,,,58.395263671875,,,,,,,,0,PASS,resnet50_vision_easy_mps_sweep.csv
vision,easy,ResNet50,25.56,Apple M4,mps,fp16,none,grid,,320.0,,,16.0,,2.0,short_sweep,0,short_measurement,0.13201747900166083,121.196072830619,img/s,,,,,,58.395263671875,,,,,,,,0,PASS,resnet50_vision_easy_mps_sweep.csv
vision,easy,ResNet50,25.56,Apple M4,mps,fp16,none,grid,,320.0,,,16.0,,3.0,short_sweep,0,short_measurement,0.13315460400190204,120.16107231088644,img/s,,,,,,58.395263671875,,,,,,,,0,PASS,resnet50_vision_easy_mps_sweep.csv
vision,easy,ResNet50,25.56,RTX 3050 Laptop,cuda,fp32,none,grid,,160.0,,,1.0,,1.0,short_sweep,0,short_measurement,0.0075777500023832545,131.96529308640336,img/s,,,,,,,116.1640625,,,,,,,0,PASS,resnet50_vision_easy_msi_cuda_sweep.csv
vision,easy,ResNet50,25.56,RTX 3050 Laptop,cuda,fp32,none,grid,,160.0,,,1.0,,2.0,short_sweep,0,short_measurement,0.007523000007495284,132.92569440431797,img/s,,,,,,,116.1640625,,,,,,,0,PASS,resnet50_vision_easy_msi_cuda_sweep.csv
vision,easy,ResNet50,25.56,RTX 3050 Laptop,cuda,fp32,none,grid,,160.0,,,1.0,,3.0,short_sweep,0,short_measurement,0.005452550016343594,183.40042677326718,img/s,,,,,,,116.1640625,,,,,,,0,PASS,resnet50_vision_easy_msi_cuda_sweep.csv
vision,easy,ResNet50,25.56,RTX 3050 Laptop,cuda,fp32,none,grid,,160.0,,,4.0,,1.0,short_sweep,0,short_measurement,0.008340199987287633,479.6048063711796,img/s,,,,,,,127.39990234375,,,,,,,0,PASS,resnet50_vision_easy_msi_cuda_sweep.csv
vision,easy,ResNet50,25.56,RTX 3050 Laptop,cuda,fp32,none,grid,,160.0,,,4.0,,2.0,short_sweep,0,short_measurement,0.00834434998978395,479.36627836766553,img/s,,,,,,,127.39990234375,,,,,,,0,PASS,resnet50_vision_easy_msi_cuda_sweep.csv
vision,easy,ResNet50,25.56,RTX 3050 Laptop,cuda,fp32,none,grid,,160.0,,,4.0,,3.0,short_sweep,0,short_measurement,0.008374100012588315,477.66327055886893,img/s,,,,,,,127.39990234375,,,,,,,0,PASS,resnet50_vision_easy_msi_cuda_sweep.csv
vision,easy,ResNet50,25.56,RTX 3050 Laptop,cuda,fp32,none,grid,,160.0,,,16.0,,1.0,short_sweep,0,short_measurement,0.02901624998776242,551.4151555334679,img/s,,,,,,,194.85302734375,,,,,,,0,PASS,resnet50_vision_easy_msi_cuda_sweep.csv
vision,easy,ResNet50,25.56,RTX 3050 Laptop,cuda,fp32,none,grid,,160.0,,,16.0,,2.0,short_sweep,0,short_measurement,0.02900480000243988,551.632833139828,img/s,,,,,,,194.85302734375,,,,,,,0,PASS,resnet50_vision_easy_msi_cuda_sweep.csv
vision,easy,ResNet50,25.56,RTX 3050 Laptop,cuda,fp32,none,grid,,160.0,,,16.0,,3.0,short_sweep,0,short_measurement,0.029286699995282106,546.3230750674365,img/s,,,,,,,194.85302734375,,,,,,,0,PASS,resnet50_vision_easy_msi_cuda_sweep.csv
vision,easy,ResNet50,25.56,RTX 3050 Laptop,cuda,fp32,none,grid,,224.0,,,1.0,,1.0,short_sweep,0,short_measurement,0.005706950003514066,175.22494491527837,img/s,,,,,,,117.2421875,,,,,,,0,PASS,resnet50_vision_easy_msi_cuda_sweep.csv
vision,easy,ResNet50,25.56,RTX 3050 Laptop,cuda,fp32,none,grid,,224.0,,,1.0,,2.0,short_sweep,0,short_measurement,0.006011399993440136,166.35060070719587,img/s,,,,,,,117.2421875,,,,,,,0,PASS,resnet50_vision_easy_msi_cuda_sweep.csv
vision,easy,ResNet50,25.56,RTX 3050 Laptop,cuda,fp32,none,grid,,224.0,,,1.0,,3.0,short_sweep,0,short_measurement,0.008320249995449558,120.18869631884999,img/s,,,,,,,117.2421875,,,,,,,0,PASS,resnet50_vision_easy_msi_cuda_sweep.csv
vision,easy,ResNet50,25.56,RTX 3050 Laptop,cuda,fp32,none,grid,,224.0,,,4.0,,1.0,short_sweep,0,short_measurement,0.014498549993732013,275.8896580505825,img/s,,,,,,,148.22802734375,,,,,,,0,PASS,resnet50_vision_easy_msi_cuda_sweep.csv
vision,easy,ResNet50,25.56,RTX 3050 Laptop,cuda,fp32,none,grid,,224.0,,,4.0,,2.0,short_sweep,0,short_measurement,0.014462400009506382,276.57926743629906,img/s,,,,,,,148.22802734375,,,,,,,0,PASS,resnet50_vision_easy_msi_cuda_sweep.csv
vision,easy,ResNet50,25.56,RTX 3050 Laptop,cuda,fp32,none,grid,,224.0,,,4.0,,3.0,short_sweep,0,short_measurement,0.014500100005534478,275.86016637631866,img/s,,,,,,,148.22802734375,,,,,,,0,PASS,resnet50_vision_easy_msi_cuda_sweep.csv
vision,easy,ResNet50,25.56,RTX 3050 Laptop,cuda,fp32,none,grid,,224.0,,,16.0,,1.0,short_sweep,0,short_measurement,0.05329664998862427,300.2064858375727,img/s,,,,,,,277.35302734375,,,,,,,0,PASS,resnet50_vision_easy_msi_cuda_sweep.csv
vision,easy,ResNet50,25.56,RTX 3050 Laptop,cuda,fp32,none,grid,,224.0,,,16.0,,2.0,short_sweep,0,short_measurement,0.05339370000001509,299.6608214076844,img/s,,,,,,,277.35302734375,,,,,,,0,PASS,resnet50_vision_easy_msi_cuda_sweep.csv
vision,easy,ResNet50,25.56,RTX 3050 Laptop,cuda,fp32,none,grid,,224.0,,,16.0,,3.0,short_sweep,0,short_measurement,0.05346704999101348,299.2497248808231,img/s,,,,,,,277.35302734375,,,,,,,0,PASS,resnet50_vision_easy_msi_cuda_sweep.csv
vision,easy,ResNet50,25.56,RTX 3050 Laptop,cuda,fp32,none,grid,,320.0,,,1.0,,1.0,short_sweep,0,short_measurement,0.00888594999560155,112.53720766997218,img/s,,,,,,,127.39990234375,,,,,,,0,PASS,resnet50_vision_easy_msi_cuda_sweep.csv
vision,easy,ResNet50,25.56,RTX 3050 Laptop,cuda,fp32,none,grid,,320.0,,,1.0,,2.0,short_sweep,0,short_measurement,0.008269750003819354,120.92263968537787,img/s,,,,,,,127.39990234375,,,,,,,0,PASS,resnet50_vision_easy_msi_cuda_sweep.csv
vision,easy,ResNet50,25.56,RTX 3050 Laptop,cuda,fp32,none,grid,,320.0,,,1.0,,3.0,short_sweep,0,short_measurement,0.008273399987956509,120.86929212363577,img/s,,,,,,,127.39990234375,,,,,,,0,PASS,resnet50_vision_easy_msi_cuda_sweep.csv
vision,easy,ResNet50,25.56,RTX 3050 Laptop,cuda,fp32,none,grid,,320.0,,,4.0,,1.0,short_sweep,0,short_measurement,0.027314049992128275,146.44477846210185,img/s,,,,,,,194.85302734375,,,,,,,0,PASS,resnet50_vision_easy_msi_cuda_sweep.csv
vision,easy,ResNet50,25.56,RTX 3050 Laptop,cuda,fp32,none,grid,,320.0,,,4.0,,2.0,short_sweep,0,short_measurement,0.027307899988954887,146.47775924248526,img/s,,,,,,,194.85302734375,,,,,,,0,PASS,resnet50_vision_easy_msi_cuda_sweep.csv
vision,easy,ResNet50,25.56,RTX 3050 Laptop,cuda,fp32,none,grid,,320.0,,,4.0,,3.0,short_sweep,0,short_measurement,0.02731130000029225,146.45952407820928,img/s,,,,,,,194.85302734375,,,,,,,0,PASS,resnet50_vision_easy_msi_cuda_sweep.csv
vision,easy,ResNet50,25.56,RTX 3050 Laptop,cuda,fp32,none,grid,,320.0,,,16.0,,1.0,short_sweep,0,short_measurement,0.09873839998908807,162.04435155692434,img/s,,,,,,,449.66552734375,,,,,,,0,PASS,resnet50_vision_easy_msi_cuda_sweep.csv
vision,easy,ResNet50,25.56,RTX 3050 Laptop,cuda,fp32,none,grid,,320.0,,,16.0,,2.0,short_sweep,0,short_measurement,0.09900845000811387,161.60236826946365,img/s,,,,,,,449.66552734375,,,,,,,0,PASS,resnet50_vision_easy_msi_cuda_sweep.csv
vision,easy,ResNet50,25.56,RTX 3050 Laptop,cuda,fp32,none,grid,,320.0,,,16.0,,3.0,short_sweep,0,short_measurement,0.09924450000107754,161.21800200339848,img/s,,,,,,,449.66552734375,,,,,,,0,PASS,resnet50_vision_easy_msi_cuda_sweep.csv
vision,easy,ResNet50,25.56,RTX 3050 Laptop,cuda,fp16,none,grid,,160.0,,,1.0,,1.0,short_sweep,0,short_measurement,0.00831920001655817,120.20386551707423,img/s,,,,,,,62.92919921875,,,,,,,0,PASS,resnet50_vision_easy_msi_cuda_sweep.csv
vision,easy,ResNet50,25.56,RTX 3050 Laptop,cuda,fp16,none,grid,,160.0,,,1.0,,2.0,short_sweep,0,short_measurement,0.00795990000187885,125.6297189366651,img/s,,,,,,,62.92919921875,,,,,,,0,PASS,resnet50_vision_easy_msi_cuda_sweep.csv
vision,easy,ResNet50,25.56,RTX 3050 Laptop,cuda,fp16,none,grid,,160.0,,,1.0,,3.0,short_sweep,0,short_measurement,0.006894999998621643,145.03263237127,img/s,,,,,,,62.92919921875,,,,,,,0,PASS,resnet50_vision_easy_msi_cuda_sweep.csv
vision,easy,ResNet50,25.56,RTX 3050 Laptop,cuda,fp16,none,grid,,160.0,,,4.0,,1.0,short_sweep,0,short_measurement,0.012423599997418933,321.9678676737033,img/s,,,,,,,69.8212890625,,,,,,,0,PASS,resnet50_vision_easy_msi_cuda_sweep.csv
vision,easy,ResNet50,25.56,RTX 3050 Laptop,cuda,fp16,none,grid,,160.0,,,4.0,,2.0,short_sweep,0,short_measurement,0.008501400006935,470.51073902380875,img/s,,,,,,,69.8212890625,,,,,,,0,PASS,resnet50_vision_easy_msi_cuda_sweep.csv
vision,easy,ResNet50,25.56,RTX 3050 Laptop,cuda,fp16,none,grid,,160.0,,,4.0,,3.0,short_sweep,0,short_measurement,0.008695700016687624,459.99746913114933,img/s,,,,,,,69.8212890625,,,,,,,0,PASS,resnet50_vision_easy_msi_cuda_sweep.csv
vision,easy,ResNet50,25.56,RTX 3050 Laptop,cuda,fp16,none,grid,,160.0,,,16.0,,1.0,short_sweep,0,short_measurement,0.01677669999480713,953.7036488077189,img/s,,,,,,,103.73583984375,,,,,,,0,PASS,resnet50_vision_easy_msi_cuda_sweep.csv
vision,easy,ResNet50,25.56,RTX 3050 Laptop,cuda,fp16,none,grid,,160.0,,,16.0,,2.0,short_sweep,0,short_measurement,0.016761750011937693,954.5542672217891,img/s,,,,,,,103.73583984375,,,,,,,0,PASS,resnet50_vision_easy_msi_cuda_sweep.csv
vision,easy,ResNet50,25.56,RTX 3050 Laptop,cuda,fp16,none,grid,,160.0,,,16.0,,3.0,short_sweep,0,short_measurement,0.01675305000389926,955.0499757522368,img/s,,,,,,,103.73583984375,,,,,,,0,PASS,resnet50_vision_easy_msi_cuda_sweep.csv
vision,easy,ResNet50,25.56,RTX 3050 Laptop,cuda,fp16,none,grid,,224.0,,,1.0,,1.0,short_sweep,0,short_measurement,0.006774900000891648,147.60365464706334,img/s,,,,,,,63.54052734375,,,,,,,0,PASS,resnet50_vision_easy_msi_cuda_sweep.csv
vision,easy,ResNet50,25.56,RTX 3050 Laptop,cuda,fp16,none,grid,,224.0,,,1.0,,2.0,short_sweep,0,short_measurement,0.006948799986275844,143.90974009541787,img/s,,,,,,,63.54052734375,,,,,,,0,PASS,resnet50_vision_easy_msi_cuda_sweep.csv
vision,easy,ResNet50,25.56,RTX 3050 Laptop,cuda,fp16,none,grid,,224.0,,,1.0,,3.0,short_sweep,0,short_measurement,0.006969950001803227,143.47305213685686,img/s,,,,,,,63.54052734375,,,,,,,0,PASS,resnet50_vision_easy_msi_cuda_sweep.csv
vision,easy,ResNet50,25.56,RTX 3050 Laptop,cuda,fp16,none,grid,,224.0,,,4.0,,1.0,short_sweep,0,short_measurement,0.008941850013798103,447.33472310848754,img/s,,,,,,,80.57958984375,,,,,,,0,PASS,resnet50_vision_easy_msi_cuda_sweep.csv
vision,easy,ResNet50,25.56,RTX 3050 Laptop,cuda,fp16,none,grid,,224.0,,,4.0,,2.0,short_sweep,0,short_measurement,0.008959500002674758,446.4534849942346,img/s,,,,,,,80.57958984375,,,,,,,0,PASS,resnet50_vision_easy_msi_cuda_sweep.csv
vision,easy,ResNet50,25.56,RTX 3050 Laptop,cuda,fp16,none,grid,,224.0,,,4.0,,3.0,short_sweep,0,short_measurement,0.008973150004749186,445.7743376498704,img/s,,,,,,,80.57958984375,,,,,,,0,PASS,resnet50_vision_easy_msi_cuda_sweep.csv
vision,easy,ResNet50,25.56,RTX 3050 Laptop,cuda,fp16,none,grid,,224.0,,,16.0,,1.0,short_sweep,0,short_measurement,0.0295328500069445,541.7695886525574,img/s,,,,,,,147.98583984375,,,,,,,0,PASS,resnet50_vision_easy_msi_cuda_sweep.csv
vision,easy,ResNet50,25.56,RTX 3050 Laptop,cuda,fp16,none,grid,,224.0,,,16.0,,2.0,short_sweep,0,short_measurement,0.029694249999010935,538.8248566821163,img/s,,,,,,,147.98583984375,,,,,,,0,PASS,resnet50_vision_easy_msi_cuda_sweep.csv
vision,easy,ResNet50,25.56,RTX 3050 Laptop,cuda,fp16,none,grid,,224.0,,,16.0,,3.0,short_sweep,0,short_measurement,0.029649399992194958,539.6399254019276,img/s,,,,,,,147.98583984375,,,,,,,0,PASS,resnet50_vision_easy_msi_cuda_sweep.csv
vision,easy,ResNet50,25.56,RTX 3050 Laptop,cuda,fp16,none,grid,,320.0,,,1.0,,1.0,short_sweep,0,short_measurement,0.007649850012967363,130.72151719378635,img/s,,,,,,,69.8212890625,,,,,,,0,PASS,resnet50_vision_easy_msi_cuda_sweep.csv
vision,easy,ResNet50,25.56,RTX 3050 Laptop,cuda,fp16,none,grid,,320.0,,,1.0,,2.0,short_sweep,0,short_measurement,0.007151450001401827,139.8317823384041,img/s,,,,,,,69.8212890625,,,,,,,0,PASS,resnet50_vision_easy_msi_cuda_sweep.csv
vision,easy,ResNet50,25.56,RTX 3050 Laptop,cuda,fp16,none,grid,,320.0,,,1.0,,3.0,short_sweep,0,short_measurement,0.013680699994438328,73.09567495863034,img/s,,,,,,,69.8212890625,,,,,,,0,PASS,resnet50_vision_easy_msi_cuda_sweep.csv
vision,easy,ResNet50,25.56,RTX 3050 Laptop,cuda,fp16,none,grid,,320.0,,,4.0,,1.0,short_sweep,0,short_measurement,0.01575599999341648,253.87154110633207,img/s,,,,,,,103.73583984375,,,,,,,0,PASS,resnet50_vision_easy_msi_cuda_sweep.csv
vision,easy,ResNet50,25.56,RTX 3050 Laptop,cuda,fp16,none,grid,,320.0,,,4.0,,2.0,short_sweep,0,short_measurement,0.0157552000018768,253.88443177639823,img/s,,,,,,,103.73583984375,,,,,,,0,PASS,resnet50_vision_easy_msi_cuda_sweep.csv
vision,easy,ResNet50,25.56,RTX 3050 Laptop,cuda,fp16,none,grid,,320.0,,,4.0,,3.0,short_sweep,0,short_measurement,0.01579884998500347,253.18298507782944,img/s,,,,,,,103.73583984375,,,,,,,0,PASS,resnet50_vision_easy_msi_cuda_sweep.csv
vision,easy,ResNet50,25.56,RTX 3050 Laptop,cuda,fp16,none,grid,,320.0,,,16.0,,1.0,short_sweep,0,short_measurement,0.05547829998249654,288.4010505918173,img/s,,,,,,,243.0166015625,,,,,,,0,PASS,resnet50_vision_easy_msi_cuda_sweep.csv
vision,easy,ResNet50,25.56,RTX 3050 Laptop,cuda,fp16,none,grid,,320.0,,,16.0,,2.0,short_sweep,0,short_measurement,0.05547474999912083,288.41950617629766,img/s,,,,,,,243.0166015625,,,,,,,0,PASS,resnet50_vision_easy_msi_cuda_sweep.csv
vision,easy,ResNet50,25.56,RTX 3050 Laptop,cuda,fp16,none,grid,,320.0,,,16.0,,3.0,short_sweep,0,short_measurement,0.05549204999988433,288.32958955441995,img/s,,,,,,,243.0166015625,,,,,,,0,PASS,resnet50_vision_easy_msi_cuda_sweep.csv
vision,easy,ResNet50,25.56,Apple M4,cpu,fp32,none,highres_single,,320.0,,,1.0,1.0,1.0,cpu_scaling_short,0,short_measurement,0.0333216245053336,30.010541648110095,img/s,,,,,,,,,,,,,,0,PASS,resnet50_vision_easy_mac_cpu_scaling_final.csv
vision,easy,ResNet50,25.56,Apple M4,cpu,fp32,none,highres_single,,320.0,,,1.0,1.0,2.0,cpu_scaling_short,0,short_measurement,0.03323502100101905,30.08874283453403,img/s,,,,,,,,,,,,,,0,PASS,resnet50_vision_easy_mac_cpu_scaling_final.csv
vision,easy,ResNet50,25.56,Apple M4,cpu,fp32,none,highres_single,,320.0,,,1.0,1.0,3.0,cpu_scaling_short,0,short_measurement,0.033505187504488276,29.84612456999509,img/s,,,,,,,,,,,,,,0,PASS,resnet50_vision_easy_mac_cpu_scaling_final.csv
vision,easy,ResNet50,25.56,Apple M4,cpu,fp32,none,highres_single,,320.0,,,1.0,2.0,1.0,cpu_scaling_short,0,short_measurement,0.030738917001144728,32.532050493605865,img/s,,,,,,,,,,,,,,0,PASS,resnet50_vision_easy_mac_cpu_scaling_final.csv
vision,easy,ResNet50,25.56,Apple M4,cpu,fp32,none,highres_single,,320.0,,,1.0,2.0,2.0,cpu_scaling_short,0,short_measurement,0.027258646001428133,36.685607933263015,img/s,,,,,,,,,,,,,,0,PASS,resnet50_vision_easy_mac_cpu_scaling_final.csv
vision,easy,ResNet50,25.56,Apple M4,cpu,fp32,none,highres_single,,320.0,,,1.0,2.0,3.0,cpu_scaling_short,0,short_measurement,0.02765249999720254,36.16309556463845,img/s,,,,,,,,,,,,,,0,PASS,resnet50_vision_easy_mac_cpu_scaling_final.csv
vision,easy,ResNet50,25.56,Apple M4,cpu,fp32,none,highres_single,,320.0,,,1.0,4.0,1.0,cpu_scaling_short,0,short_measurement,0.024332083499757573,41.09800132857358,img/s,,,,,,,,,,,,,,0,PASS,resnet50_vision_easy_mac_cpu_scaling_final.csv
vision,easy,ResNet50,25.56,Apple M4,cpu,fp32,none,highres_single,,320.0,,,1.0,4.0,2.0,cpu_scaling_short,0,short_measurement,0.024281646001327317,41.18336952714559,img/s,,,,,,,,,,,,,,0,PASS,resnet50_vision_easy_mac_cpu_scaling_final.csv
vision,easy,ResNet50,25.56,Apple M4,cpu,fp32,none,highres_single,,320.0,,,1.0,4.0,3.0,cpu_scaling_short,0,short_measurement,0.02431795849770424,41.12187296044633,img/s,,,,,,,,,,,,,,0,PASS,resnet50_vision_easy_mac_cpu_scaling_final.csv
vision,easy,ResNet50,25.56,Apple M4,cpu,fp32,none,highres_single,,320.0,,,1.0,6.0,1.0,cpu_scaling_short,0,short_measurement,0.0258402709987422,38.69928454112095,img/s,,,,,,,,,,,,,,0,PASS,resnet50_vision_easy_mac_cpu_scaling_final.csv
vision,easy,ResNet50,25.56,Apple M4,cpu,fp32,none,highres_single,,320.0,,,1.0,6.0,2.0,cpu_scaling_short,0,short_measurement,0.025780625499464804,38.78881837140684,img/s,,,,,,,,,,,,,,0,PASS,resnet50_vision_easy_mac_cpu_scaling_final.csv
vision,easy,ResNet50,25.56,Apple M4,cpu,fp32,none,highres_single,,320.0,,,1.0,6.0,3.0,cpu_scaling_short,0,short_measurement,0.025953437496355036,38.53054147992698,img/s,,,,,,,,,,,,,,0,PASS,resnet50_vision_easy_mac_cpu_scaling_final.csv
vision,easy,ResNet50,25.56,Apple M4,cpu,fp32,none,highres_single,,320.0,,,1.0,8.0,1.0,cpu_scaling_short,0,short_measurement,0.02521506250195671,39.65883486992742,img/s,,,,,,,,,,,,,,0,PASS,resnet50_vision_easy_mac_cpu_scaling_final.csv
vision,easy,ResNet50,25.56,Apple M4,cpu,fp32,none,highres_single,,320.0,,,1.0,8.0,2.0,cpu_scaling_short,0,short_measurement,0.025133750001259614,39.787138805386526,img/s,,,,,,,,,,,,,,0,PASS,resnet50_vision_easy_mac_cpu_scaling_final.csv
vision,easy,ResNet50,25.56,Apple M4,cpu,fp32,none,highres_single,,320.0,,,1.0,8.0,3.0,cpu_scaling_short,0,short_measurement,0.025066374997550156,39.89408121827485,img/s,,,,,,,,,,,,,,0,PASS,resnet50_vision_easy_mac_cpu_scaling_final.csv
vision,easy,ResNet50,25.56,Apple M4,cpu,fp32,none,highres_single,,320.0,,,1.0,10.0,1.0,cpu_scaling_short,0,short_measurement,0.025716979002027074,38.88481613338711,img/s,,,,,,,,,,,,,,0,PASS,resnet50_vision_easy_mac_cpu_scaling_final.csv
vision,easy,ResNet50,25.56,Apple M4,cpu,fp32,none,highres_single,,320.0,,,1.0,10.0,2.0,cpu_scaling_short,0,short_measurement,0.02566872899842565,38.95790867016958,img/s,,,,,,,,,,,,,,0,PASS,resnet50_vision_easy_mac_cpu_scaling_final.csv
vision,easy,ResNet50,25.56,Apple M4,cpu,fp32,none,highres_single,,320.0,,,1.0,10.0,3.0,cpu_scaling_short,0,short_measurement,0.025770958498469554,38.803368530487,img/s,,,,,,,,,,,,,,0,PASS,resnet50_vision_easy_mac_cpu_scaling_final.csv
vision,easy,ResNet50,25.56,Apple M4,cpu,fp32,none,batch_optimal,,224.0,,,10.0,1.0,1.0,cpu_scaling_short,0,short_measurement,0.1956137920024048,51.121139760314364,img/s,,,,,,,,,,,,,,0,PASS,resnet50_vision_easy_mac_cpu_scaling_final.csv
vision,easy,ResNet50,25.56,Apple M4,cpu,fp32,none,batch_optimal,,224.0,,,10.0,1.0,2.0,cpu_scaling_short,0,short_measurement,0.1991133119990991,50.22265914619132,img/s,,,,,,,,,,,,,,0,PASS,resnet50_vision_easy_mac_cpu_scaling_final.csv
vision,easy,ResNet50,25.56,Apple M4,cpu,fp32,none,batch_optimal,,224.0,,,10.0,1.0,3.0,cpu_scaling_short,0,short_measurement,0.19170270799804712,52.164104015170565,img/s,,,,,,,,,,,,,,0,PASS,resnet50_vision_easy_mac_cpu_scaling_final.csv
vision,easy,ResNet50,25.56,Apple M4,cpu,fp32,none,batch_optimal,,224.0,,,10.0,2.0,1.0,cpu_scaling_short,0,short_measurement,0.17202206249930896,58.13207826199719,img/s,,,,,,,,,,,,,,0,PASS,resnet50_vision_easy_mac_cpu_scaling_final.csv
vision,easy,ResNet50,25.56,Apple M4,cpu,fp32,none,batch_optimal,,224.0,,,10.0,2.0,2.0,cpu_scaling_short,0,short_measurement,0.1722915415011812,58.04115462006846,img/s,,,,,,,,,,,,,,0,PASS,resnet50_vision_easy_mac_cpu_scaling_final.csv
vision,easy,ResNet50,25.56,Apple M4,cpu,fp32,none,batch_optimal,,224.0,,,10.0,2.0,3.0,cpu_scaling_short,0,short_measurement,0.18708512499870267,53.4516039159679,img/s,,,,,,,,,,,,,,0,PASS,resnet50_vision_easy_mac_cpu_scaling_final.csv
vision,easy,ResNet50,25.56,Apple M4,cpu,fp32,none,batch_optimal,,224.0,,,10.0,4.0,1.0,cpu_scaling_short,0,short_measurement,0.13643668749864446,73.29406909046625,img/s,,,,,,,,,,,,,,0,PASS,resnet50_vision_easy_mac_cpu_scaling_final.csv
vision,easy,ResNet50,25.56,Apple M4,cpu,fp32,none,batch_optimal,,224.0,,,10.0,4.0,2.0,cpu_scaling_short,0,short_measurement,0.13597804199889651,73.54128543843241,img/s,,,,,,,,,,,,,,0,PASS,resnet50_vision_easy_mac_cpu_scaling_final.csv
vision,easy,ResNet50,25.56,Apple M4,cpu,fp32,none,batch_optimal,,224.0,,,10.0,4.0,3.0,cpu_scaling_short,0,short_measurement,0.1359792914990976,73.54060967486629,img/s,,,,,,,,,,,,,,0,PASS,resnet50_vision_easy_mac_cpu_scaling_final.csv
vision,easy,ResNet50,25.56,Apple M4,cpu,fp32,none,batch_optimal,,224.0,,,10.0,6.0,1.0,cpu_scaling_short,0,short_measurement,0.1254971665002813,79.68307395990159,img/s,,,,,,,,,,,,,,0,PASS,resnet50_vision_easy_mac_cpu_scaling_final.csv
vision,easy,ResNet50,25.56,Apple M4,cpu,fp32,none,batch_optimal,,224.0,,,10.0,6.0,2.0,cpu_scaling_short,0,short_measurement,0.12527316600244376,79.82555497803038,img/s,,,,,,,,,,,,,,0,PASS,resnet50_vision_easy_mac_cpu_scaling_final.csv
vision,easy,ResNet50,25.56,Apple M4,cpu,fp32,none,batch_optimal,,224.0,,,10.0,6.0,3.0,cpu_scaling_short,0,short_measurement,0.12176793749677017,82.12342432313305,img/s,,,,,,,,,,,,,,0,PASS,resnet50_vision_easy_mac_cpu_scaling_final.csv
vision,easy,ResNet50,25.56,Apple M4,cpu,fp32,none,batch_optimal,,224.0,,,10.0,8.0,1.0,cpu_scaling_short,0,short_measurement,0.11910310399980517,83.96086805610338,img/s,,,,,,,,,,,,,,0,PASS,resnet50_vision_easy_mac_cpu_scaling_final.csv
vision,easy,ResNet50,25.56,Apple M4,cpu,fp32,none,batch_optimal,,224.0,,,10.0,8.0,2.0,cpu_scaling_short,0,short_measurement,0.11907816649909364,83.97845124761906,img/s,,,,,,,,,,,,,,0,PASS,resnet50_vision_easy_mac_cpu_scaling_final.csv
vision,easy,ResNet50,25.56,Apple M4,cpu,fp32,none,batch_optimal,,224.0,,,10.0,8.0,3.0,cpu_scaling_short,0,short_measurement,0.11937739600034547,83.76795218393825,img/s,,,,,,,,,,,,,,0,PASS,resnet50_vision_easy_mac_cpu_scaling_final.csv
vision,easy,ResNet50,25.56,Apple M4,cpu,fp32,none,batch_optimal,,224.0,,,10.0,10.0,1.0,cpu_scaling_short,0,short_measurement,0.1093076875040424,91.484873830399,img/s,,,,,,,,,,,,,,0,PASS,resnet50_vision_easy_mac_cpu_scaling_final.csv
vision,easy,ResNet50,25.56,Apple M4,cpu,fp32,none,batch_optimal,,224.0,,,10.0,10.0,2.0,cpu_scaling_short,0,short_measurement,0.11058331250023912,90.42955735277306,img/s,,,,,,,,,,,,,,0,PASS,resnet50_vision_easy_mac_cpu_scaling_final.csv
vision,easy,ResNet50,25.56,Apple M4,cpu,fp32,none,batch_optimal,,224.0,,,10.0,10.0,3.0,cpu_scaling_short,0,short_measurement,0.11084427049718215,90.21666122340727,img/s,,,,,,,,,,,,,,0,PASS,resnet50_vision_easy_mac_cpu_scaling_final.csv
vision,easy,ResNet50,25.56,Intel i7-11800H,cpu,fp32,none,highres_single,,320.0,,,1.0,1.0,1.0,cpu_scaling_short,0,short_measurement,0.21100325000588782,4.739263494624353,img/s,,,,,,,,,,,,,,0,PASS,resnet50_vision_easy_msi_cpu_scaling.csv
vision,easy,ResNet50,25.56,Intel i7-11800H,cpu,fp32,none,highres_single,,320.0,,,1.0,1.0,2.0,cpu_scaling_short,0,short_measurement,0.21155785000883043,4.726839490750449,img/s,,,,,,,,,,,,,,0,PASS,resnet50_vision_easy_msi_cpu_scaling.csv
vision,easy,ResNet50,25.56,Intel i7-11800H,cpu,fp32,none,highres_single,,320.0,,,1.0,1.0,3.0,cpu_scaling_short,0,short_measurement,0.20979630001238547,4.766528294068887,img/s,,,,,,,,,,,,,,0,PASS,resnet50_vision_easy_msi_cpu_scaling.csv
vision,easy,ResNet50,25.56,Intel i7-11800H,cpu,fp32,none,highres_single,,320.0,,,1.0,2.0,1.0,cpu_scaling_short,0,short_measurement,0.1265844500157982,7.8998644768389505,img/s,,,,,,,,,,,,,,0,PASS,resnet50_vision_easy_msi_cpu_scaling.csv
vision,easy,ResNet50,25.56,Intel i7-11800H,cpu,fp32,none,highres_single,,320.0,,,1.0,2.0,2.0,cpu_scaling_short,0,short_measurement,0.12751219999336172,7.842386846529665,img/s,,,,,,,,,,,,,,0,PASS,resnet50_vision_easy_msi_cpu_scaling.csv
vision,easy,ResNet50,25.56,Intel i7-11800H,cpu,fp32,none,highres_single,,320.0,,,1.0,2.0,3.0,cpu_scaling_short,0,short_measurement,0.12764374999096617,7.834304461211565,img/s,,,,,,,,,,,,,,0,PASS,resnet50_vision_easy_msi_cpu_scaling.csv
vision,easy,ResNet50,25.56,Intel i7-11800H,cpu,fp32,none,highres_single,,320.0,,,1.0,4.0,1.0,cpu_scaling_short,0,short_measurement,0.072638649988221,13.766775678817803,img/s,,,,,,,,,,,,,,0,PASS,resnet50_vision_easy_msi_cpu_scaling.csv
vision,easy,ResNet50,25.56,Intel i7-11800H,cpu,fp32,none,highres_single,,320.0,,,1.0,4.0,2.0,cpu_scaling_short,0,short_measurement,0.07752355001866817,12.899306078723091,img/s,,,,,,,,,,,,,,0,PASS,resnet50_vision_easy_msi_cpu_scaling.csv
vision,easy,ResNet50,25.56,Intel i7-11800H,cpu,fp32,none,highres_single,,320.0,,,1.0,4.0,3.0,cpu_scaling_short,0,short_measurement,0.07448430001386441,13.425648087098372,img/s,,,,,,,,,,,,,,0,PASS,resnet50_vision_easy_msi_cpu_scaling.csv
vision,easy,ResNet50,25.56,Intel i7-11800H,cpu,fp32,none,highres_single,,320.0,,,1.0,8.0,1.0,cpu_scaling_short,0,short_measurement,0.07793140001012944,12.831798220871447,img/s,,,,,,,,,,,,,,0,PASS,resnet50_vision_easy_msi_cpu_scaling.csv
vision,easy,ResNet50,25.56,Intel i7-11800H,cpu,fp32,none,highres_single,,320.0,,,1.0,8.0,2.0,cpu_scaling_short,0,short_measurement,0.07548784998652991,13.247164943476871,img/s,,,,,,,,,,,,,,0,PASS,resnet50_vision_easy_msi_cpu_scaling.csv
vision,easy,ResNet50,25.56,Intel i7-11800H,cpu,fp32,none,highres_single,,320.0,,,1.0,8.0,3.0,cpu_scaling_short,0,short_measurement,0.07815295000909828,12.79542230822488,img/s,,,,,,,,,,,,,,0,PASS,resnet50_vision_easy_msi_cpu_scaling.csv
vision,easy,ResNet50,25.56,Intel i7-11800H,cpu,fp32,none,highres_single,,320.0,,,1.0,16.0,1.0,cpu_scaling_short,0,short_measurement,0.06995434999407735,14.295036692995712,img/s,,,,,,,,,,,,,,0,PASS,resnet50_vision_easy_msi_cpu_scaling.csv
vision,easy,ResNet50,25.56,Intel i7-11800H,cpu,fp32,none,highres_single,,320.0,,,1.0,16.0,2.0,cpu_scaling_short,0,short_measurement,0.0696355000109179,14.360491413764727,img/s,,,,,,,,,,,,,,0,PASS,resnet50_vision_easy_msi_cpu_scaling.csv
vision,easy,ResNet50,25.56,Intel i7-11800H,cpu,fp32,none,highres_single,,320.0,,,1.0,16.0,3.0,cpu_scaling_short,0,short_measurement,0.07052340001973789,14.179690708617604,img/s,,,,,,,,,,,,,,0,PASS,resnet50_vision_easy_msi_cpu_scaling.csv
vision,easy,ResNet50,25.56,Intel i7-11800H,cpu,fp32,none,batch_workload,,224.0,,,10.0,1.0,1.0,cpu_scaling_short,0,short_measurement,1.1434710000030464,8.745302679275083,img/s,,,,,,,,,,,,,,0,PASS,resnet50_vision_easy_msi_cpu_scaling.csv
vision,easy,ResNet50,25.56,Intel i7-11800H,cpu,fp32,none,batch_workload,,224.0,,,10.0,1.0,2.0,cpu_scaling_short,0,short_measurement,1.128297699993709,8.86290914184772,img/s,,,,,,,,,,,,,,0,PASS,resnet50_vision_easy_msi_cpu_scaling.csv
vision,easy,ResNet50,25.56,Intel i7-11800H,cpu,fp32,none,batch_workload,,224.0,,,10.0,1.0,3.0,cpu_scaling_short,0,short_measurement,1.1647636999987299,8.585432392862952,img/s,,,,,,,,,,,,,,0,PASS,resnet50_vision_easy_msi_cpu_scaling.csv
vision,easy,ResNet50,25.56,Intel i7-11800H,cpu,fp32,none,batch_workload,,224.0,,,10.0,2.0,1.0,cpu_scaling_short,0,short_measurement,0.7287833000154933,13.72149992979725,img/s,,,,,,,,,,,,,,0,PASS,resnet50_vision_easy_msi_cpu_scaling.csv
vision,easy,ResNet50,25.56,Intel i7-11800H,cpu,fp32,none,batch_workload,,224.0,,,10.0,2.0,2.0,cpu_scaling_short,0,short_measurement,0.7107647000084398,14.0693537536139,img/s,,,,,,,,,,,,,,0,PASS,resnet50_vision_easy_msi_cpu_scaling.csv
vision,easy,ResNet50,25.56,Intel i7-11800H,cpu,fp32,none,batch_workload,,224.0,,,10.0,2.0,3.0,cpu_scaling_short,0,short_measurement,0.7460540000029141,13.403855484939347,img/s,,,,,,,,,,,,,,0,PASS,resnet50_vision_easy_msi_cpu_scaling.csv
vision,easy,ResNet50,25.56,Intel i7-11800H,cpu,fp32,none,batch_workload,,224.0,,,10.0,4.0,1.0,cpu_scaling_short,0,short_measurement,0.5309440500132041,18.83437623936328,img/s,,,,,,,,,,,,,,0,PASS,resnet50_vision_easy_msi_cpu_scaling.csv
vision,easy,ResNet50,25.56,Intel i7-11800H,cpu,fp32,none,batch_workload,,224.0,,,10.0,4.0,2.0,cpu_scaling_short,0,short_measurement,0.49657529998512473,20.137932757226462,img/s,,,,,,,,,,,,,,0,PASS,resnet50_vision_easy_msi_cpu_scaling.csv
vision,easy,ResNet50,25.56,Intel i7-11800H,cpu,fp32,none,batch_workload,,224.0,,,10.0,4.0,3.0,cpu_scaling_short,0,short_measurement,0.494683349999832,20.214951645337155,img/s,,,,,,,,,,,,,,0,PASS,resnet50_vision_easy_msi_cpu_scaling.csv
vision,easy,ResNet50,25.56,Intel i7-11800H,cpu,fp32,none,batch_workload,,224.0,,,10.0,8.0,1.0,cpu_scaling_short,0,short_measurement,0.5170140999980504,19.341832263448346,img/s,,,,,,,,,,,,,,0,PASS,resnet50_vision_easy_msi_cpu_scaling.csv
vision,easy,ResNet50,25.56,Intel i7-11800H,cpu,fp32,none,batch_workload,,224.0,,,10.0,8.0,2.0,cpu_scaling_short,0,short_measurement,0.5077492499985965,19.694760750562686,img/s,,,,,,,,,,,,,,0,PASS,resnet50_vision_easy_msi_cpu_scaling.csv
vision,easy,ResNet50,25.56,Intel i7-11800H,cpu,fp32,none,batch_workload,,224.0,,,10.0,8.0,3.0,cpu_scaling_short,0,short_measurement,0.510816750000231,19.57649196114943,img/s,,,,,,,,,,,,,,0,PASS,resnet50_vision_easy_msi_cpu_scaling.csv
vision,easy,ResNet50,25.56,Intel i7-11800H,cpu,fp32,none,batch_workload,,224.0,,,10.0,16.0,1.0,cpu_scaling_short,0,short_measurement,0.48338049999438226,20.68763634469371,img/s,,,,,,,,,,,,,,0,PASS,resnet50_vision_easy_msi_cpu_scaling.csv
vision,easy,ResNet50,25.56,Intel i7-11800H,cpu,fp32,none,batch_workload,,224.0,,,10.0,16.0,2.0,cpu_scaling_short,0,short_measurement,0.49715565000951756,20.114424928709067,img/s,,,,,,,,,,,,,,0,PASS,resnet50_vision_easy_msi_cpu_scaling.csv
vision,easy,ResNet50,25.56,Intel i7-11800H,cpu,fp32,none,batch_workload,,224.0,,,10.0,16.0,3.0,cpu_scaling_short,0,short_measurement,0.49100280000129715,20.36648263507577,img/s,,,,,,,,,,,,,,0,PASS,resnet50_vision_easy_msi_cpu_scaling.csv
vision,easy,ResNet50,25.56,Apple M4,cpu,fp32,none,highres_single,,320.0,,,1.0,1.0,1.0,sustained_power,1,power_monitored_or_summary,,27.906581192521156,img/s,7.143184397163121,,0.25596773563497144,0.25596773563497144,,,,,,,,,combined_soc,0,PASS,resnet50_vision_easy_mac_cpu_power.csv
vision,easy,ResNet50,25.56,Apple M4,cpu,fp32,none,highres_single,,320.0,,,1.0,1.0,2.0,sustained_power,1,power_monitored_or_summary,,29.03697986338823,img/s,6.4980070921985815,,0.2237838481402022,0.2237838481402022,,,,,,,,,combined_soc,0,PASS,resnet50_vision_easy_mac_cpu_power.csv
vision,easy,ResNet50,25.56,Apple M4,cpu,fp32,none,highres_single,,320.0,,,1.0,1.0,3.0,sustained_power,1,power_monitored_or_summary,,29.096214865650737,img/s,7.435996453900709,,0.25556576648322754,0.25556576648322754,,,,,,,,,combined_soc,0,PASS,resnet50_vision_easy_mac_cpu_power.csv
vision,easy,ResNet50,25.56,Apple M4,cpu,fp32,none,highres_single,,320.0,,,1.0,4.0,1.0,sustained_power,1,power_monitored_or_summary,,39.215216066900055,img/s,10.874648936170212,,0.27730687286328776,0.27730687286328776,,,,,,,,,combined_soc,0,PASS,resnet50_vision_easy_mac_cpu_power.csv
vision,easy,ResNet50,25.56,Apple M4,cpu,fp32,none,highres_single,,320.0,,,1.0,4.0,2.0,sustained_power,1,power_monitored_or_summary,,41.1543039700052,img/s,9.973716312056737,,0.2423492891369504,0.2423492891369504,,,,,,,,,combined_soc,0,PASS,resnet50_vision_easy_mac_cpu_power.csv
vision,easy,ResNet50,25.56,Apple M4,cpu,fp32,none,highres_single,,320.0,,,1.0,4.0,3.0,sustained_power,1,power_monitored_or_summary,,41.097874098752975,img/s,10.107814946619218,,0.2459449586694295,0.2459449586694295,,,,,,,,,combined_soc,0,PASS,resnet50_vision_easy_mac_cpu_power.csv
vision,easy,ResNet50,25.56,Apple M4,cpu,fp32,none,highres_single,,320.0,,,1.0,10.0,1.0,sustained_power,1,power_monitored_or_summary,,37.96281465325678,img/s,11.386878136200718,,0.29994820563769375,0.29994820563769375,,,,,,,,,combined_soc,0,PASS,resnet50_vision_easy_mac_cpu_power.csv
vision,easy,ResNet50,25.56,Apple M4,cpu,fp32,none,highres_single,,320.0,,,1.0,10.0,2.0,sustained_power,1,power_monitored_or_summary,,39.15221922631902,img/s,9.913075268817204,,0.2531931896762932,0.2531931896762932,,,,,,,,,combined_soc,0,PASS,resnet50_vision_easy_mac_cpu_power.csv
vision,easy,ResNet50,25.56,Apple M4,cpu,fp32,none,highres_single,,320.0,,,1.0,10.0,3.0,sustained_power,1,power_monitored_or_summary,,36.85703889063149,img/s,12.277031914893618,,0.33309870473653963,0.33309870473653963,,,,,,,,,combined_soc,0,PASS,resnet50_vision_easy_mac_cpu_power.csv
vision,easy,ResNet50,25.56,Apple M4,cpu,fp32,none,batch_optimal,,224.0,,,10.0,1.0,1.0,sustained_power,1,power_monitored_or_summary,,51.87476559742442,img/s,8.088152482269503,,1.5591689695598507,0.15591689695598507,,,,,,,,,combined_soc,0,PASS,resnet50_vision_easy_mac_cpu_power.csv
vision,easy,ResNet50,25.56,Apple M4,cpu,fp32,none,batch_optimal,,224.0,,,10.0,1.0,2.0,sustained_power,1,power_monitored_or_summary,,51.10078374528946,img/s,9.819639575971731,,1.9216221075820423,0.19216221075820422,,,,,,,,,combined_soc,0,PASS,resnet50_vision_easy_mac_cpu_power.csv
vision,easy,ResNet50,25.56,Apple M4,cpu,fp32,none,batch_optimal,,224.0,,,10.0,1.0,3.0,sustained_power,1,power_monitored_or_summary,,52.281046187683884,img/s,6.675202127659574,,1.2767919952665534,0.12767919952665532,,,,,,,,,combined_soc,0,PASS,resnet50_vision_easy_mac_cpu_power.csv
vision,easy,ResNet50,25.56,Apple M4,cpu,fp32,none,batch_optimal,,224.0,,,10.0,4.0,1.0,sustained_power,1,power_monitored_or_summary,,68.83552210896767,img/s,15.357692857142856,,2.231070875416823,0.22310708754168226,,,,,,,,,combined_soc,0,PASS,resnet50_vision_easy_mac_cpu_power.csv
vision,easy,ResNet50,25.56,Apple M4,cpu,fp32,none,batch_optimal,,224.0,,,10.0,4.0,2.0,sustained_power,1,power_monitored_or_summary,,69.37851313008,img/s,14.79182857142857,,2.1320475034820796,0.21320475034820793,,,,,,,,,combined_soc,0,PASS,resnet50_vision_easy_mac_cpu_power.csv
vision,easy,ResNet50,25.56,Apple M4,cpu,fp32,none,batch_optimal,,224.0,,,10.0,4.0,3.0,sustained_power,1,power_monitored_or_summary,,71.11821593993527,img/s,14.095671428571428,,1.9820057691655668,0.19820057691655668,,,,,,,,,combined_soc,0,PASS,resnet50_vision_easy_mac_cpu_power.csv
vision,easy,ResNet50,25.56,Apple M4,cpu,fp32,none,batch_optimal,,224.0,,,10.0,10.0,1.0,sustained_power,1,power_monitored_or_summary,,90.62148430494057,img/s,13.01391726618705,,1.4360741678425089,0.14360741678425087,,,,,,,,,combined_soc,0,PASS,resnet50_vision_easy_mac_cpu_power.csv
vision,easy,ResNet50,25.56,Apple M4,cpu,fp32,none,batch_optimal,,224.0,,,10.0,10.0,2.0,sustained_power,1,power_monitored_or_summary,,90.76580468504922,img/s,12.970491039426523,,1.4290063404861766,0.14290063404861766,,,,,,,,,combined_soc,0,PASS,resnet50_vision_easy_mac_cpu_power.csv
vision,easy,ResNet50,25.56,Apple M4,cpu,fp32,none,batch_optimal,,224.0,,,10.0,10.0,3.0,sustained_power,1,power_monitored_or_summary,,88.81678023413896,img/s,12.997313167259787,,1.463384861846629,0.14633848618466289,,,,,,,,,combined_soc,0,PASS,resnet50_vision_easy_mac_cpu_power.csv
vision,easy,ResNet50,25.56,Intel i7-11800H,cpu,fp32,none,highres_single,,320.0,,,1.0,16.0,1.0,sustained_power,1,power_monitored_or_summary,,13.293280866871255,img/s,37.88,,2.849559892652411,2.849559892652411,,,,,,,,,cpu_package,0,PASS,resnet50_vision_easy_msi_cpu_power_highres16_2s.csv
vision,easy,ResNet50,25.56,Intel i7-11800H,cpu,fp32,none,highres_single,,320.0,,,1.0,16.0,2.0,sustained_power,1,power_monitored_or_summary,,12.931857592854827,img/s,36.806666666666665,,2.846201050574765,2.846201050574765,,,,,,,,,cpu_package,0,PASS,resnet50_vision_easy_msi_cpu_power_highres16_2s.csv
vision,easy,ResNet50,25.56,Intel i7-11800H,cpu,fp32,none,highres_single,,320.0,,,1.0,16.0,3.0,sustained_power,1,power_monitored_or_summary,,12.895136212517475,img/s,36.833333333333336,,2.8563741186059555,2.8563741186059555,,,,,,,,,cpu_package,0,PASS,resnet50_vision_easy_msi_cpu_power_highres16_2s.csv
vision,easy,ResNet50,25.56,Apple M4,mps,fp32,none,grid,light,160.0,,,1.0,,1.0,sustained_power,1,power_monitored_or_summary,,101.68015387097644,img/s,5.330981818181818,,0.0524289314603751,0.0524289314603751,,98.0634765625,,,,,,,combined_soc,0,PASS,resnet50_vision_easy_mps_power_500ms.csv
vision,easy,ResNet50,25.56,Apple M4,mps,fp32,none,grid,light,160.0,,,1.0,,2.0,sustained_power,1,power_monitored_or_summary,,100.57879226429233,img/s,5.1088000000000005,,0.050794008209757914,0.050794008209757914,,98.0634765625,,,,,,,combined_soc,0,PASS,resnet50_vision_easy_mps_power_500ms.csv
vision,easy,ResNet50,25.56,Apple M4,mps,fp32,none,grid,light,160.0,,,1.0,,3.0,sustained_power,1,power_monitored_or_summary,,98.44163993058807,img/s,6.973454545454546,,0.07083846378800253,0.07083846378800253,,98.0634765625,,,,,,,combined_soc,0,PASS,resnet50_vision_easy_mps_power_500ms.csv
vision,easy,ResNet50,25.56,Apple M4,mps,fp32,none,grid,medium,224.0,,,4.0,,1.0,sustained_power,1,power_monitored_or_summary,,132.92202499208935,img/s,13.709836363636363,,0.41256778519443366,0.10314194629860841,,100.0830078125,,,,,,,combined_soc,0,PASS,resnet50_vision_easy_mps_power_500ms.csv
vision,easy,ResNet50,25.56,Apple M4,mps,fp32,none,grid,medium,224.0,,,4.0,,2.0,sustained_power,1,power_monitored_or_summary,,134.80882222003402,img/s,10.741072727272728,,0.31870533546361596,0.07967633386590399,,100.0830078125,,,,,,,combined_soc,0,PASS,resnet50_vision_easy_mps_power_500ms.csv
vision,easy,ResNet50,25.56,Apple M4,mps,fp32,none,grid,medium,224.0,,,4.0,,3.0,sustained_power,1,power_monitored_or_summary,,135.10700059581126,img/s,11.237218181818182,,0.33269092296514413,0.08317273074128603,,100.0830078125,,,,,,,combined_soc,0,PASS,resnet50_vision_easy_mps_power_500ms.csv
vision,easy,ResNet50,25.56,Apple M4,mps,fp32,none,grid,heavy,320.0,,,16.0,,1.0,sustained_power,1,power_monitored_or_summary,,84.96052924692536,img/s,13.692836363636363,,2.5786725172278784,0.1611670323267424,,116.7705078125,,,,,,,combined_soc,0,PASS,resnet50_vision_easy_mps_power_500ms.csv
vision,easy,ResNet50,25.56,Apple M4,mps,fp32,none,grid,heavy,320.0,,,16.0,,2.0,sustained_power,1,power_monitored_or_summary,,85.09826827607505,img/s,13.818072727272726,,2.5980453905255527,0.16237783690784705,,116.7705078125,,,,,,,combined_soc,0,PASS,resnet50_vision_easy_mps_power_500ms.csv
vision,easy,ResNet50,25.56,Apple M4,mps,fp32,none,grid,heavy,320.0,,,16.0,,3.0,sustained_power,1,power_monitored_or_summary,,85.22649907586397,img/s,13.765709090909091,,2.5843059123957413,0.16151911952473383,,116.7705078125,,,,,,,combined_soc,0,PASS,resnet50_vision_easy_mps_power_500ms.csv
vision,easy,ResNet50,25.56,Apple M4,mps,fp16,none,grid,light,160.0,,,1.0,,1.0,sustained_power,1,power_monitored_or_summary,,114.77053234824746,img/s,4.275709090909091,,0.03725441542725737,0.03725441542725737,,49.041748046875,,,,,,,combined_soc,0,PASS,resnet50_vision_easy_mps_power_500ms.csv
vision,easy,ResNet50,25.56,Apple M4,mps,fp16,none,grid,light,160.0,,,1.0,,2.0,sustained_power,1,power_monitored_or_summary,,111.82478401544962,img/s,6.158436363636364,,0.055072195469525964,0.055072195469525964,,49.041748046875,,,,,,,combined_soc,0,PASS,resnet50_vision_easy_mps_power_500ms.csv
vision,easy,ResNet50,25.56,Apple M4,mps,fp16,none,grid,light,160.0,,,1.0,,3.0,sustained_power,1,power_monitored_or_summary,,107.67759304303601,img/s,8.005527272727273,,0.0743471974668645,0.0743471974668645,,49.041748046875,,,,,,,combined_soc,0,PASS,resnet50_vision_easy_mps_power_500ms.csv
vision,easy,ResNet50,25.56,Apple M4,mps,fp16,none,grid,medium,224.0,,,4.0,,1.0,sustained_power,1,power_monitored_or_summary,,176.99272942891503,img/s,12.084745454545455,,0.27311281075868166,0.06827820268967041,,50.051513671875,,,,,,,combined_soc,0,PASS,resnet50_vision_easy_mps_power_500ms.csv
vision,easy,ResNet50,25.56,Apple M4,mps,fp16,none,grid,medium,224.0,,,4.0,,2.0,sustained_power,1,power_monitored_or_summary,,180.20101968747855,img/s,11.633581818181819,,0.2582356490181435,0.06455891225453587,,50.051513671875,,,,,,,combined_soc,0,PASS,resnet50_vision_easy_mps_power_500ms.csv
vision,easy,ResNet50,25.56,Apple M4,mps,fp16,none,grid,medium,224.0,,,4.0,,3.0,sustained_power,1,power_monitored_or_summary,,180.20816659059267,img/s,11.599236363636363,,0.2574630569321129,0.06436576423302823,,50.051513671875,,,,,,,combined_soc,0,PASS,resnet50_vision_easy_mps_power_500ms.csv
vision,easy,ResNet50,25.56,Apple M4,mps,fp16,none,grid,heavy,320.0,,,16.0,,1.0,sustained_power,1,power_monitored_or_summary,,121.2008539424487,img/s,15.853836363636363,,2.092900945554649,0.13080630909716556,,58.395263671875,,,,,,,combined_soc,0,PASS,resnet50_vision_easy_mps_power_500ms.csv
vision,easy,ResNet50,25.56,Apple M4,mps,fp16,none,grid,heavy,320.0,,,16.0,,2.0,sustained_power,1,power_monitored_or_summary,,121.70649260662357,img/s,13.587381818181818,,1.7862490688444812,0.11164056680278008,,58.395263671875,,,,,,,combined_soc,0,PASS,resnet50_vision_easy_mps_power_500ms.csv
vision,easy,ResNet50,25.56,Apple M4,mps,fp16,none,grid,heavy,320.0,,,16.0,,3.0,sustained_power,1,power_monitored_or_summary,,121.72088398031671,img/s,13.679327272727273,,1.7981239472351298,0.11238274670219561,,58.395263671875,,,,,,,combined_soc,0,PASS,resnet50_vision_easy_mps_power_500ms.csv
vision,easy,ResNet50,25.56,RTX 3050 Laptop,cuda,fp32,none,grid,light,160.0,,,1.0,,1.0,sustained_power,1,power_monitored_or_summary,,166.4680902867407,img/s,48.05475,,0.2886724411701117,0.2886724411701117,,,116.1640625,358.50390625,54.43333333333333,64.66666666666667,,,gpu_board,0,PASS,resnet50_vision_easy_msi_cuda_power.csv
vision,easy,ResNet50,25.56,RTX 3050 Laptop,cuda,fp32,none,grid,light,160.0,,,1.0,,2.0,sustained_power,1,power_monitored_or_summary,,157.4889967688537,img/s,51.57791666666667,,0.32750171583331295,0.32750171583331295,,,116.1640625,358.50390625,53.3,72.73333333333333,,,gpu_board,0,PASS,resnet50_vision_easy_msi_cuda_power.csv
vision,easy,ResNet50,25.56,RTX 3050 Laptop,cuda,fp32,none,grid,light,160.0,,,1.0,,3.0,sustained_power,1,power_monitored_or_summary,,151.6871328861703,img/s,52.34086666666666,,0.3450580525241025,0.3450580525241025,,,116.1640625,358.50390625,51.7,75.8,,,gpu_board,0,PASS,resnet50_vision_easy_msi_cuda_power.csv
vision,easy,ResNet50,25.56,RTX 3050 Laptop,cuda,fp32,none,grid,medium,224.0,,,4.0,,1.0,sustained_power,1,power_monitored_or_summary,,267.15539306387996,img/s,59.664033333333336,,0.8933232849851842,0.22333082124629605,,,148.22802734375,392.50390625,98.6,79.25,,,gpu_board,0,PASS,resnet50_vision_easy_msi_cuda_power.csv
vision,easy,ResNet50,25.56,RTX 3050 Laptop,cuda,fp32,none,grid,medium,224.0,,,4.0,,2.0,sustained_power,1,power_monitored_or_summary,,266.0714123074504,img/s,59.903666666666666,,0.9005652452048759,0.22514131130121898,,,148.22802734375,392.50390625,100.0,80.46666666666667,,,gpu_board,0,PASS,resnet50_vision_easy_msi_cuda_power.csv
vision,easy,ResNet50,25.56,RTX 3050 Laptop,cuda,fp32,none,grid,medium,224.0,,,4.0,,3.0,sustained_power,1,power_monitored_or_summary,,264.5769785986936,img/s,59.924883333333334,,0.9059727516841365,0.22649318792103412,,,148.22802734375,392.50390625,99.78333333333333,81.78333333333333,,,gpu_board,0,PASS,resnet50_vision_easy_msi_cuda_power.csv
vision,easy,ResNet50,25.56,RTX 3050 Laptop,cuda,fp32,none,grid,heavy,320.0,,,16.0,,1.0,sustained_power,1,power_monitored_or_summary,,158.23463373137048,img/s,59.82380327868852,,6.0491235697741725,0.3780702231108858,,,449.66552734375,858.50390625,99.98360655737704,82.93442622950819,,,gpu_board,0,PASS,resnet50_vision_easy_msi_cuda_power.csv
vision,easy,ResNet50,25.56,RTX 3050 Laptop,cuda,fp32,none,grid,heavy,320.0,,,16.0,,2.0,sustained_power,1,power_monitored_or_summary,,158.04288208919743,img/s,59.37783606557377,,6.011313919933367,0.37570711999583545,,,449.66552734375,858.50390625,98.34426229508196,83.45901639344262,,,gpu_board,0,PASS,resnet50_vision_easy_msi_cuda_power.csv
vision,easy,ResNet50,25.56,RTX 3050 Laptop,cuda,fp32,none,grid,heavy,320.0,,,16.0,,3.0,sustained_power,1,power_monitored_or_summary,,157.7242474545412,img/s,59.43372131147541,,6.029127140122722,0.37682044625767014,,,449.66552734375,858.50390625,99.0,83.93442622950819,,,gpu_board,0,PASS,resnet50_vision_easy_msi_cuda_power.csv
vision,easy,ResNet50,25.56,RTX 3050 Laptop,cuda,fp16,none,grid,light,160.0,,,1.0,,1.0,sustained_power,1,power_monitored_or_summary,,113.18420174905862,img/s,24.871783333333333,,0.21974606834685917,0.21974606834685917,,,62.92919921875,298.50390625,35.46666666666667,69.51666666666667,,,gpu_board,0,PASS,resnet50_vision_easy_msi_cuda_power.csv
vision,easy,ResNet50,25.56,RTX 3050 Laptop,cuda,fp16,none,grid,light,160.0,,,1.0,,2.0,sustained_power,1,power_monitored_or_summary,,114.778133235318,img/s,24.357733333333332,,0.2122157997063355,0.2122157997063355,,,62.92919921875,298.50390625,36.28333333333333,66.48333333333333,,,gpu_board,0,PASS,resnet50_vision_easy_msi_cuda_power.csv
vision,easy,ResNet50,25.56,RTX 3050 Laptop,cuda,fp16,none,grid,light,160.0,,,1.0,,3.0,sustained_power,1,power_monitored_or_summary,,111.78329994764128,img/s,23.684383333333333,,0.21187765385730223,0.21187765385730223,,,62.92919921875,298.50390625,34.416666666666664,65.66666666666667,,,gpu_board,0,PASS,resnet50_vision_easy_msi_cuda_power.csv
vision,easy,ResNet50,25.56,RTX 3050 Laptop,cuda,fp16,none,grid,medium,224.0,,,4.0,,1.0,sustained_power,1,power_monitored_or_summary,,413.31278204399,img/s,58.38185,,0.5650137381310048,0.1412534345327512,,,80.57958984375,318.50390625,92.51666666666667,80.71666666666667,,,gpu_board,0,PASS,resnet50_vision_easy_msi_cuda_power.csv
vision,easy,ResNet50,25.56,RTX 3050 Laptop,cuda,fp16,none,grid,medium,224.0,,,4.0,,2.0,sustained_power,1,power_monitored_or_summary,,403.01280937823304,img/s,59.80401666666667,,0.5935693881187759,0.14839234702969398,,,80.57958984375,318.50390625,93.28333333333333,84.2,,,gpu_board,0,PASS,resnet50_vision_easy_msi_cuda_power.csv
vision,easy,ResNet50,25.56,RTX 3050 Laptop,cuda,fp16,none,grid,medium,224.0,,,4.0,,3.0,sustained_power,1,power_monitored_or_summary,,407.27653183315806,img/s,59.769133333333336,,0.5870127901974762,0.14675319754936905,,,80.57958984375,318.50390625,93.48333333333333,84.63333333333334,,,gpu_board,0,PASS,resnet50_vision_easy_msi_cuda_power.csv
vision,easy,ResNet50,25.56,RTX 3050 Laptop,cuda,fp16,none,grid,heavy,320.0,,,16.0,,1.0,sustained_power,1,power_monitored_or_summary,,281.81191087958337,img/s,59.85434426229508,,3.398257742930987,0.2123911089331867,,,243.0166015625,572.50390625,99.91803278688525,84.04918032786885,,,gpu_board,0,PASS,resnet50_vision_easy_msi_cuda_power.csv
vision,easy,ResNet50,25.56,RTX 3050 Laptop,cuda,fp16,none,grid,heavy,320.0,,,16.0,,2.0,sustained_power,1,power_monitored_or_summary,,281.4824294804761,img/s,59.44316666666666,,3.378863357198056,0.2111789598248785,,,243.0166015625,572.50390625,98.13333333333334,84.1,,,gpu_board,0,PASS,resnet50_vision_easy_msi_cuda_power.csv
vision,easy,ResNet50,25.56,RTX 3050 Laptop,cuda,fp16,none,grid,heavy,320.0,,,16.0,,3.0,sustained_power,1,power_monitored_or_summary,,280.8486363811222,img/s,59.8801,,3.4113806367207955,0.21321128979504972,,,243.0166015625,572.50390625,99.88333333333334,85.0,,,gpu_board,0,PASS,resnet50_vision_easy_msi_cuda_power.csv
vision,medium,ConvNeXt-Base,88.6,Apple M4,mps,fp32,none,grid,,160.0,,,1.0,,1.0,short_sweep,0,short_measurement,0.014756499993382022,67.76674688770906,img/s,,,,,,338.34033203125,,,,,,,,0,PASS,convnext_base_vision_medium_mac_mps_sweep.csv
vision,medium,ConvNeXt-Base,88.6,Apple M4,mps,fp32,none,grid,,160.0,,,1.0,,2.0,short_sweep,0,short_measurement,0.014852249994874,67.32986586848006,img/s,,,,,,338.34033203125,,,,,,,,0,PASS,convnext_base_vision_medium_mac_mps_sweep.csv
vision,medium,ConvNeXt-Base,88.6,Apple M4,mps,fp32,none,grid,,160.0,,,1.0,,3.0,short_sweep,0,short_measurement,0.014739624995854683,67.84433120118295,img/s,,,,,,338.34033203125,,,,,,,,0,PASS,convnext_base_vision_medium_mac_mps_sweep.csv
vision,medium,ConvNeXt-Base,88.6,Apple M4,mps,fp32,none,grid,,160.0,,,4.0,,1.0,short_sweep,0,short_measurement,0.0378915000037523,105.56457251900532,img/s,,,,,,339.808837890625,,,,,,,,0,PASS,convnext_base_vision_medium_mac_mps_sweep.csv
vision,medium,ConvNeXt-Base,88.6,Apple M4,mps,fp32,none,grid,,160.0,,,4.0,,2.0,short_sweep,0,short_measurement,0.037312792002921924,107.20184111890539,img/s,,,,,,339.808837890625,,,,,,,,0,PASS,convnext_base_vision_medium_mac_mps_sweep.csv
vision,medium,ConvNeXt-Base,88.6,Apple M4,mps,fp32,none,grid,,160.0,,,4.0,,3.0,short_sweep,0,short_measurement,0.037285417012753896,107.28054881702825,img/s,,,,,,339.808837890625,,,,,,,,0,PASS,convnext_base_vision_medium_mac_mps_sweep.csv
vision,medium,ConvNeXt-Base,88.6,Apple M4,mps,fp32,none,grid,,160.0,,,16.0,,1.0,short_sweep,0,short_measurement,0.15781929099466652,101.38177594867486,img/s,,,,,,342.8544921875,,,,,,,,0,PASS,convnext_base_vision_medium_mac_mps_sweep.csv
vision,medium,ConvNeXt-Base,88.6,Apple M4,mps,fp32,none,grid,,160.0,,,16.0,,2.0,short_sweep,0,short_measurement,0.15696320800634567,101.9347158052042,img/s,,,,,,342.8544921875,,,,,,,,0,PASS,convnext_base_vision_medium_mac_mps_sweep.csv
vision,medium,ConvNeXt-Base,88.6,Apple M4,mps,fp32,none,grid,,160.0,,,16.0,,3.0,short_sweep,0,short_measurement,0.14397679100511596,111.12902217296585,img/s,,,,,,342.8544921875,,,,,,,,0,PASS,convnext_base_vision_medium_mac_mps_sweep.csv
vision,medium,ConvNeXt-Base,88.6,Apple M4,mps,fp32,none,grid,,224.0,,,1.0,,1.0,short_sweep,0,short_measurement,0.023495417000958696,42.56149188410644,img/s,,,,,,338.62158203125,,,,,,,,0,PASS,convnext_base_vision_medium_mac_mps_sweep.csv
vision,medium,ConvNeXt-Base,88.6,Apple M4,mps,fp32,none,grid,,224.0,,,1.0,,2.0,short_sweep,0,short_measurement,0.023180959004093893,43.13885373868243,img/s,,,,,,338.62158203125,,,,,,,,0,PASS,convnext_base_vision_medium_mac_mps_sweep.csv
vision,medium,ConvNeXt-Base,88.6,Apple M4,mps,fp32,none,grid,,224.0,,,1.0,,3.0,short_sweep,0,short_measurement,0.023459749994799495,42.62620020339849,img/s,,,,,,338.62158203125,,,,,,,,0,PASS,convnext_base_vision_medium_mac_mps_sweep.csv
vision,medium,ConvNeXt-Base,88.6,Apple M4,mps,fp32,none,grid,,224.0,,,4.0,,1.0,short_sweep,0,short_measurement,0.06932920899998862,57.69573975668259,img/s,,,,,,341.183837890625,,,,,,,,0,PASS,convnext_base_vision_medium_mac_mps_sweep.csv
vision,medium,ConvNeXt-Base,88.6,Apple M4,mps,fp32,none,grid,,224.0,,,4.0,,2.0,short_sweep,0,short_measurement,0.06932574999518692,57.69861848270964,img/s,,,,,,341.183837890625,,,,,,,,0,PASS,convnext_base_vision_medium_mac_mps_sweep.csv
vision,medium,ConvNeXt-Base,88.6,Apple M4,mps,fp32,none,grid,,224.0,,,4.0,,3.0,short_sweep,0,short_measurement,0.0688072920020204,58.13337342040066,img/s,,,,,,341.183837890625,,,,,,,,0,PASS,convnext_base_vision_medium_mac_mps_sweep.csv
vision,medium,ConvNeXt-Base,88.6,Apple M4,mps,fp32,none,grid,,224.0,,,16.0,,1.0,short_sweep,0,short_measurement,0.2714841249980964,58.935306070335386,img/s,,,,,,347.3544921875,,,,,,,,0,PASS,convnext_base_vision_medium_mac_mps_sweep.csv
vision,medium,ConvNeXt-Base,88.6,Apple M4,mps,fp32,none,grid,,224.0,,,16.0,,2.0,short_sweep,0,short_measurement,0.27132366599107627,58.970160017394996,img/s,,,,,,347.3544921875,,,,,,,,0,PASS,convnext_base_vision_medium_mac_mps_sweep.csv
vision,medium,ConvNeXt-Base,88.6,Apple M4,mps,fp32,none,grid,,224.0,,,16.0,,3.0,short_sweep,0,short_measurement,0.27203945799556095,58.81499734594046,img/s,,,,,,347.3544921875,,,,,,,,0,PASS,convnext_base_vision_medium_mac_mps_sweep.csv
vision,medium,ConvNeXt-Base,88.6,Apple M4,mps,fp32,none,grid,,320.0,,,1.0,,1.0,short_sweep,0,short_measurement,0.038547792006284,25.94182307087736,img/s,,,,,,339.60986328125,,,,,,,,0,PASS,convnext_base_vision_medium_mac_mps_sweep.csv
vision,medium,ConvNeXt-Base,88.6,Apple M4,mps,fp32,none,grid,,320.0,,,1.0,,2.0,short_sweep,0,short_measurement,0.03880054199544247,25.772835856712014,img/s,,,,,,339.60986328125,,,,,,,,0,PASS,convnext_base_vision_medium_mac_mps_sweep.csv
vision,medium,ConvNeXt-Base,88.6,Apple M4,mps,fp32,none,grid,,320.0,,,1.0,,3.0,short_sweep,0,short_measurement,0.038595417005126365,25.909812034604442,img/s,,,,,,339.60986328125,,,,,,,,0,PASS,convnext_base_vision_medium_mac_mps_sweep.csv
vision,medium,ConvNeXt-Base,88.6,Apple M4,mps,fp32,none,grid,,320.0,,,4.0,,1.0,short_sweep,0,short_measurement,0.132528000001912,30.182301098200316,img/s,,,,,,342.808837890625,,,,,,,,0,PASS,convnext_base_vision_medium_mac_mps_sweep.csv
vision,medium,ConvNeXt-Base,88.6,Apple M4,mps,fp32,none,grid,,320.0,,,4.0,,2.0,short_sweep,0,short_measurement,0.13248387500061654,30.192353597608655,img/s,,,,,,342.808837890625,,,,,,,,0,PASS,convnext_base_vision_medium_mac_mps_sweep.csv
vision,medium,ConvNeXt-Base,88.6,Apple M4,mps,fp32,none,grid,,320.0,,,4.0,,3.0,short_sweep,0,short_measurement,0.13230462500359863,30.233259040575504,img/s,,,,,,342.808837890625,,,,,,,,0,PASS,convnext_base_vision_medium_mac_mps_sweep.csv
vision,medium,ConvNeXt-Base,88.6,Apple M4,mps,fp32,none,grid,,320.0,,,16.0,,1.0,short_sweep,0,short_measurement,0.5537782920000609,28.89242903006072,img/s,,,,,,357.1044921875,,,,,,,,0,PASS,convnext_base_vision_medium_mac_mps_sweep.csv
vision,medium,ConvNeXt-Base,88.6,Apple M4,mps,fp32,none,grid,,320.0,,,16.0,,2.0,short_sweep,0,short_measurement,0.552536457995302,28.957365199123277,img/s,,,,,,357.1044921875,,,,,,,,0,PASS,convnext_base_vision_medium_mac_mps_sweep.csv
vision,medium,ConvNeXt-Base,88.6,Apple M4,mps,fp32,none,grid,,320.0,,,16.0,,3.0,short_sweep,0,short_measurement,0.5595619170053396,28.59379724343771,img/s,,,,,,357.1044921875,,,,,,,,0,PASS,convnext_base_vision_medium_mac_mps_sweep.csv
vision,medium,ConvNeXt-Base,88.6,Apple M4,mps,fp16,none,grid,,160.0,,,1.0,,1.0,short_sweep,0,short_measurement,0.015229374999762513,65.66257643636682,img/s,,,,,,169.138916015625,,,,,,,,0,PASS,convnext_base_vision_medium_mac_mps_sweep.csv
vision,medium,ConvNeXt-Base,88.6,Apple M4,mps,fp16,none,grid,,160.0,,,1.0,,2.0,short_sweep,0,short_measurement,0.014320125002996065,69.83179265479731,img/s,,,,,,169.138916015625,,,,,,,,0,PASS,convnext_base_vision_medium_mac_mps_sweep.csv
vision,medium,ConvNeXt-Base,88.6,Apple M4,mps,fp16,none,grid,,160.0,,,1.0,,3.0,short_sweep,0,short_measurement,0.013486334006302059,74.14913493412723,img/s,,,,,,169.138916015625,,,,,,,,0,PASS,convnext_base_vision_medium_mac_mps_sweep.csv
vision,medium,ConvNeXt-Base,88.6,Apple M4,mps,fp16,none,grid,,160.0,,,4.0,,1.0,short_sweep,0,short_measurement,0.03739358299935702,106.97022534772289,img/s,,,,,,169.584228515625,,,,,,,,0,PASS,convnext_base_vision_medium_mac_mps_sweep.csv
vision,medium,ConvNeXt-Base,88.6,Apple M4,mps,fp16,none,grid,,160.0,,,4.0,,2.0,short_sweep,0,short_measurement,0.03767741599585861,106.16439302630701,img/s,,,,,,169.584228515625,,,,,,,,0,PASS,convnext_base_vision_medium_mac_mps_sweep.csv
vision,medium,ConvNeXt-Base,88.6,Apple M4,mps,fp16,none,grid,,160.0,,,4.0,,3.0,short_sweep,0,short_measurement,0.03721075000066776,107.49581773891198,img/s,,,,,,169.584228515625,,,,,,,,0,PASS,convnext_base_vision_medium_mac_mps_sweep.csv
vision,medium,ConvNeXt-Base,88.6,Apple M4,mps,fp16,none,grid,,160.0,,,16.0,,1.0,short_sweep,0,short_measurement,0.11090141598833725,144.27227873882703,img/s,,,,,,172.14599609375,,,,,,,,0,PASS,convnext_base_vision_medium_mac_mps_sweep.csv
vision,medium,ConvNeXt-Base,88.6,Apple M4,mps,fp16,none,grid,,160.0,,,16.0,,2.0,short_sweep,0,short_measurement,0.11033916698943358,145.00743875954953,img/s,,,,,,172.14599609375,,,,,,,,0,PASS,convnext_base_vision_medium_mac_mps_sweep.csv
vision,medium,ConvNeXt-Base,88.6,Apple M4,mps,fp16,none,grid,,160.0,,,16.0,,3.0,short_sweep,0,short_measurement,0.11129724999773316,143.75916745764948,img/s,,,,,,172.14599609375,,,,,,,,0,PASS,convnext_base_vision_medium_mac_mps_sweep.csv
vision,medium,ConvNeXt-Base,88.6,Apple M4,mps,fp16,none,grid,,224.0,,,1.0,,1.0,short_sweep,0,short_measurement,0.019969875007518567,50.07542609172589,img/s,,,,,,169.279541015625,,,,,,,,0,PASS,convnext_base_vision_medium_mac_mps_sweep.csv
vision,medium,ConvNeXt-Base,88.6,Apple M4,mps,fp16,none,grid,,224.0,,,1.0,,2.0,short_sweep,0,short_measurement,0.01987104199361056,50.324487277594464,img/s,,,,,,169.279541015625,,,,,,,,0,PASS,convnext_base_vision_medium_mac_mps_sweep.csv
vision,medium,ConvNeXt-Base,88.6,Apple M4,mps,fp16,none,grid,,224.0,,,1.0,,3.0,short_sweep,0,short_measurement,0.019943332998082042,50.14207003895339,img/s,,,,,,169.279541015625,,,,,,,,0,PASS,convnext_base_vision_medium_mac_mps_sweep.csv
vision,medium,ConvNeXt-Base,88.6,Apple M4,mps,fp16,none,grid,,224.0,,,4.0,,1.0,short_sweep,0,short_measurement,0.05834408299415372,68.55879456363748,img/s,,,,,,170.560791015625,,,,,,,,0,PASS,convnext_base_vision_medium_mac_mps_sweep.csv
vision,medium,ConvNeXt-Base,88.6,Apple M4,mps,fp16,none,grid,,224.0,,,4.0,,2.0,short_sweep,0,short_measurement,0.0585422500007553,68.3267212986927,img/s,,,,,,170.560791015625,,,,,,,,0,PASS,convnext_base_vision_medium_mac_mps_sweep.csv
vision,medium,ConvNeXt-Base,88.6,Apple M4,mps,fp16,none,grid,,224.0,,,4.0,,3.0,short_sweep,0,short_measurement,0.058123084003455006,68.81947282360703,img/s,,,,,,170.560791015625,,,,,,,,0,PASS,convnext_base_vision_medium_mac_mps_sweep.csv
vision,medium,ConvNeXt-Base,88.6,Apple M4,mps,fp16,none,grid,,224.0,,,16.0,,1.0,short_sweep,0,short_measurement,0.21956199999840464,72.87235496177051,img/s,,,,,,173.64599609375,,,,,,,,0,PASS,convnext_base_vision_medium_mac_mps_sweep.csv
vision,medium,ConvNeXt-Base,88.6,Apple M4,mps,fp16,none,grid,,224.0,,,16.0,,2.0,short_sweep,0,short_measurement,0.22072783300245646,72.48746015561136,img/s,,,,,,173.64599609375,,,,,,,,0,PASS,convnext_base_vision_medium_mac_mps_sweep.csv
vision,medium,ConvNeXt-Base,88.6,Apple M4,mps,fp16,none,grid,,224.0,,,16.0,,3.0,short_sweep,0,short_measurement,0.21952924999641255,72.88322626830578,img/s,,,,,,173.64599609375,,,,,,,,0,PASS,convnext_base_vision_medium_mac_mps_sweep.csv
vision,medium,ConvNeXt-Base,88.6,Apple M4,mps,fp16,none,grid,,320.0,,,1.0,,1.0,short_sweep,0,short_measurement,0.03298899999936111,30.313134681844453,img/s,,,,,,169.578369140625,,,,,,,,0,PASS,convnext_base_vision_medium_mac_mps_sweep.csv
vision,medium,ConvNeXt-Base,88.6,Apple M4,mps,fp16,none,grid,,320.0,,,1.0,,2.0,short_sweep,0,short_measurement,0.03272304199344944,30.559506056930214,img/s,,,,,,169.578369140625,,,,,,,,0,PASS,convnext_base_vision_medium_mac_mps_sweep.csv
vision,medium,ConvNeXt-Base,88.6,Apple M4,mps,fp16,none,grid,,320.0,,,1.0,,3.0,short_sweep,0,short_measurement,0.03262741600337904,30.649071317705197,img/s,,,,,,169.578369140625,,,,,,,,0,PASS,convnext_base_vision_medium_mac_mps_sweep.csv
vision,medium,ConvNeXt-Base,88.6,Apple M4,mps,fp16,none,grid,,320.0,,,4.0,,1.0,short_sweep,0,short_measurement,0.1118844589946093,35.7511671946568,img/s,,,,,,172.123291015625,,,,,,,,0,PASS,convnext_base_vision_medium_mac_mps_sweep.csv
vision,medium,ConvNeXt-Base,88.6,Apple M4,mps,fp16,none,grid,,320.0,,,4.0,,2.0,short_sweep,0,short_measurement,0.11108074999356177,36.009839690782066,img/s,,,,,,172.123291015625,,,,,,,,0,PASS,convnext_base_vision_medium_mac_mps_sweep.csv
vision,medium,ConvNeXt-Base,88.6,Apple M4,mps,fp16,none,grid,,320.0,,,4.0,,3.0,short_sweep,0,short_measurement,0.11116754100658,35.98172599466998,img/s,,,,,,172.123291015625,,,,,,,,0,PASS,convnext_base_vision_medium_mac_mps_sweep.csv
vision,medium,ConvNeXt-Base,88.6,Apple M4,mps,fp16,none,grid,,320.0,,,16.0,,1.0,short_sweep,0,short_measurement,0.4398439579963451,36.37653697207988,img/s,,,,,,178.52099609375,,,,,,,,0,PASS,convnext_base_vision_medium_mac_mps_sweep.csv
vision,medium,ConvNeXt-Base,88.6,Apple M4,mps,fp16,none,grid,,320.0,,,16.0,,2.0,short_sweep,0,short_measurement,0.43905087500752416,36.44224601471482,img/s,,,,,,178.52099609375,,,,,,,,0,PASS,convnext_base_vision_medium_mac_mps_sweep.csv
vision,medium,ConvNeXt-Base,88.6,Apple M4,mps,fp16,none,grid,,320.0,,,16.0,,3.0,short_sweep,0,short_measurement,0.440702666004654,36.30565738359076,img/s,,,,,,178.52099609375,,,,,,,,0,PASS,convnext_base_vision_medium_mac_mps_sweep.csv
vision,medium,ConvNeXt-Base,88.6,RTX 3050 Laptop,cuda,fp32,none,grid,,160.0,,,1.0,,1.0,short_sweep,0,short_measurement,0.010768999985884875,92.85913281741279,img/s,,,,,,346.37158203125,363.3994140625,,,,,,,0,PASS,convnext_base_vision_medium_msi_cuda_sweep.csv
vision,medium,ConvNeXt-Base,88.6,RTX 3050 Laptop,cuda,fp32,none,grid,,160.0,,,1.0,,2.0,short_sweep,0,short_measurement,0.010793400055263191,92.64921108083726,img/s,,,,,,346.37158203125,363.3994140625,,,,,,,0,PASS,convnext_base_vision_medium_msi_cuda_sweep.csv
vision,medium,ConvNeXt-Base,88.6,RTX 3050 Laptop,cuda,fp32,none,grid,,160.0,,,1.0,,3.0,short_sweep,0,short_measurement,0.01077440002700314,92.81259257998298,img/s,,,,,,346.37158203125,363.3994140625,,,,,,,0,PASS,convnext_base_vision_medium_msi_cuda_sweep.csv
vision,medium,ConvNeXt-Base,88.6,RTX 3050 Laptop,cuda,fp32,none,grid,,160.0,,,4.0,,1.0,short_sweep,0,short_measurement,0.026891499990597367,148.7458862985926,img/s,,,,,,348.09033203125,379.34033203125,,,,,,,0,PASS,convnext_base_vision_medium_msi_cuda_sweep.csv
vision,medium,ConvNeXt-Base,88.6,RTX 3050 Laptop,cuda,fp32,none,grid,,160.0,,,4.0,,2.0,short_sweep,0,short_measurement,0.0268318000016734,149.07684164873527,img/s,,,,,,348.09033203125,379.34033203125,,,,,,,0,PASS,convnext_base_vision_medium_msi_cuda_sweep.csv
vision,medium,ConvNeXt-Base,88.6,RTX 3050 Laptop,cuda,fp32,none,grid,,160.0,,,4.0,,3.0,short_sweep,0,short_measurement,0.027265300042927265,146.70661953847147,img/s,,,,,,348.09033203125,379.34033203125,,,,,,,0,PASS,convnext_base_vision_medium_msi_cuda_sweep.csv
vision,medium,ConvNeXt-Base,88.6,RTX 3050 Laptop,cuda,fp32,none,grid,,160.0,,,16.0,,1.0,short_sweep,0,short_measurement,0.09404200001154095,170.136747389852,img/s,,,,,,350.8232421875,475.8232421875,,,,,,,0,PASS,convnext_base_vision_medium_msi_cuda_sweep.csv
vision,medium,ConvNeXt-Base,88.6,RTX 3050 Laptop,cuda,fp32,none,grid,,160.0,,,16.0,,2.0,short_sweep,0,short_measurement,0.09403739997651428,170.14506998275132,img/s,,,,,,350.8232421875,475.8232421875,,,,,,,0,PASS,convnext_base_vision_medium_msi_cuda_sweep.csv
vision,medium,ConvNeXt-Base,88.6,RTX 3050 Laptop,cuda,fp32,none,grid,,160.0,,,16.0,,3.0,short_sweep,0,short_measurement,0.09395170002244413,170.30027126893668,img/s,,,,,,350.8232421875,475.8232421875,,,,,,,0,PASS,convnext_base_vision_medium_msi_cuda_sweep.csv
vision,medium,ConvNeXt-Base,88.6,RTX 3050 Laptop,cuda,fp32,none,grid,,224.0,,,1.0,,1.0,short_sweep,0,short_measurement,0.015898399986326694,62.899411315606784,img/s,,,,,,346.65283203125,364.3369140625,,,,,,,0,PASS,convnext_base_vision_medium_msi_cuda_sweep.csv
vision,medium,ConvNeXt-Base,88.6,RTX 3050 Laptop,cuda,fp32,none,grid,,224.0,,,1.0,,2.0,short_sweep,0,short_measurement,0.015998900053091347,62.50429696301387,img/s,,,,,,346.65283203125,364.3369140625,,,,,,,0,PASS,convnext_base_vision_medium_msi_cuda_sweep.csv
vision,medium,ConvNeXt-Base,88.6,RTX 3050 Laptop,cuda,fp32,none,grid,,224.0,,,1.0,,3.0,short_sweep,0,short_measurement,0.015995800029486418,62.516410442529605,img/s,,,,,,346.65283203125,364.3369140625,,,,,,,0,PASS,convnext_base_vision_medium_msi_cuda_sweep.csv
vision,medium,ConvNeXt-Base,88.6,RTX 3050 Laptop,cuda,fp32,none,grid,,224.0,,,4.0,,1.0,short_sweep,0,short_measurement,0.050553300010506064,79.12440927038816,img/s,,,,,,348.38720703125,409.63720703125,,,,,,,0,PASS,convnext_base_vision_medium_msi_cuda_sweep.csv
vision,medium,ConvNeXt-Base,88.6,RTX 3050 Laptop,cuda,fp32,none,grid,,224.0,,,4.0,,2.0,short_sweep,0,short_measurement,0.05076589999953285,78.79304809009213,img/s,,,,,,348.38720703125,409.63720703125,,,,,,,0,PASS,convnext_base_vision_medium_msi_cuda_sweep.csv
vision,medium,ConvNeXt-Base,88.6,RTX 3050 Laptop,cuda,fp32,none,grid,,224.0,,,4.0,,3.0,short_sweep,0,short_measurement,0.05055119999451563,79.1276962848353,img/s,,,,,,348.38720703125,409.63720703125,,,,,,,0,PASS,convnext_base_vision_medium_msi_cuda_sweep.csv
vision,medium,ConvNeXt-Base,88.6,RTX 3050 Laptop,cuda,fp32,none,grid,,224.0,,,16.0,,1.0,short_sweep,0,short_measurement,0.18784849997609854,85.17502137113583,img/s,,,,,,355.3232421875,600.3232421875,,,,,,,0,PASS,convnext_base_vision_medium_msi_cuda_sweep.csv
vision,medium,ConvNeXt-Base,88.6,RTX 3050 Laptop,cuda,fp32,none,grid,,224.0,,,16.0,,2.0,short_sweep,0,short_measurement,0.18323589995270595,87.3191334456276,img/s,,,,,,355.3232421875,600.3232421875,,,,,,,0,PASS,convnext_base_vision_medium_msi_cuda_sweep.csv
vision,medium,ConvNeXt-Base,88.6,RTX 3050 Laptop,cuda,fp32,none,grid,,224.0,,,16.0,,3.0,short_sweep,0,short_measurement,0.18315420002909377,87.35808404862364,img/s,,,,,,355.3232421875,600.3232421875,,,,,,,0,PASS,convnext_base_vision_medium_msi_cuda_sweep.csv
vision,medium,ConvNeXt-Base,88.6,RTX 3050 Laptop,cuda,fp32,none,grid,,320.0,,,1.0,,1.0,short_sweep,0,short_measurement,0.027567500015720725,36.274598691565686,img/s,,,,,,348.07861328125,379.32861328125,,,,,,,0,PASS,convnext_base_vision_medium_msi_cuda_sweep.csv
vision,medium,ConvNeXt-Base,88.6,RTX 3050 Laptop,cuda,fp32,none,grid,,320.0,,,1.0,,2.0,short_sweep,0,short_measurement,0.027450399997178465,36.42934165268217,img/s,,,,,,348.07861328125,379.32861328125,,,,,,,0,PASS,convnext_base_vision_medium_msi_cuda_sweep.csv
vision,medium,ConvNeXt-Base,88.6,RTX 3050 Laptop,cuda,fp32,none,grid,,320.0,,,1.0,,3.0,short_sweep,0,short_measurement,0.027481400000397116,36.3882480508835,img/s,,,,,,348.07861328125,379.32861328125,,,,,,,0,PASS,convnext_base_vision_medium_msi_cuda_sweep.csv
vision,medium,ConvNeXt-Base,88.6,RTX 3050 Laptop,cuda,fp32,none,grid,,320.0,,,4.0,,1.0,short_sweep,0,short_measurement,0.09545610001077875,41.90407946216456,img/s,,,,,,350.77783203125,475.77783203125,,,,,,,0,PASS,convnext_base_vision_medium_msi_cuda_sweep.csv
vision,medium,ConvNeXt-Base,88.6,RTX 3050 Laptop,cuda,fp32,none,grid,,320.0,,,4.0,,2.0,short_sweep,0,short_measurement,0.09630450000986457,41.53492307825985,img/s,,,,,,350.77783203125,475.77783203125,,,,,,,0,PASS,convnext_base_vision_medium_msi_cuda_sweep.csv
vision,medium,ConvNeXt-Base,88.6,RTX 3050 Laptop,cuda,fp32,none,grid,,320.0,,,4.0,,3.0,short_sweep,0,short_measurement,0.09567140002036467,41.80977804389355,img/s,,,,,,350.77783203125,475.77783203125,,,,,,,0,PASS,convnext_base_vision_medium_msi_cuda_sweep.csv
vision,medium,ConvNeXt-Base,88.6,RTX 3050 Laptop,cuda,fp32,none,grid,,320.0,,,16.0,,1.0,short_sweep,0,short_measurement,0.3832914000377059,41.743696828120896,img/s,,,,,,364.8857421875,864.8857421875,,,,,,,0,PASS,convnext_base_vision_medium_msi_cuda_sweep.csv
vision,medium,ConvNeXt-Base,88.6,RTX 3050 Laptop,cuda,fp32,none,grid,,320.0,,,16.0,,2.0,short_sweep,0,short_measurement,0.3786656999727711,42.25362899557715,img/s,,,,,,364.8857421875,864.8857421875,,,,,,,0,PASS,convnext_base_vision_medium_msi_cuda_sweep.csv
vision,medium,ConvNeXt-Base,88.6,RTX 3050 Laptop,cuda,fp32,none,grid,,320.0,,,16.0,,3.0,short_sweep,0,short_measurement,0.3852698000264354,41.52933865800578,img/s,,,,,,364.8857421875,864.8857421875,,,,,,,0,PASS,convnext_base_vision_medium_msi_cuda_sweep.csv
vision,medium,ConvNeXt-Base,88.6,RTX 3050 Laptop,cuda,fp16,none,grid,,160.0,,,1.0,,1.0,short_sweep,0,short_measurement,0.011832899996079504,84.5101370189321,img/s,,,,,,177.30078125,181.544921875,,,,,,,0,PASS,convnext_base_vision_medium_msi_cuda_sweep.csv
vision,medium,ConvNeXt-Base,88.6,RTX 3050 Laptop,cuda,fp16,none,grid,,160.0,,,1.0,,2.0,short_sweep,0,short_measurement,0.011430300015490502,87.48676750783322,img/s,,,,,,177.30078125,181.544921875,,,,,,,0,PASS,convnext_base_vision_medium_msi_cuda_sweep.csv
vision,medium,ConvNeXt-Base,88.6,RTX 3050 Laptop,cuda,fp16,none,grid,,160.0,,,1.0,,3.0,short_sweep,0,short_measurement,0.010008800018113106,99.91207719110002,img/s,,,,,,177.30078125,181.544921875,,,,,,,0,PASS,convnext_base_vision_medium_msi_cuda_sweep.csv
vision,medium,ConvNeXt-Base,88.6,RTX 3050 Laptop,cuda,fp16,none,grid,,160.0,,,4.0,,1.0,short_sweep,0,short_measurement,0.017387700034305453,230.04767692725952,img/s,,,,,,177.74609375,194.55859375,,,,,,,0,PASS,convnext_base_vision_medium_msi_cuda_sweep.csv
vision,medium,ConvNeXt-Base,88.6,RTX 3050 Laptop,cuda,fp16,none,grid,,160.0,,,4.0,,2.0,short_sweep,0,short_measurement,0.017380300036165863,230.1456241650941,img/s,,,,,,177.74609375,194.55859375,,,,,,,0,PASS,convnext_base_vision_medium_msi_cuda_sweep.csv
vision,medium,ConvNeXt-Base,88.6,RTX 3050 Laptop,cuda,fp16,none,grid,,160.0,,,4.0,,3.0,short_sweep,0,short_measurement,0.017423899960704148,229.5697294532876,img/s,,,,,,177.74609375,194.55859375,,,,,,,0,PASS,convnext_base_vision_medium_msi_cuda_sweep.csv
vision,medium,ConvNeXt-Base,88.6,RTX 3050 Laptop,cuda,fp16,none,grid,,160.0,,,16.0,,1.0,short_sweep,0,short_measurement,0.03706340002827346,431.6927207917933,img/s,,,,,,179.52685546875,244.02685546875,,,,,,,0,PASS,convnext_base_vision_medium_msi_cuda_sweep.csv
vision,medium,ConvNeXt-Base,88.6,RTX 3050 Laptop,cuda,fp16,none,grid,,160.0,,,16.0,,2.0,short_sweep,0,short_measurement,0.036993500019889325,432.50841340769864,img/s,,,,,,179.52685546875,244.02685546875,,,,,,,0,PASS,convnext_base_vision_medium_msi_cuda_sweep.csv
vision,medium,ConvNeXt-Base,88.6,RTX 3050 Laptop,cuda,fp16,none,grid,,160.0,,,16.0,,3.0,short_sweep,0,short_measurement,0.03705439995974302,431.7975737667555,img/s,,,,,,179.52685546875,244.02685546875,,,,,,,0,PASS,convnext_base_vision_medium_msi_cuda_sweep.csv
vision,medium,ConvNeXt-Base,88.6,RTX 3050 Laptop,cuda,fp16,none,grid,,224.0,,,1.0,,1.0,short_sweep,0,short_measurement,0.00844530004542321,118.40905528773172,img/s,,,,,,177.44140625,186.97265625,,,,,,,0,PASS,convnext_base_vision_medium_msi_cuda_sweep.csv
vision,medium,ConvNeXt-Base,88.6,RTX 3050 Laptop,cuda,fp16,none,grid,,224.0,,,1.0,,2.0,short_sweep,0,short_measurement,0.007751900004222989,129.00063203282187,img/s,,,,,,177.44140625,186.97265625,,,,,,,0,PASS,convnext_base_vision_medium_msi_cuda_sweep.csv
vision,medium,ConvNeXt-Base,88.6,RTX 3050 Laptop,cuda,fp16,none,grid,,224.0,,,1.0,,3.0,short_sweep,0,short_measurement,0.007811499992385507,128.01638622220827,img/s,,,,,,177.44140625,186.97265625,,,,,,,0,PASS,convnext_base_vision_medium_msi_cuda_sweep.csv
vision,medium,ConvNeXt-Base,88.6,RTX 3050 Laptop,cuda,fp16,none,grid,,224.0,,,4.0,,1.0,short_sweep,0,short_measurement,0.02202390000456944,181.6208754657483,img/s,,,,,,179.03515625,210.59765625,,,,,,,0,PASS,convnext_base_vision_medium_msi_cuda_sweep.csv
vision,medium,ConvNeXt-Base,88.6,RTX 3050 Laptop,cuda,fp16,none,grid,,224.0,,,4.0,,2.0,short_sweep,0,short_measurement,0.021934299962595105,182.36278371414912,img/s,,,,,,179.03515625,210.59765625,,,,,,,0,PASS,convnext_base_vision_medium_msi_cuda_sweep.csv
vision,medium,ConvNeXt-Base,88.6,RTX 3050 Laptop,cuda,fp16,none,grid,,224.0,,,4.0,,3.0,short_sweep,0,short_measurement,0.021861600049305707,182.96922416376538,img/s,,,,,,179.03515625,210.59765625,,,,,,,0,PASS,convnext_base_vision_medium_msi_cuda_sweep.csv
vision,medium,ConvNeXt-Base,88.6,RTX 3050 Laptop,cuda,fp16,none,grid,,224.0,,,16.0,,1.0,short_sweep,0,short_measurement,0.0686682999948971,233.00416642306564,img/s,,,,,,181.77685546875,306.27685546875,,,,,,,0,PASS,convnext_base_vision_medium_msi_cuda_sweep.csv
vision,medium,ConvNeXt-Base,88.6,RTX 3050 Laptop,cuda,fp16,none,grid,,224.0,,,16.0,,2.0,short_sweep,0,short_measurement,0.06852319999597967,233.49755996419808,img/s,,,,,,181.77685546875,306.27685546875,,,,,,,0,PASS,convnext_base_vision_medium_msi_cuda_sweep.csv
vision,medium,ConvNeXt-Base,88.6,RTX 3050 Laptop,cuda,fp16,none,grid,,224.0,,,16.0,,3.0,short_sweep,0,short_measurement,0.06864469998981804,233.08427311028026,img/s,,,,,,181.77685546875,306.27685546875,,,,,,,0,PASS,convnext_base_vision_medium_msi_cuda_sweep.csv
vision,medium,ConvNeXt-Base,88.6,RTX 3050 Laptop,cuda,fp16,none,grid,,320.0,,,1.0,,1.0,short_sweep,0,short_measurement,0.011208800016902387,89.2156161669441,img/s,,,,,,177.740234375,194.552734375,,,,,,,0,PASS,convnext_base_vision_medium_msi_cuda_sweep.csv
vision,medium,ConvNeXt-Base,88.6,RTX 3050 Laptop,cuda,fp16,none,grid,,320.0,,,1.0,,2.0,short_sweep,0,short_measurement,0.011286399967502803,88.60221176631376,img/s,,,,,,177.740234375,194.552734375,,,,,,,0,PASS,convnext_base_vision_medium_msi_cuda_sweep.csv
vision,medium,ConvNeXt-Base,88.6,RTX 3050 Laptop,cuda,fp16,none,grid,,320.0,,,1.0,,3.0,short_sweep,0,short_measurement,0.011294000025372952,88.5425887863833,img/s,,,,,,177.740234375,194.552734375,,,,,,,0,PASS,convnext_base_vision_medium_msi_cuda_sweep.csv
vision,medium,ConvNeXt-Base,88.6,RTX 3050 Laptop,cuda,fp16,none,grid,,320.0,,,4.0,,1.0,short_sweep,0,short_measurement,0.042055899975821376,95.11150640694089,img/s,,,,,,179.50390625,244.00390625,,,,,,,0,PASS,convnext_base_vision_medium_msi_cuda_sweep.csv
vision,medium,ConvNeXt-Base,88.6,RTX 3050 Laptop,cuda,fp16,none,grid,,320.0,,,4.0,,2.0,short_sweep,0,short_measurement,0.042285700037609786,94.59462646810427,img/s,,,,,,179.50390625,244.00390625,,,,,,,0,PASS,convnext_base_vision_medium_msi_cuda_sweep.csv
vision,medium,ConvNeXt-Base,88.6,RTX 3050 Laptop,cuda,fp16,none,grid,,320.0,,,4.0,,3.0,short_sweep,0,short_measurement,0.042301899986341596,94.55840048062893,img/s,,,,,,179.50390625,244.00390625,,,,,,,0,PASS,convnext_base_vision_medium_msi_cuda_sweep.csv
vision,medium,ConvNeXt-Base,88.6,RTX 3050 Laptop,cuda,fp16,none,grid,,320.0,,,16.0,,1.0,short_sweep,0,short_measurement,0.12973230000352487,123.33088983672744,img/s,,,,,,186.55810546875,438.55810546875,,,,,,,0,PASS,convnext_base_vision_medium_msi_cuda_sweep.csv
vision,medium,ConvNeXt-Base,88.6,RTX 3050 Laptop,cuda,fp16,none,grid,,320.0,,,16.0,,2.0,short_sweep,0,short_measurement,0.13229830004274845,120.93881776886062,img/s,,,,,,186.55810546875,438.55810546875,,,,,,,0,PASS,convnext_base_vision_medium_msi_cuda_sweep.csv
vision,medium,ConvNeXt-Base,88.6,RTX 3050 Laptop,cuda,fp16,none,grid,,320.0,,,16.0,,3.0,short_sweep,0,short_measurement,0.1317022000439465,121.48620140484446,img/s,,,,,,186.55810546875,438.55810546875,,,,,,,0,PASS,convnext_base_vision_medium_msi_cuda_sweep.csv
vision,medium,ConvNeXt-Base,88.6,Apple M4,cpu,fp32,none,grid,,224.0,,,1.0,4.0,1.0,cpu_batch_short,0,short_measurement,0.5782960420037853,1.7292181294117426,img/s,,,,,,,,,,,,,,0,PASS,convnext_base_vision_medium_mac_cpu_batch_sweep.csv
vision,medium,ConvNeXt-Base,88.6,Apple M4,cpu,fp32,none,grid,,224.0,,,1.0,4.0,2.0,cpu_batch_short,0,short_measurement,0.5525754159898497,1.8097077268786221,img/s,,,,,,,,,,,,,,0,PASS,convnext_base_vision_medium_mac_cpu_batch_sweep.csv
vision,medium,ConvNeXt-Base,88.6,Apple M4,cpu,fp32,none,grid,,224.0,,,1.0,4.0,3.0,cpu_batch_short,0,short_measurement,0.593048666996765,1.686202255649712,img/s,,,,,,,,,,,,,,0,PASS,convnext_base_vision_medium_mac_cpu_batch_sweep.csv
vision,medium,ConvNeXt-Base,88.6,Apple M4,cpu,fp32,none,grid,,224.0,,,2.0,4.0,1.0,cpu_batch_short,0,short_measurement,1.2775679170008516,1.5654745030660213,img/s,,,,,,,,,,,,,,0,PASS,convnext_base_vision_medium_mac_cpu_batch_sweep.csv
vision,medium,ConvNeXt-Base,88.6,Apple M4,cpu,fp32,none,grid,,224.0,,,2.0,4.0,2.0,cpu_batch_short,0,short_measurement,1.362764083998627,1.4676054523917252,img/s,,,,,,,,,,,,,,0,PASS,convnext_base_vision_medium_mac_cpu_batch_sweep.csv
vision,medium,ConvNeXt-Base,88.6,Apple M4,cpu,fp32,none,grid,,224.0,,,2.0,4.0,3.0,cpu_batch_short,0,short_measurement,1.2272147910116473,1.6297065637151518,img/s,,,,,,,,,,,,,,0,PASS,convnext_base_vision_medium_mac_cpu_batch_sweep.csv
vision,medium,ConvNeXt-Base,88.6,Apple M4,cpu,fp32,none,grid,,224.0,,,4.0,4.0,1.0,cpu_batch_short,0,short_measurement,1.2953293329919688,3.0880177713267307,img/s,,,,,,,,,,,,,,0,PASS,convnext_base_vision_medium_mac_cpu_batch_sweep.csv
vision,medium,ConvNeXt-Base,88.6,Apple M4,cpu,fp32,none,grid,,224.0,,,4.0,4.0,2.0,cpu_batch_short,0,short_measurement,1.2795810840034392,3.1260230789635908,img/s,,,,,,,,,,,,,,0,PASS,convnext_base_vision_medium_mac_cpu_batch_sweep.csv
vision,medium,ConvNeXt-Base,88.6,Apple M4,cpu,fp32,none,grid,,224.0,,,4.0,4.0,3.0,cpu_batch_short,0,short_measurement,1.271402999991551,3.1461306918629117,img/s,,,,,,,,,,,,,,0,PASS,convnext_base_vision_medium_mac_cpu_batch_sweep.csv
vision,medium,ConvNeXt-Base,88.6,Apple M4,cpu,fp32,none,grid,,224.0,,,8.0,4.0,1.0,cpu_batch_short,0,short_measurement,2.152402334002545,3.7167772370528103,img/s,,,,,,,,,,,,,,0,PASS,convnext_base_vision_medium_mac_cpu_batch_sweep.csv
vision,medium,ConvNeXt-Base,88.6,Apple M4,cpu,fp32,none,grid,,224.0,,,8.0,4.0,2.0,cpu_batch_short,0,short_measurement,2.263890125002945,3.533740401818129,img/s,,,,,,,,,,,,,,0,PASS,convnext_base_vision_medium_mac_cpu_batch_sweep.csv
vision,medium,ConvNeXt-Base,88.6,Apple M4,cpu,fp32,none,grid,,224.0,,,8.0,4.0,3.0,cpu_batch_short,0,short_measurement,2.1577810419985326,3.707512414044761,img/s,,,,,,,,,,,,,,0,PASS,convnext_base_vision_medium_mac_cpu_batch_sweep.csv
vision,medium,ConvNeXt-Base,88.6,Intel i7-11800H,cpu,fp32,none,grid,,224.0,,,1.0,16.0,1.0,cpu_batch_short,0,short_measurement,0.09675540000898764,10.335340455489924,img/s,,,,,,,,,,,,,,0,PASS,convnext_base_vision_medium_msi_cpu_batch_sweep.csv
vision,medium,ConvNeXt-Base,88.6,Intel i7-11800H,cpu,fp32,none,grid,,224.0,,,1.0,16.0,2.0,cpu_batch_short,0,short_measurement,0.12908570002764463,7.746791470982787,img/s,,,,,,,,,,,,,,0,PASS,convnext_base_vision_medium_msi_cpu_batch_sweep.csv
vision,medium,ConvNeXt-Base,88.6,Intel i7-11800H,cpu,fp32,none,grid,,224.0,,,1.0,16.0,3.0,cpu_batch_short,0,short_measurement,0.10350219998508692,9.661630382195593,img/s,,,,,,,,,,,,,,0,PASS,convnext_base_vision_medium_msi_cpu_batch_sweep.csv
vision,medium,ConvNeXt-Base,88.6,Intel i7-11800H,cpu,fp32,none,grid,,224.0,,,2.0,16.0,1.0,cpu_batch_short,0,short_measurement,0.23147179995430633,8.640361376179776,img/s,,,,,,,,,,,,,,0,PASS,convnext_base_vision_medium_msi_cpu_batch_sweep.csv
vision,medium,ConvNeXt-Base,88.6,Intel i7-11800H,cpu,fp32,none,grid,,224.0,,,2.0,16.0,2.0,cpu_batch_short,0,short_measurement,0.24506560002919286,8.161080134305895,img/s,,,,,,,,,,,,,,0,PASS,convnext_base_vision_medium_msi_cpu_batch_sweep.csv
vision,medium,ConvNeXt-Base,88.6,Intel i7-11800H,cpu,fp32,none,grid,,224.0,,,2.0,16.0,3.0,cpu_batch_short,0,short_measurement,0.21560220001265407,9.276343190758798,img/s,,,,,,,,,,,,,,0,PASS,convnext_base_vision_medium_msi_cpu_batch_sweep.csv
vision,medium,ConvNeXt-Base,88.6,Intel i7-11800H,cpu,fp32,none,grid,,224.0,,,4.0,16.0,1.0,cpu_batch_short,0,short_measurement,0.481959700002335,8.299449103276935,img/s,,,,,,,,,,,,,,0,PASS,convnext_base_vision_medium_msi_cpu_batch_sweep.csv
vision,medium,ConvNeXt-Base,88.6,Intel i7-11800H,cpu,fp32,none,grid,,224.0,,,4.0,16.0,2.0,cpu_batch_short,0,short_measurement,0.4361927999998443,9.170256822215837,img/s,,,,,,,,,,,,,,0,PASS,convnext_base_vision_medium_msi_cpu_batch_sweep.csv
vision,medium,ConvNeXt-Base,88.6,Intel i7-11800H,cpu,fp32,none,grid,,224.0,,,4.0,16.0,3.0,cpu_batch_short,0,short_measurement,0.41573569999309257,9.621497504463678,img/s,,,,,,,,,,,,,,0,PASS,convnext_base_vision_medium_msi_cpu_batch_sweep.csv
vision,medium,ConvNeXt-Base,88.6,Intel i7-11800H,cpu,fp32,none,grid,,224.0,,,8.0,16.0,1.0,cpu_batch_short,0,short_measurement,0.9934161999844946,8.05301946970954,img/s,,,,,,,,,,,,,,0,PASS,convnext_base_vision_medium_msi_cpu_batch_sweep.csv
vision,medium,ConvNeXt-Base,88.6,Intel i7-11800H,cpu,fp32,none,grid,,224.0,,,8.0,16.0,2.0,cpu_batch_short,0,short_measurement,1.0811658999882638,7.399419460128034,img/s,,,,,,,,,,,,,,0,PASS,convnext_base_vision_medium_msi_cpu_batch_sweep.csv
vision,medium,ConvNeXt-Base,88.6,Intel i7-11800H,cpu,fp32,none,grid,,224.0,,,8.0,16.0,3.0,cpu_batch_short,0,short_measurement,0.9726909000310116,8.224606603952953,img/s,,,,,,,,,,,,,,0,PASS,convnext_base_vision_medium_msi_cpu_batch_sweep.csv
vision,medium,ConvNeXt-Base,88.6,Apple M4,cpu,fp32,none,highres_single,,320.0,,,1.0,1.0,1.0,cpu_scaling_short,0,short_measurement,1.5937462090078043,0.6274524728893666,img/s,,,,,,,,,,,,,,0,PASS,convnext_base_vision_medium_mac_cpu_scaling.csv
vision,medium,ConvNeXt-Base,88.6,Apple M4,cpu,fp32,none,highres_single,,320.0,,,1.0,1.0,2.0,cpu_scaling_short,0,short_measurement,1.587080875004176,0.6300876128933056,img/s,,,,,,,,,,,,,,0,PASS,convnext_base_vision_medium_mac_cpu_scaling.csv
vision,medium,ConvNeXt-Base,88.6,Apple M4,cpu,fp32,none,highres_single,,320.0,,,1.0,1.0,3.0,cpu_scaling_short,0,short_measurement,1.572043833002681,0.6361145783638558,img/s,,,,,,,,,,,,,,0,PASS,convnext_base_vision_medium_mac_cpu_scaling.csv
vision,medium,ConvNeXt-Base,88.6,Apple M4,cpu,fp32,none,highres_single,,320.0,,,1.0,2.0,1.0,cpu_scaling_short,0,short_measurement,1.0631530419923365,0.9405983527319939,img/s,,,,,,,,,,,,,,0,PASS,convnext_base_vision_medium_mac_cpu_scaling.csv
vision,medium,ConvNeXt-Base,88.6,Apple M4,cpu,fp32,none,highres_single,,320.0,,,1.0,2.0,2.0,cpu_scaling_short,0,short_measurement,1.0341511250007898,0.966976659237533,img/s,,,,,,,,,,,,,,0,PASS,convnext_base_vision_medium_mac_cpu_scaling.csv
vision,medium,ConvNeXt-Base,88.6,Apple M4,cpu,fp32,none,highres_single,,320.0,,,1.0,2.0,3.0,cpu_scaling_short,0,short_measurement,1.0324581669992767,0.9685622449056578,img/s,,,,,,,,,,,,,,0,PASS,convnext_base_vision_medium_mac_cpu_scaling.csv
vision,medium,ConvNeXt-Base,88.6,Apple M4,cpu,fp32,none,highres_single,,320.0,,,1.0,4.0,1.0,cpu_scaling_short,0,short_measurement,0.7436239999951795,1.344765634253981,img/s,,,,,,,,,,,,,,0,PASS,convnext_base_vision_medium_mac_cpu_scaling.csv
vision,medium,ConvNeXt-Base,88.6,Apple M4,cpu,fp32,none,highres_single,,320.0,,,1.0,4.0,2.0,cpu_scaling_short,0,short_measurement,0.8225301659986144,1.2157608818953451,img/s,,,,,,,,,,,,,,0,PASS,convnext_base_vision_medium_mac_cpu_scaling.csv
vision,medium,ConvNeXt-Base,88.6,Apple M4,cpu,fp32,none,highres_single,,320.0,,,1.0,4.0,3.0,cpu_scaling_short,0,short_measurement,0.8224777089926647,1.2158384222044838,img/s,,,,,,,,,,,,,,0,PASS,convnext_base_vision_medium_mac_cpu_scaling.csv
vision,medium,ConvNeXt-Base,88.6,Apple M4,cpu,fp32,none,highres_single,,320.0,,,1.0,6.0,1.0,cpu_scaling_short,0,short_measurement,0.9852289580012439,1.014992496798635,img/s,,,,,,,,,,,,,,0,PASS,convnext_base_vision_medium_mac_cpu_scaling.csv
vision,medium,ConvNeXt-Base,88.6,Apple M4,cpu,fp32,none,highres_single,,320.0,,,1.0,6.0,2.0,cpu_scaling_short,0,short_measurement,0.9872387089999393,1.0129262465943902,img/s,,,,,,,,,,,,,,0,PASS,convnext_base_vision_medium_mac_cpu_scaling.csv
vision,medium,ConvNeXt-Base,88.6,Apple M4,cpu,fp32,none,highres_single,,320.0,,,1.0,6.0,3.0,cpu_scaling_short,0,short_measurement,0.9819247499981429,1.018407978821077,img/s,,,,,,,,,,,,,,0,PASS,convnext_base_vision_medium_mac_cpu_scaling.csv
vision,medium,ConvNeXt-Base,88.6,Apple M4,cpu,fp32,none,highres_single,,320.0,,,1.0,8.0,1.0,cpu_scaling_short,0,short_measurement,0.8666982919967268,1.1538040506531617,img/s,,,,,,,,,,,,,,0,PASS,convnext_base_vision_medium_mac_cpu_scaling.csv
vision,medium,ConvNeXt-Base,88.6,Apple M4,cpu,fp32,none,highres_single,,320.0,,,1.0,8.0,2.0,cpu_scaling_short,0,short_measurement,0.8679445830057375,1.1521472909444836,img/s,,,,,,,,,,,,,,0,PASS,convnext_base_vision_medium_mac_cpu_scaling.csv
vision,medium,ConvNeXt-Base,88.6,Apple M4,cpu,fp32,none,highres_single,,320.0,,,1.0,8.0,3.0,cpu_scaling_short,0,short_measurement,0.870777125004679,1.1483994828121222,img/s,,,,,,,,,,,,,,0,PASS,convnext_base_vision_medium_mac_cpu_scaling.csv
vision,medium,ConvNeXt-Base,88.6,Apple M4,cpu,fp32,none,highres_single,,320.0,,,1.0,10.0,1.0,cpu_scaling_short,0,short_measurement,0.9247307080077007,1.0813959040621288,img/s,,,,,,,,,,,,,,0,PASS,convnext_base_vision_medium_mac_cpu_scaling.csv
vision,medium,ConvNeXt-Base,88.6,Apple M4,cpu,fp32,none,highres_single,,320.0,,,1.0,10.0,2.0,cpu_scaling_short,0,short_measurement,0.9271848330099601,1.0785336045172966,img/s,,,,,,,,,,,,,,0,PASS,convnext_base_vision_medium_mac_cpu_scaling.csv
vision,medium,ConvNeXt-Base,88.6,Apple M4,cpu,fp32,none,highres_single,,320.0,,,1.0,10.0,3.0,cpu_scaling_short,0,short_measurement,0.9417169170046691,1.061890236803553,img/s,,,,,,,,,,,,,,0,PASS,convnext_base_vision_medium_mac_cpu_scaling.csv
vision,medium,ConvNeXt-Base,88.6,Apple M4,cpu,fp32,none,batch_workload,,224.0,,,8.0,1.0,1.0,cpu_scaling_short,0,short_measurement,5.879630916999304,1.3606296233442552,img/s,,,,,,,,,,,,,,0,PASS,convnext_base_vision_medium_mac_cpu_scaling.csv
vision,medium,ConvNeXt-Base,88.6,Apple M4,cpu,fp32,none,batch_workload,,224.0,,,8.0,1.0,2.0,cpu_scaling_short,0,short_measurement,5.819683624999016,1.3746451723999606,img/s,,,,,,,,,,,,,,0,PASS,convnext_base_vision_medium_mac_cpu_scaling.csv
vision,medium,ConvNeXt-Base,88.6,Apple M4,cpu,fp32,none,batch_workload,,224.0,,,8.0,1.0,3.0,cpu_scaling_short,0,short_measurement,5.769718208000995,1.3865495179480731,img/s,,,,,,,,,,,,,,0,PASS,convnext_base_vision_medium_mac_cpu_scaling.csv
vision,medium,ConvNeXt-Base,88.6,Apple M4,cpu,fp32,none,batch_workload,,224.0,,,8.0,2.0,1.0,cpu_scaling_short,0,short_measurement,3.4120228750107344,2.34465016591509,img/s,,,,,,,,,,,,,,0,PASS,convnext_base_vision_medium_mac_cpu_scaling.csv
vision,medium,ConvNeXt-Base,88.6,Apple M4,cpu,fp32,none,batch_workload,,224.0,,,8.0,2.0,2.0,cpu_scaling_short,0,short_measurement,3.4943813330028206,2.2893895192386955,img/s,,,,,,,,,,,,,,0,PASS,convnext_base_vision_medium_mac_cpu_scaling.csv
vision,medium,ConvNeXt-Base,88.6,Apple M4,cpu,fp32,none,batch_workload,,224.0,,,8.0,2.0,3.0,cpu_scaling_short,0,short_measurement,3.55825062499207,2.2482958181220947,img/s,,,,,,,,,,,,,,0,PASS,convnext_base_vision_medium_mac_cpu_scaling.csv
vision,medium,ConvNeXt-Base,88.6,Apple M4,cpu,fp32,none,batch_workload,,224.0,,,8.0,4.0,1.0,cpu_scaling_short,0,short_measurement,2.143614249987877,3.732014750342905,img/s,,,,,,,,,,,,,,0,PASS,convnext_base_vision_medium_mac_cpu_scaling.csv
vision,medium,ConvNeXt-Base,88.6,Apple M4,cpu,fp32,none,batch_workload,,224.0,,,8.0,4.0,2.0,cpu_scaling_short,0,short_measurement,2.1395205420121783,3.739155499052209,img/s,,,,,,,,,,,,,,0,PASS,convnext_base_vision_medium_mac_cpu_scaling.csv
vision,medium,ConvNeXt-Base,88.6,Apple M4,cpu,fp32,none,batch_workload,,224.0,,,8.0,4.0,3.0,cpu_scaling_short,0,short_measurement,2.1716022919863462,3.683915802410794,img/s,,,,,,,,,,,,,,0,PASS,convnext_base_vision_medium_mac_cpu_scaling.csv
vision,medium,ConvNeXt-Base,88.6,Apple M4,cpu,fp32,none,batch_workload,,224.0,,,8.0,6.0,1.0,cpu_scaling_short,0,short_measurement,2.4653123329917435,3.2450249377902223,img/s,,,,,,,,,,,,,,0,PASS,convnext_base_vision_medium_mac_cpu_scaling.csv
vision,medium,ConvNeXt-Base,88.6,Apple M4,cpu,fp32,none,batch_workload,,224.0,,,8.0,6.0,2.0,cpu_scaling_short,0,short_measurement,2.4652242500014836,3.245140883226013,img/s,,,,,,,,,,,,,,0,PASS,convnext_base_vision_medium_mac_cpu_scaling.csv
vision,medium,ConvNeXt-Base,88.6,Apple M4,cpu,fp32,none,batch_workload,,224.0,,,8.0,6.0,3.0,cpu_scaling_short,0,short_measurement,2.459789708998869,3.25231054131696,img/s,,,,,,,,,,,,,,0,PASS,convnext_base_vision_medium_mac_cpu_scaling.csv
vision,medium,ConvNeXt-Base,88.6,Apple M4,cpu,fp32,none,batch_workload,,224.0,,,8.0,8.0,1.0,cpu_scaling_short,0,short_measurement,2.3862960410042433,3.352475913522154,img/s,,,,,,,,,,,,,,0,PASS,convnext_base_vision_medium_mac_cpu_scaling.csv
vision,medium,ConvNeXt-Base,88.6,Apple M4,cpu,fp32,none,batch_workload,,224.0,,,8.0,8.0,2.0,cpu_scaling_short,0,short_measurement,2.511474665996502,3.1853795335123407,img/s,,,,,,,,,,,,,,0,PASS,convnext_base_vision_medium_mac_cpu_scaling.csv
vision,medium,ConvNeXt-Base,88.6,Apple M4,cpu,fp32,none,batch_workload,,224.0,,,8.0,8.0,3.0,cpu_scaling_short,0,short_measurement,2.41173887498735,3.31710869819684,img/s,,,,,,,,,,,,,,0,PASS,convnext_base_vision_medium_mac_cpu_scaling.csv
vision,medium,ConvNeXt-Base,88.6,Apple M4,cpu,fp32,none,batch_workload,,224.0,,,8.0,10.0,1.0,cpu_scaling_short,0,short_measurement,2.6781057920015883,2.987185952060872,img/s,,,,,,,,,,,,,,0,PASS,convnext_base_vision_medium_mac_cpu_scaling.csv
vision,medium,ConvNeXt-Base,88.6,Apple M4,cpu,fp32,none,batch_workload,,224.0,,,8.0,10.0,2.0,cpu_scaling_short,0,short_measurement,2.5124937090004096,3.1840875745646278,img/s,,,,,,,,,,,,,,0,PASS,convnext_base_vision_medium_mac_cpu_scaling.csv
vision,medium,ConvNeXt-Base,88.6,Apple M4,cpu,fp32,none,batch_workload,,224.0,,,8.0,10.0,3.0,cpu_scaling_short,0,short_measurement,2.518178291997174,3.176899755439945,img/s,,,,,,,,,,,,,,0,PASS,convnext_base_vision_medium_mac_cpu_scaling.csv
vision,medium,ConvNeXt-Base,88.6,Intel i7-11800H,cpu,fp32,none,highres_single,,320.0,,,1.0,1.0,1.0,cpu_scaling_short,0,short_measurement,0.6922220999840647,1.4446230480405358,img/s,,,,,,,,,,,,,,0,PASS,convnext_base_vision_medium_msi_cpu_scaling.csv
vision,medium,ConvNeXt-Base,88.6,Intel i7-11800H,cpu,fp32,none,highres_single,,320.0,,,1.0,1.0,2.0,cpu_scaling_short,0,short_measurement,0.6931144999689423,1.4427630644645422,img/s,,,,,,,,,,,,,,0,PASS,convnext_base_vision_medium_msi_cpu_scaling.csv
vision,medium,ConvNeXt-Base,88.6,Intel i7-11800H,cpu,fp32,none,highres_single,,320.0,,,1.0,1.0,3.0,cpu_scaling_short,0,short_measurement,0.6854641000390984,1.4588656064452692,img/s,,,,,,,,,,,,,,0,PASS,convnext_base_vision_medium_msi_cpu_scaling.csv
vision,medium,ConvNeXt-Base,88.6,Intel i7-11800H,cpu,fp32,none,highres_single,,320.0,,,1.0,2.0,1.0,cpu_scaling_short,0,short_measurement,0.41985749994637445,2.38176047856171,img/s,,,,,,,,,,,,,,0,PASS,convnext_base_vision_medium_msi_cpu_scaling.csv
vision,medium,ConvNeXt-Base,88.6,Intel i7-11800H,cpu,fp32,none,highres_single,,320.0,,,1.0,2.0,2.0,cpu_scaling_short,0,short_measurement,0.41517480002949014,2.408624029996448,img/s,,,,,,,,,,,,,,0,PASS,convnext_base_vision_medium_msi_cpu_scaling.csv
vision,medium,ConvNeXt-Base,88.6,Intel i7-11800H,cpu,fp32,none,highres_single,,320.0,,,1.0,2.0,3.0,cpu_scaling_short,0,short_measurement,0.3768691000295803,2.6534412078929006,img/s,,,,,,,,,,,,,,0,PASS,convnext_base_vision_medium_msi_cpu_scaling.csv
vision,medium,ConvNeXt-Base,88.6,Intel i7-11800H,cpu,fp32,none,highres_single,,320.0,,,1.0,4.0,1.0,cpu_scaling_short,0,short_measurement,0.23855599999660626,4.191887858675641,img/s,,,,,,,,,,,,,,0,PASS,convnext_base_vision_medium_msi_cpu_scaling.csv
vision,medium,ConvNeXt-Base,88.6,Intel i7-11800H,cpu,fp32,none,highres_single,,320.0,,,1.0,4.0,2.0,cpu_scaling_short,0,short_measurement,0.2307841000147164,4.3330541399352605,img/s,,,,,,,,,,,,,,0,PASS,convnext_base_vision_medium_msi_cpu_scaling.csv
vision,medium,ConvNeXt-Base,88.6,Intel i7-11800H,cpu,fp32,none,highres_single,,320.0,,,1.0,4.0,3.0,cpu_scaling_short,0,short_measurement,0.22726969997165725,4.400058609329399,img/s,,,,,,,,,,,,,,0,PASS,convnext_base_vision_medium_msi_cpu_scaling.csv
vision,medium,ConvNeXt-Base,88.6,Intel i7-11800H,cpu,fp32,none,highres_single,,320.0,,,1.0,8.0,1.0,cpu_scaling_short,0,short_measurement,0.21630519995233044,4.623097365298573,img/s,,,,,,,,,,,,,,0,PASS,convnext_base_vision_medium_msi_cpu_scaling.csv
vision,medium,ConvNeXt-Base,88.6,Intel i7-11800H,cpu,fp32,none,highres_single,,320.0,,,1.0,8.0,2.0,cpu_scaling_short,0,short_measurement,0.2856008000089787,3.5013907522967798,img/s,,,,,,,,,,,,,,0,PASS,convnext_base_vision_medium_msi_cpu_scaling.csv
vision,medium,ConvNeXt-Base,88.6,Intel i7-11800H,cpu,fp32,none,highres_single,,320.0,,,1.0,8.0,3.0,cpu_scaling_short,0,short_measurement,0.24419989995658398,4.095005772638682,img/s,,,,,,,,,,,,,,0,PASS,convnext_base_vision_medium_msi_cpu_scaling.csv
vision,medium,ConvNeXt-Base,88.6,Intel i7-11800H,cpu,fp32,none,highres_single,,320.0,,,1.0,16.0,1.0,cpu_scaling_short,0,short_measurement,0.20767149998573586,4.815297236590895,img/s,,,,,,,,,,,,,,0,PASS,convnext_base_vision_medium_msi_cpu_scaling.csv
vision,medium,ConvNeXt-Base,88.6,Intel i7-11800H,cpu,fp32,none,highres_single,,320.0,,,1.0,16.0,2.0,cpu_scaling_short,0,short_measurement,0.18263589998241514,5.47537477624215,img/s,,,,,,,,,,,,,,0,PASS,convnext_base_vision_medium_msi_cpu_scaling.csv
vision,medium,ConvNeXt-Base,88.6,Intel i7-11800H,cpu,fp32,none,highres_single,,320.0,,,1.0,16.0,3.0,cpu_scaling_short,0,short_measurement,0.18229620001511648,5.485577866774389,img/s,,,,,,,,,,,,,,0,PASS,convnext_base_vision_medium_msi_cpu_scaling.csv
vision,medium,ConvNeXt-Base,88.6,Intel i7-11800H,cpu,fp32,none,batched_load,,224.0,,,4.0,1.0,1.0,cpu_scaling_short,0,short_measurement,1.460467399971094,2.7388492205160957,img/s,,,,,,,,,,,,,,0,PASS,convnext_base_vision_medium_msi_cpu_scaling.csv
vision,medium,ConvNeXt-Base,88.6,Intel i7-11800H,cpu,fp32,none,batched_load,,224.0,,,4.0,1.0,2.0,cpu_scaling_short,0,short_measurement,1.4563775000278838,2.746540646174097,img/s,,,,,,,,,,,,,,0,PASS,convnext_base_vision_medium_msi_cpu_scaling.csv
vision,medium,ConvNeXt-Base,88.6,Intel i7-11800H,cpu,fp32,none,batched_load,,224.0,,,4.0,1.0,3.0,cpu_scaling_short,0,short_measurement,1.4592382999835536,2.7411561223722556,img/s,,,,,,,,,,,,,,0,PASS,convnext_base_vision_medium_msi_cpu_scaling.csv
vision,medium,ConvNeXt-Base,88.6,Intel i7-11800H,cpu,fp32,none,batched_load,,224.0,,,4.0,2.0,1.0,cpu_scaling_short,0,short_measurement,0.8373816999956034,4.776794143006709,img/s,,,,,,,,,,,,,,0,PASS,convnext_base_vision_medium_msi_cpu_scaling.csv
vision,medium,ConvNeXt-Base,88.6,Intel i7-11800H,cpu,fp32,none,batched_load,,224.0,,,4.0,2.0,2.0,cpu_scaling_short,0,short_measurement,0.8325329000363126,4.804614928521782,img/s,,,,,,,,,,,,,,0,PASS,convnext_base_vision_medium_msi_cpu_scaling.csv
vision,medium,ConvNeXt-Base,88.6,Intel i7-11800H,cpu,fp32,none,batched_load,,224.0,,,4.0,2.0,3.0,cpu_scaling_short,0,short_measurement,0.7949536999803968,5.03173958445459,img/s,,,,,,,,,,,,,,0,PASS,convnext_base_vision_medium_msi_cpu_scaling.csv
vision,medium,ConvNeXt-Base,88.6,Intel i7-11800H,cpu,fp32,none,batched_load,,224.0,,,4.0,4.0,1.0,cpu_scaling_short,0,short_measurement,0.5304034000146203,7.541429787006913,img/s,,,,,,,,,,,,,,0,PASS,convnext_base_vision_medium_msi_cpu_scaling.csv
vision,medium,ConvNeXt-Base,88.6,Intel i7-11800H,cpu,fp32,none,batched_load,,224.0,,,4.0,4.0,2.0,cpu_scaling_short,0,short_measurement,0.538635200005956,7.426176380518336,img/s,,,,,,,,,,,,,,0,PASS,convnext_base_vision_medium_msi_cpu_scaling.csv
vision,medium,ConvNeXt-Base,88.6,Intel i7-11800H,cpu,fp32,none,batched_load,,224.0,,,4.0,4.0,3.0,cpu_scaling_short,0,short_measurement,0.47964829998090863,8.33944371356932,img/s,,,,,,,,,,,,,,0,PASS,convnext_base_vision_medium_msi_cpu_scaling.csv
vision,medium,ConvNeXt-Base,88.6,Intel i7-11800H,cpu,fp32,none,batched_load,,224.0,,,4.0,8.0,1.0,cpu_scaling_short,0,short_measurement,0.33034550002776086,12.10853485112967,img/s,,,,,,,,,,,,,,0,PASS,convnext_base_vision_medium_msi_cpu_scaling.csv
vision,medium,ConvNeXt-Base,88.6,Intel i7-11800H,cpu,fp32,none,batched_load,,224.0,,,4.0,8.0,2.0,cpu_scaling_short,0,short_measurement,0.40340010001091287,9.915713952207229,img/s,,,,,,,,,,,,,,0,PASS,convnext_base_vision_medium_msi_cpu_scaling.csv
vision,medium,ConvNeXt-Base,88.6,Intel i7-11800H,cpu,fp32,none,batched_load,,224.0,,,4.0,8.0,3.0,cpu_scaling_short,0,short_measurement,0.4543618999887258,8.803555051819382,img/s,,,,,,,,,,,,,,0,PASS,convnext_base_vision_medium_msi_cpu_scaling.csv
vision,medium,ConvNeXt-Base,88.6,Intel i7-11800H,cpu,fp32,none,batched_load,,224.0,,,4.0,16.0,1.0,cpu_scaling_short,0,short_measurement,0.355774299998302,11.243083044556874,img/s,,,,,,,,,,,,,,0,PASS,convnext_base_vision_medium_msi_cpu_scaling.csv
vision,medium,ConvNeXt-Base,88.6,Intel i7-11800H,cpu,fp32,none,batched_load,,224.0,,,4.0,16.0,2.0,cpu_scaling_short,0,short_measurement,0.4199726000078954,9.524430879359274,img/s,,,,,,,,,,,,,,0,PASS,convnext_base_vision_medium_msi_cpu_scaling.csv
vision,medium,ConvNeXt-Base,88.6,Intel i7-11800H,cpu,fp32,none,batched_load,,224.0,,,4.0,16.0,3.0,cpu_scaling_short,0,short_measurement,0.49680299998726696,8.051481170811206,img/s,,,,,,,,,,,,,,0,PASS,convnext_base_vision_medium_msi_cpu_scaling.csv
vision,medium,ConvNeXt-Base,88.6,Apple M4,cpu,fp32,none,highres_single,,320.0,,,1.0,1.0,1.0,sustained_power,1,power_monitored_or_summary,1.5763836249971064,0.634363351751916,img/s,5.460666666666667,,8.608105514900865,8.608105514900865,,,,,,,,,combined_soc,0,PASS,convnext_base_vision_medium_mac_cpu_power.csv
vision,medium,ConvNeXt-Base,88.6,Apple M4,cpu,fp32,none,highres_single,,320.0,,,1.0,1.0,2.0,sustained_power,1,power_monitored_or_summary,1.580727749998914,0.6326200068295675,img/s,5.821666666666666,,9.202470051243678,9.202470051243678,,,,,,,,,combined_soc,0,PASS,convnext_base_vision_medium_mac_cpu_power.csv
vision,medium,ConvNeXt-Base,88.6,Apple M4,cpu,fp32,none,highres_single,,320.0,,,1.0,1.0,3.0,sustained_power,1,power_monitored_or_summary,1.5692712909949478,0.637238446748096,img/s,5.493333333333333,,8.62053029186558,8.62053029186558,,,,,,,,,combined_soc,0,PASS,convnext_base_vision_medium_mac_cpu_power.csv
vision,medium,ConvNeXt-Base,88.6,Apple M4,cpu,fp32,none,highres_single,,320.0,,,1.0,4.0,1.0,sustained_power,1,power_monitored_or_summary,0.7452196249942062,1.3418862929271014,img/s,13.451,,10.02394917579707,10.02394917579707,,,,,,,,,combined_soc,0,PASS,convnext_base_vision_medium_mac_cpu_power.csv
vision,medium,ConvNeXt-Base,88.6,Apple M4,cpu,fp32,none,highres_single,,320.0,,,1.0,4.0,2.0,sustained_power,1,power_monitored_or_summary,0.7443764579948038,1.3434062687766795,img/s,13.416,,9.986554560458288,9.986554560458288,,,,,,,,,combined_soc,0,PASS,convnext_base_vision_medium_mac_cpu_power.csv
vision,medium,ConvNeXt-Base,88.6,Apple M4,cpu,fp32,none,highres_single,,320.0,,,1.0,4.0,3.0,sustained_power,1,power_monitored_or_summary,0.7470262499991804,1.3386410450785324,img/s,13.456,,10.051985219988971,10.051985219988971,,,,,,,,,combined_soc,0,PASS,convnext_base_vision_medium_mac_cpu_power.csv
vision,medium,ConvNeXt-Base,88.6,Apple M4,cpu,fp32,none,highres_single,,320.0,,,1.0,10.0,1.0,sustained_power,1,power_monitored_or_summary,1.0394442079996224,0.9620525972475891,img/s,12.458,,12.949395943259297,12.949395943259297,,,,,,,,,combined_soc,0,PASS,convnext_base_vision_medium_mac_cpu_power.csv
vision,medium,ConvNeXt-Base,88.6,Apple M4,cpu,fp32,none,highres_single,,320.0,,,1.0,10.0,2.0,sustained_power,1,power_monitored_or_summary,0.9614726669969968,1.0400711682458297,img/s,12.271,,11.79823109672015,11.79823109672015,,,,,,,,,combined_soc,0,PASS,convnext_base_vision_medium_mac_cpu_power.csv
vision,medium,ConvNeXt-Base,88.6,Apple M4,cpu,fp32,none,highres_single,,320.0,,,1.0,10.0,3.0,sustained_power,1,power_monitored_or_summary,1.0565124160057167,0.946510409958674,img/s,12.0545,,12.735728918740913,12.735728918740913,,,,,,,,,combined_soc,0,PASS,convnext_base_vision_medium_mac_cpu_power.csv
vision,medium,ConvNeXt-Base,88.6,Apple M4,cpu,fp32,none,batch_workload,,224.0,,,8.0,1.0,1.0,sustained_power,1,power_monitored_or_summary,5.817054166996968,1.3752665473510572,img/s,5.797090909090909,,33.721991829187516,4.2152489786484395,,,,,,,,,combined_soc,0,PASS,convnext_base_vision_medium_mac_cpu_power.csv
vision,medium,ConvNeXt-Base,88.6,Apple M4,cpu,fp32,none,batch_workload,,224.0,,,8.0,1.0,2.0,sustained_power,1,power_monitored_or_summary,5.897792166011641,1.3564397955735306,img/s,6.225727272727273,,36.71804553681593,4.589755692101991,,,,,,,,,combined_soc,0,PASS,convnext_base_vision_medium_mac_cpu_power.csv
vision,medium,ConvNeXt-Base,88.6,Apple M4,cpu,fp32,none,batch_workload,,224.0,,,8.0,1.0,3.0,sustained_power,1,power_monitored_or_summary,6.134471749988734,1.3041057691747773,img/s,6.92,,42.45054450992204,5.306318063740255,,,,,,,,,combined_soc,0,PASS,convnext_base_vision_medium_mac_cpu_power.csv
vision,medium,ConvNeXt-Base,88.6,Apple M4,cpu,fp32,none,batch_workload,,224.0,,,8.0,4.0,1.0,sustained_power,1,power_monitored_or_summary,2.379180832998827,3.3625018699887717,img/s,14.32925,,34.091876951248445,4.261484618906056,,,,,,,,,combined_soc,0,PASS,convnext_base_vision_medium_mac_cpu_power.csv
vision,medium,ConvNeXt-Base,88.6,Apple M4,cpu,fp32,none,batch_workload,,224.0,,,8.0,4.0,2.0,sustained_power,1,power_monitored_or_summary,2.2438686249952298,3.565271117428725,img/s,15.5525,,34.897766790238315,4.362220848779789,,,,,,,,,combined_soc,0,PASS,convnext_base_vision_medium_mac_cpu_power.csv
vision,medium,ConvNeXt-Base,88.6,Apple M4,cpu,fp32,none,batch_workload,,224.0,,,8.0,4.0,3.0,sustained_power,1,power_monitored_or_summary,2.3500556249928195,3.404174741618911,img/s,14.83625,,34.86601276629972,4.358251595787465,,,,,,,,,combined_soc,0,PASS,convnext_base_vision_medium_mac_cpu_power.csv
vision,medium,ConvNeXt-Base,88.6,Apple M4,cpu,fp32,none,batch_workload,,224.0,,,8.0,10.0,1.0,sustained_power,1,power_monitored_or_summary,2.5808341250085505,3.099773023953446,img/s,14.5348,,37.51190784017428,4.688988480021785,,,,,,,,,combined_soc,0,PASS,convnext_base_vision_medium_mac_cpu_power.csv
vision,medium,ConvNeXt-Base,88.6,Apple M4,cpu,fp32,none,batch_workload,,224.0,,,8.0,10.0,2.0,sustained_power,1,power_monitored_or_summary,2.5134769160067663,3.1828420420545704,img/s,15.14325,,38.06220930831946,4.7577761635399325,,,,,,,,,combined_soc,0,PASS,convnext_base_vision_medium_mac_cpu_power.csv
vision,medium,ConvNeXt-Base,88.6,Apple M4,cpu,fp32,none,batch_workload,,224.0,,,8.0,10.0,3.0,sustained_power,1,power_monitored_or_summary,2.500187832993106,3.1997595918314587,img/s,15.1005,,37.7540863721124,4.71926079651405,,,,,,,,,combined_soc,0,PASS,convnext_base_vision_medium_mac_cpu_power.csv
vision,medium,ConvNeXt-Base,88.6,Intel i7-11800H,cpu,fp32,none,highres_single,,320.0,,,1.0,1.0,1.0,sustained_power,1,no_monitor,,1.4813768828645555,img/s,18.65714285714286,,,12.846229152119301,,,,,,,-1.9598630884620902,,cpu_package,0,PASS,convnext_base_vision_medium_msi_cpu_power.csv
vision,medium,ConvNeXt-Base,88.6,Intel i7-11800H,cpu,fp32,none,highres_single,,320.0,,,1.0,1.0,2.0,sustained_power,1,no_monitor,,1.4603333545146688,img/s,20.383333333333333,,,13.023241769370832,,,,,,,7.177617533686862,,cpu_package,0,PASS,convnext_base_vision_medium_msi_cpu_power.csv
vision,medium,ConvNeXt-Base,88.6,Intel i7-11800H,cpu,fp32,none,highres_single,,320.0,,,1.0,1.0,3.0,sustained_power,1,no_monitor,,1.4324428668980906,img/s,18.257142857142856,,,12.480366814277035,,,,,,,2.1240794184977525,,cpu_package,0,PASS,convnext_base_vision_medium_msi_cpu_power.csv
vision,medium,ConvNeXt-Base,88.6,Intel i7-11800H,cpu,fp32,none,highres_single,,320.0,,,1.0,8.0,1.0,sustained_power,1,no_monitor,,5.00896654279006,img/s,38.34285714285714,,,8.045195663366306,,,,,,,-4.85198556083396,,cpu_package,0,PASS,convnext_base_vision_medium_msi_cpu_power.csv
vision,medium,ConvNeXt-Base,88.6,Intel i7-11800H,cpu,fp32,none,highres_single,,320.0,,,1.0,8.0,2.0,sustained_power,1,no_monitor,,4.642839767737257,img/s,37.871428571428574,,,8.037268579455388,,,,,,,1.4891255944148063,,cpu_package,0,PASS,convnext_base_vision_medium_msi_cpu_power.csv
vision,medium,ConvNeXt-Base,88.6,Intel i7-11800H,cpu,fp32,none,highres_single,,320.0,,,1.0,8.0,3.0,sustained_power,1,no_monitor,,4.774440254697,img/s,36.21666666666667,,,7.685984488916519,,,,,,,-1.3069639647337896,,cpu_package,0,PASS,convnext_base_vision_medium_msi_cpu_power.csv
vision,medium,ConvNeXt-Base,88.6,Intel i7-11800H,cpu,fp32,none,highres_single,,320.0,,,1.0,16.0,1.0,sustained_power,1,no_monitor,,4.4062279454788476,img/s,37.13333333333333,,,8.455249420486599,,,,,,,-0.3286014335076562,,cpu_package,0,PASS,convnext_base_vision_medium_msi_cpu_power.csv
vision,medium,ConvNeXt-Base,88.6,Intel i7-11800H,cpu,fp32,none,highres_single,,320.0,,,1.0,16.0,2.0,sustained_power,1,no_monitor,,4.396896461408785,img/s,37.36666666666667,,,8.672162854289471,,,,,,,-2.0034708520413846,,cpu_package,0,PASS,convnext_base_vision_medium_msi_cpu_power.csv
vision,medium,ConvNeXt-Base,88.6,Intel i7-11800H,cpu,fp32,none,highres_single,,320.0,,,1.0,16.0,3.0,sustained_power,1,no_monitor,,4.393012782220246,img/s,36.583333333333336,,,8.447036158461952,,,,,,,-1.4137257782091648,,cpu_package,0,PASS,convnext_base_vision_medium_msi_cpu_power.csv
vision,medium,ConvNeXt-Base,88.6,Intel i7-11800H,cpu,fp32,none,batched_load,,224.0,,,4.0,1.0,1.0,sustained_power,1,no_monitor,,2.353316288165231,img/s,19.385714285714286,,,8.913136020409002,,,,,,,-7.578934153088053,,cpu_package,0,PASS,convnext_base_vision_medium_msi_cpu_power.csv
vision,medium,ConvNeXt-Base,88.6,Intel i7-11800H,cpu,fp32,none,batched_load,,224.0,,,4.0,1.0,2.0,sustained_power,1,no_monitor,,2.304961827111311,img/s,19.185714285714287,,,8.669524703403741,,,,,,,-3.9894523682089797,,cpu_package,0,PASS,convnext_base_vision_medium_msi_cpu_power.csv
vision,medium,ConvNeXt-Base,88.6,Intel i7-11800H,cpu,fp32,none,batched_load,,224.0,,,4.0,1.0,3.0,sustained_power,1,no_monitor,,2.183937434994659,img/s,19.214285714285715,,,8.550507014282928,,,,,,,2.894505444774542,,cpu_package,0,PASS,convnext_base_vision_medium_msi_cpu_power.csv
vision,medium,ConvNeXt-Base,88.6,Intel i7-11800H,cpu,fp32,none,batched_load,,224.0,,,4.0,8.0,1.0,sustained_power,1,no_monitor,,8.157812025206583,img/s,32.81428571428572,,,4.190973609777722,,,,,,,-4.021416721680853,,cpu_package,0,PASS,convnext_base_vision_medium_msi_cpu_power.csv
vision,medium,ConvNeXt-Base,88.6,Intel i7-11800H,cpu,fp32,none,batched_load,,224.0,,,4.0,8.0,2.0,sustained_power,1,no_monitor,,8.046301055440159,img/s,31.414285714285715,,,3.903031236687775,,,,,,,0.029681151687841866,,cpu_package,0,PASS,convnext_base_vision_medium_msi_cpu_power.csv
vision,medium,ConvNeXt-Base,88.6,Intel i7-11800H,cpu,fp32,none,batched_load,,224.0,,,4.0,8.0,3.0,sustained_power,1,no_monitor,,8.038809765765397,img/s,32.128571428571426,,,3.9452931816932812,,,,,,,1.30255103688157,,cpu_package,0,PASS,convnext_base_vision_medium_msi_cpu_power.csv
vision,medium,ConvNeXt-Base,88.6,Intel i7-11800H,cpu,fp32,none,batched_load,,224.0,,,4.0,16.0,1.0,sustained_power,1,no_monitor,,9.655938838148892,img/s,37.44285714285714,,,3.777339426102976,,,,,,,2.6569750805691505,,cpu_package,0,PASS,convnext_base_vision_medium_msi_cpu_power.csv
vision,medium,ConvNeXt-Base,88.6,Intel i7-11800H,cpu,fp32,none,batched_load,,224.0,,,4.0,16.0,2.0,sustained_power,1,no_monitor,,9.942979580690839,img/s,36.3,,,3.653802333487838,,,,,,,-0.08170177144743672,,cpu_package,0,PASS,convnext_base_vision_medium_msi_cpu_power.csv
vision,medium,ConvNeXt-Base,88.6,Intel i7-11800H,cpu,fp32,none,batched_load,,224.0,,,4.0,16.0,3.0,sustained_power,1,no_monitor,,9.91507441314165,img/s,37.416666666666664,,,4.18070752792954,,,,,,,-9.735011623000615,,cpu_package,0,PASS,convnext_base_vision_medium_msi_cpu_power.csv
vision,medium,ConvNeXt-Base,88.6,Apple M4,mps,fp32,none,grid,light,160.0,,,1.0,,1.0,sustained_power,1,no_monitor,,68.22184320686912,img/s,11.700894736842105,,0.17168608802979474,0.17168608802979474,,338.33642578125,,,,,-0.1011432007639125,,combined_soc,0,PASS,convnext_base_vision_medium_mac_mps_power.csv
vision,medium,ConvNeXt-Base,88.6,Apple M4,mps,fp32,none,grid,light,160.0,,,1.0,,2.0,sustained_power,1,no_monitor,,69.30341200796053,img/s,11.501631578947368,,0.1666224856847056,0.1666224856847056,,338.33642578125,,,,,-0.3972736032406944,,combined_soc,0,PASS,convnext_base_vision_medium_mac_mps_power.csv
vision,medium,ConvNeXt-Base,88.6,Apple M4,mps,fp32,none,grid,light,160.0,,,1.0,,3.0,sustained_power,1,no_monitor,,69.18263861682591,img/s,11.616947368421053,,0.1676893855234666,0.1676893855234666,,338.33642578125,,,,,0.13578955457665126,,combined_soc,0,PASS,convnext_base_vision_medium_mac_mps_power.csv
vision,medium,ConvNeXt-Base,88.6,Apple M4,mps,fp32,none,grid,medium,224.0,,,4.0,,1.0,sustained_power,1,no_monitor,,58.19783282984014,img/s,16.028473684210525,,1.102316460102205,0.27557911502555127,,341.16845703125,,,,,-0.06006683507613897,,combined_soc,0,PASS,convnext_base_vision_medium_mac_mps_power.csv
vision,medium,ConvNeXt-Base,88.6,Apple M4,mps,fp32,none,grid,medium,224.0,,,4.0,,2.0,sustained_power,1,no_monitor,,58.10033234858752,img/s,15.550894736842105,,1.0832204897293898,0.27080512243234744,,341.16845703125,,,,,-1.162923717513381,,combined_soc,0,PASS,convnext_base_vision_medium_mac_mps_power.csv
vision,medium,ConvNeXt-Base,88.6,Apple M4,mps,fp32,none,grid,medium,224.0,,,4.0,,3.0,sustained_power,1,no_monitor,,56.78258091670753,img/s,14.561526315789473,,1.0285675136482324,0.2571418784120581,,341.16845703125,,,,,-0.27157533518770116,,combined_soc,0,PASS,convnext_base_vision_medium_mac_mps_power.csv
vision,medium,ConvNeXt-Base,88.6,Apple M4,mps,fp32,none,grid,heavy,320.0,,,16.0,,1.0,sustained_power,1,no_monitor,,27.831361301981726,img/s,13.825954545454545,,7.938061050156752,0.496128815634797,,357.04345703125,,,,,0.1304627973500328,,combined_soc,0,PASS,convnext_base_vision_medium_mac_mps_power.csv
vision,medium,ConvNeXt-Base,88.6,Apple M4,mps,fp32,none,grid,heavy,320.0,,,16.0,,2.0,sustained_power,1,no_monitor,,27.787943072911855,img/s,14.36109090909091,,8.33228543806128,0.52076783987883,,357.04345703125,,,,,-0.7599728409160988,,combined_soc,0,PASS,convnext_base_vision_medium_mac_mps_power.csv
vision,medium,ConvNeXt-Base,88.6,Apple M4,mps,fp32,none,grid,heavy,320.0,,,16.0,,3.0,sustained_power,1,no_monitor,,27.51554176683114,img/s,14.440045454545455,,8.388285549421857,0.5242678468388661,,357.04345703125,,,,,0.10073553017592772,,combined_soc,0,PASS,convnext_base_vision_medium_mac_mps_power.csv
vision,medium,ConvNeXt-Base,88.6,Apple M4,mps,fp16,none,grid,light,160.0,,,1.0,,1.0,sustained_power,1,no_monitor,,78.29029702869214,img/s,11.108684210526317,,0.1418953584869889,0.1418953584869889,,169.136962890625,,,,,-0.003110554388357647,,combined_soc,0,PASS,convnext_base_vision_medium_mac_mps_power.csv
vision,medium,ConvNeXt-Base,88.6,Apple M4,mps,fp16,none,grid,light,160.0,,,1.0,,2.0,sustained_power,1,no_monitor,,78.37775933108755,img/s,12.125789473684211,,0.1560310270403348,0.1560310270403348,,169.136962890625,,,,,-0.8469191561030617,,combined_soc,0,PASS,convnext_base_vision_medium_mac_mps_power.csv
vision,medium,ConvNeXt-Base,88.6,Apple M4,mps,fp16,none,grid,light,160.0,,,1.0,,3.0,sustained_power,1,no_monitor,,76.90264151732978,img/s,12.319473684210527,,0.15944806582048707,0.15944806582048707,,169.136962890625,,,,,0.46889857722558664,,combined_soc,0,PASS,convnext_base_vision_medium_mac_mps_power.csv
vision,medium,ConvNeXt-Base,88.6,Apple M4,mps,fp16,none,grid,medium,224.0,,,4.0,,1.0,sustained_power,1,no_monitor,,65.38500728945823,img/s,16.150105263157894,,1.0514693786660754,0.26286734466651884,,170.552978515625,,,,,-6.036206307208068,,combined_soc,0,PASS,convnext_base_vision_medium_mac_mps_power.csv
vision,medium,ConvNeXt-Base,88.6,Apple M4,mps,fp16,none,grid,medium,224.0,,,4.0,,2.0,sustained_power,1,no_monitor,,61.548635424717666,img/s,13.779473684210526,,0.8622681919751574,0.21556704799378934,,170.552978515625,,,,,3.8560561266732747,,combined_soc,0,PASS,convnext_base_vision_medium_mac_mps_power.csv
vision,medium,ConvNeXt-Base,88.6,Apple M4,mps,fp16,none,grid,medium,224.0,,,4.0,,3.0,sustained_power,1,no_monitor,,64.56201814389257,img/s,13.523421052631578,,0.8110730471991804,0.2027682617997951,,170.552978515625,,,,,3.3021818195624713,,combined_soc,0,PASS,convnext_base_vision_medium_mac_mps_power.csv
vision,medium,ConvNeXt-Base,88.6,Apple M4,mps,fp16,none,grid,heavy,320.0,,,16.0,,1.0,sustained_power,1,no_monitor,,32.542115139505576,img/s,13.978695652173913,,6.899934652151993,0.43124591575949955,,178.490478515625,,,,,-0.3916199655296416,,combined_soc,0,PASS,convnext_base_vision_medium_mac_mps_power.csv
vision,medium,ConvNeXt-Base,88.6,Apple M4,mps,fp16,none,grid,heavy,320.0,,,16.0,,2.0,sustained_power,1,no_monitor,,32.6068897327798,img/s,15.497142857142856,,7.28853389999879,0.4555333687499244,,178.490478515625,,,,,4.33308911738862,,combined_soc,0,PASS,convnext_base_vision_medium_mac_mps_power.csv
vision,medium,ConvNeXt-Base,88.6,Apple M4,mps,fp16,none,grid,heavy,320.0,,,16.0,,3.0,sustained_power,1,no_monitor,,34.33924646367422,img/s,14.264904761904763,,6.520563501121563,0.4075352188200977,,178.490478515625,,,,,1.932568949446017,,combined_soc,0,PASS,convnext_base_vision_medium_mac_mps_power.csv
vision,medium,ConvNeXt-Base,88.6,RTX 3050 Laptop,cuda,fp32,none,grid,light,160.0,,,1.0,,1.0,sustained_power,1,no_monitor,,92.87437501098383,img/s,57.2199,,,0.6255291774038385,,,363.4033203125,588.50390625,86.45,75.0,-1.5073963073898002,,gpu_board,0,PASS,convnext_base_vision_medium_msi_cuda_power.csv
vision,medium,ConvNeXt-Base,88.6,RTX 3050 Laptop,cuda,fp32,none,grid,light,160.0,,,1.0,,2.0,sustained_power,1,no_monitor,,88.7425223555498,img/s,57.208,,,0.6361674590511361,,,363.4033203125,588.50390625,92.4,80.0,1.333617294411987,,gpu_board,0,PASS,convnext_base_vision_medium_msi_cuda_power.csv
vision,medium,ConvNeXt-Base,88.6,RTX 3050 Laptop,cuda,fp32,none,grid,light,160.0,,,1.0,,3.0,sustained_power,1,no_monitor,,89.30653604354521,img/s,56.56405,,,0.640600132459691,,,363.4033203125,588.50390625,91.25,82.0,-1.1287035754045789,,gpu_board,0,PASS,convnext_base_vision_medium_msi_cuda_power.csv
vision,medium,ConvNeXt-Base,88.6,RTX 3050 Laptop,cuda,fp32,none,grid,medium,224.0,,,4.0,,1.0,sustained_power,1,no_monitor,,74.29486858767821,img/s,57.4275,,,0.7726027727763431,,,409.65283203125,660.50390625,95.0,81.0,0.047174786195771125,,gpu_board,0,PASS,convnext_base_vision_medium_msi_cuda_power.csv
vision,medium,ConvNeXt-Base,88.6,RTX 3050 Laptop,cuda,fp32,none,grid,medium,224.0,,,4.0,,2.0,sustained_power,1,no_monitor,,73.99512625985668,img/s,57.31295238095238,,,0.7749887296869943,,,409.65283203125,660.50390625,94.0,83.0,-0.05656343574105871,,gpu_board,0,PASS,convnext_base_vision_medium_msi_cuda_power.csv
vision,medium,ConvNeXt-Base,88.6,RTX 3050 Laptop,cuda,fp32,none,grid,medium,224.0,,,4.0,,3.0,sustained_power,1,no_monitor,,73.51431392122893,img/s,57.552,,,0.7830924152425445,,,409.65283203125,660.50390625,95.0,84.0,-0.0286643615912981,,gpu_board,0,PASS,convnext_base_vision_medium_msi_cuda_power.csv
vision,medium,ConvNeXt-Base,88.6,RTX 3050 Laptop,cuda,fp32,none,grid,heavy,320.0,,,16.0,,1.0,sustained_power,1,no_monitor,,39.70441516383461,img/s,57.47030434782609,,,1.446698765495701,,,864.94677734375,1356.50390625,91.26086956521739,84.0,0.052186236415369625,,gpu_board,0,PASS,convnext_base_vision_medium_msi_cuda_power.csv
vision,medium,ConvNeXt-Base,88.6,RTX 3050 Laptop,cuda,fp32,none,grid,heavy,320.0,,,16.0,,2.0,sustained_power,1,no_monitor,,39.57444783570347,img/s,57.93526086956522,,,1.4629613568901403,,,864.94677734375,1356.50390625,95.65217391304348,85.0,0.06800649768382956,,gpu_board,0,PASS,convnext_base_vision_medium_msi_cuda_power.csv
vision,medium,ConvNeXt-Base,88.6,RTX 3050 Laptop,cuda,fp32,none,grid,heavy,320.0,,,16.0,,3.0,sustained_power,1,no_monitor,,39.48576698509614,img/s,57.84921739130435,,,1.4624855225317632,,,864.94677734375,1356.50390625,95.65217391304348,85.0,0.17638005446505678,,gpu_board,0,PASS,convnext_base_vision_medium_msi_cuda_power.csv
vision,medium,ConvNeXt-Base,88.6,RTX 3050 Laptop,cuda,fp16,none,grid,light,160.0,,,1.0,,1.0,sustained_power,1,no_monitor,,89.90078279870069,img/s,47.76425,,,0.5599768513310734,,,181.546875,412.50390625,38.25,83.0,-5.121149312259155,,gpu_board,0,PASS,convnext_base_vision_medium_msi_cuda_power.csv
vision,medium,ConvNeXt-Base,88.6,RTX 3050 Laptop,cuda,fp16,none,grid,light,160.0,,,1.0,,2.0,sustained_power,1,no_monitor,,88.88923346227378,img/s,44.33285,,,0.5412821429258274,,,181.546875,412.50390625,34.7,83.0,-7.859027742359991,,gpu_board,0,PASS,convnext_base_vision_medium_msi_cuda_power.csv
vision,medium,ConvNeXt-Base,88.6,RTX 3050 Laptop,cuda,fp16,none,grid,light,160.0,,,1.0,,3.0,sustained_power,1,no_monitor,,87.5140541977972,img/s,47.69955,,,0.5479313387684217,,,181.546875,412.50390625,37.0,83.0,-0.5258268530676742,,gpu_board,0,PASS,convnext_base_vision_medium_msi_cuda_power.csv
vision,medium,ConvNeXt-Base,88.6,RTX 3050 Laptop,cuda,fp16,none,grid,medium,224.0,,,4.0,,1.0,sustained_power,1,no_monitor,,171.48287944437337,img/s,57.63905,,,0.33528709768736725,,,210.60546875,462.50390625,94.7,86.0,0.24880523098476506,,gpu_board,0,PASS,convnext_base_vision_medium_msi_cuda_power.csv
vision,medium,ConvNeXt-Base,88.6,RTX 3050 Laptop,cuda,fp16,none,grid,medium,224.0,,,4.0,,2.0,sustained_power,1,no_monitor,,171.5447197979566,img/s,57.51645,,,0.33469003325178787,,,210.60546875,462.50390625,94.85,85.0,0.17790343602276015,,gpu_board,0,PASS,convnext_base_vision_medium_msi_cuda_power.csv
vision,medium,ConvNeXt-Base,88.6,RTX 3050 Laptop,cuda,fp16,none,grid,medium,224.0,,,4.0,,3.0,sustained_power,1,no_monitor,,171.68694836331156,img/s,57.3961,,,0.33414125778352843,,,210.60546875,462.50390625,94.5,85.0,0.04951764215303314,,gpu_board,0,PASS,convnext_base_vision_medium_msi_cuda_power.csv
vision,medium,ConvNeXt-Base,88.6,RTX 3050 Laptop,cuda,fp16,none,grid,heavy,320.0,,,16.0,,1.0,sustained_power,1,no_monitor,,116.97565410536464,img/s,57.41352380952381,,,0.48910987927179406,,,438.5888671875,812.50390625,95.23809523809524,84.0,0.34882359824250553,,gpu_board,0,PASS,convnext_base_vision_medium_msi_cuda_power.csv
vision,medium,ConvNeXt-Base,88.6,RTX 3050 Laptop,cuda,fp16,none,grid,heavy,320.0,,,16.0,,2.0,sustained_power,1,no_monitor,,117.0938211060214,img/s,57.06585714285714,,,0.4860761539726295,,,438.5888671875,812.50390625,90.47619047619048,84.0,0.2623894448513021,,gpu_board,0,PASS,convnext_base_vision_medium_msi_cuda_power.csv
vision,medium,ConvNeXt-Base,88.6,RTX 3050 Laptop,cuda,fp16,none,grid,heavy,320.0,,,16.0,,3.0,sustained_power,1,no_monitor,,117.12824732093304,img/s,57.37285714285714,,,0.48854568913454544,,,438.5888671875,812.50390625,95.23809523809524,84.0,0.2627582463720887,,gpu_board,0,PASS,convnext_base_vision_medium_msi_cuda_power.csv
vision,hard,ConvNeXt-Large,197.8,Apple M4,mps,fp32,none,grid,,160.0,,,1.0,,1.0,short_sweep,0,short_measurement,0.025112333009019494,39.821071170123226,img/s,,,,,,754.735107421875,,,,,,,,0,PASS,convnext_large_vision_hard_mac_mps_sweep.csv
vision,hard,ConvNeXt-Large,197.8,Apple M4,mps,fp32,none,grid,,160.0,,,1.0,,2.0,short_sweep,0,short_measurement,0.027348332994733937,36.56529998345987,img/s,,,,,,754.735107421875,,,,,,,,0,PASS,convnext_large_vision_hard_mac_mps_sweep.csv
vision,hard,ConvNeXt-Large,197.8,Apple M4,mps,fp32,none,grid,,160.0,,,1.0,,3.0,short_sweep,0,short_measurement,0.02620191700407304,38.165146460259066,img/s,,,,,,754.735107421875,,,,,,,,0,PASS,convnext_large_vision_hard_mac_mps_sweep.csv
vision,hard,ConvNeXt-Large,197.8,Apple M4,mps,fp32,none,grid,,160.0,,,4.0,,1.0,short_sweep,0,short_measurement,0.07262716699915472,55.075809304892125,img/s,,,,,,755.64111328125,,,,,,,,0,PASS,convnext_large_vision_hard_mac_mps_sweep.csv
vision,hard,ConvNeXt-Large,197.8,Apple M4,mps,fp32,none,grid,,160.0,,,4.0,,2.0,short_sweep,0,short_measurement,0.07257391700113658,55.116220334880865,img/s,,,,,,755.64111328125,,,,,,,,0,PASS,convnext_large_vision_hard_mac_mps_sweep.csv
vision,hard,ConvNeXt-Large,197.8,Apple M4,mps,fp32,none,grid,,160.0,,,4.0,,3.0,short_sweep,0,short_measurement,0.07269541699497495,55.02410145438053,img/s,,,,,,755.64111328125,,,,,,,,0,PASS,convnext_large_vision_hard_mac_mps_sweep.csv
vision,hard,ConvNeXt-Large,197.8,Apple M4,mps,fp32,none,grid,,160.0,,,16.0,,1.0,short_sweep,0,short_measurement,0.2583369160129223,61.93462493451637,img/s,,,,,,759.499267578125,,,,,,,,0,PASS,convnext_large_vision_hard_mac_mps_sweep.csv
vision,hard,ConvNeXt-Large,197.8,Apple M4,mps,fp32,none,grid,,160.0,,,16.0,,2.0,short_sweep,0,short_measurement,0.2619961660093395,61.069595955192874,img/s,,,,,,759.499267578125,,,,,,,,0,PASS,convnext_large_vision_hard_mac_mps_sweep.csv
vision,hard,ConvNeXt-Large,197.8,Apple M4,mps,fp32,none,grid,,160.0,,,16.0,,3.0,short_sweep,0,short_measurement,0.2605849169922294,61.40033039777631,img/s,,,,,,759.499267578125,,,,,,,,0,PASS,convnext_large_vision_hard_mac_mps_sweep.csv
vision,hard,ConvNeXt-Large,197.8,Apple M4,mps,fp32,none,grid,,224.0,,,1.0,,1.0,short_sweep,0,short_measurement,0.040010917000472546,24.993178736398107,img/s,,,,,,755.016357421875,,,,,,,,0,PASS,convnext_large_vision_hard_mac_mps_sweep.csv
vision,hard,ConvNeXt-Large,197.8,Apple M4,mps,fp32,none,grid,,224.0,,,1.0,,2.0,short_sweep,0,short_measurement,0.040121958998497576,24.924007325700284,img/s,,,,,,755.016357421875,,,,,,,,0,PASS,convnext_large_vision_hard_mac_mps_sweep.csv
vision,hard,ConvNeXt-Large,197.8,Apple M4,mps,fp32,none,grid,,224.0,,,1.0,,3.0,short_sweep,0,short_measurement,0.03995770899928175,25.026459850788125,img/s,,,,,,755.016357421875,,,,,,,,0,PASS,convnext_large_vision_hard_mac_mps_sweep.csv
vision,hard,ConvNeXt-Large,197.8,Apple M4,mps,fp32,none,grid,,224.0,,,4.0,,1.0,short_sweep,0,short_measurement,0.1325672079983633,30.173374399266105,img/s,,,,,,756.82861328125,,,,,,,,0,PASS,convnext_large_vision_hard_mac_mps_sweep.csv
vision,hard,ConvNeXt-Large,197.8,Apple M4,mps,fp32,none,grid,,224.0,,,4.0,,2.0,short_sweep,0,short_measurement,0.13307016699400265,30.05932952785936,img/s,,,,,,756.82861328125,,,,,,,,0,PASS,convnext_large_vision_hard_mac_mps_sweep.csv
vision,hard,ConvNeXt-Large,197.8,Apple M4,mps,fp32,none,grid,,224.0,,,4.0,,3.0,short_sweep,0,short_measurement,0.13301283300097566,30.072286333234175,img/s,,,,,,756.82861328125,,,,,,,,0,PASS,convnext_large_vision_hard_mac_mps_sweep.csv
vision,hard,ConvNeXt-Large,197.8,Apple M4,mps,fp32,none,grid,,224.0,,,16.0,,1.0,short_sweep,0,short_measurement,0.5247510420012986,30.490649316253105,img/s,,,,,,763.999267578125,,,,,,,,0,PASS,convnext_large_vision_hard_mac_mps_sweep.csv
vision,hard,ConvNeXt-Large,197.8,Apple M4,mps,fp32,none,grid,,224.0,,,16.0,,2.0,short_sweep,0,short_measurement,0.5233062089973828,30.57483309944832,img/s,,,,,,763.999267578125,,,,,,,,0,PASS,convnext_large_vision_hard_mac_mps_sweep.csv
vision,hard,ConvNeXt-Large,197.8,Apple M4,mps,fp32,none,grid,,224.0,,,16.0,,3.0,short_sweep,0,short_measurement,0.5231319579906994,30.585017328045666,img/s,,,,,,763.999267578125,,,,,,,,0,PASS,convnext_large_vision_hard_mac_mps_sweep.csv
vision,hard,ConvNeXt-Large,197.8,Apple M4,mps,fp32,none,grid,,320.0,,,1.0,,1.0,short_sweep,0,short_measurement,0.07173541699012276,13.940115523935546,img/s,,,,,,755.629638671875,,,,,,,,0,PASS,convnext_large_vision_hard_mac_mps_sweep.csv
vision,hard,ConvNeXt-Large,197.8,Apple M4,mps,fp32,none,grid,,320.0,,,1.0,,2.0,short_sweep,0,short_measurement,0.07144187499943655,13.997392985666835,img/s,,,,,,755.629638671875,,,,,,,,0,PASS,convnext_large_vision_hard_mac_mps_sweep.csv
vision,hard,ConvNeXt-Large,197.8,Apple M4,mps,fp32,none,grid,,320.0,,,1.0,,3.0,short_sweep,0,short_measurement,0.07181620800110977,13.92443332547643,img/s,,,,,,755.629638671875,,,,,,,,0,PASS,convnext_large_vision_hard_mac_mps_sweep.csv
vision,hard,ConvNeXt-Large,197.8,Apple M4,mps,fp32,none,grid,,320.0,,,4.0,,1.0,short_sweep,0,short_measurement,0.25866983299783897,15.463728234723906,img/s,,,,,,759.45361328125,,,,,,,,0,PASS,convnext_large_vision_hard_mac_mps_sweep.csv
vision,hard,ConvNeXt-Large,197.8,Apple M4,mps,fp32,none,grid,,320.0,,,4.0,,2.0,short_sweep,0,short_measurement,0.2590132919867756,15.443222891450016,img/s,,,,,,759.45361328125,,,,,,,,0,PASS,convnext_large_vision_hard_mac_mps_sweep.csv
vision,hard,ConvNeXt-Large,197.8,Apple M4,mps,fp32,none,grid,,320.0,,,4.0,,3.0,short_sweep,0,short_measurement,0.25796775000344496,15.505814195559651,img/s,,,,,,759.45361328125,,,,,,,,0,PASS,convnext_large_vision_hard_mac_mps_sweep.csv
vision,hard,ConvNeXt-Large,197.8,Apple M4,mps,fp32,none,grid,,320.0,,,16.0,,1.0,short_sweep,0,short_measurement,1.0525573750055628,15.201071580459393,img/s,,,,,,773.499267578125,,,,,,,,0,PASS,convnext_large_vision_hard_mac_mps_sweep.csv
vision,hard,ConvNeXt-Large,197.8,Apple M4,mps,fp32,none,grid,,320.0,,,16.0,,2.0,short_sweep,0,short_measurement,1.0542487920029089,15.176683266197998,img/s,,,,,,773.499267578125,,,,,,,,0,PASS,convnext_large_vision_hard_mac_mps_sweep.csv
vision,hard,ConvNeXt-Large,197.8,Apple M4,mps,fp32,none,grid,,320.0,,,16.0,,3.0,short_sweep,0,short_measurement,1.052419583997107,15.203061823718382,img/s,,,,,,773.499267578125,,,,,,,,0,PASS,convnext_large_vision_hard_mac_mps_sweep.csv
vision,hard,ConvNeXt-Large,197.8,Apple M4,mps,fp16,none,grid,,160.0,,,1.0,,1.0,short_sweep,0,short_measurement,0.021590457996353507,46.31675716044994,img/s,,,,,,381.370361328125,,,,,,,,0,PASS,convnext_large_vision_hard_mac_mps_sweep.csv
vision,hard,ConvNeXt-Large,197.8,Apple M4,mps,fp16,none,grid,,160.0,,,1.0,,2.0,short_sweep,0,short_measurement,0.021962667000479996,45.531810866965515,img/s,,,,,,381.370361328125,,,,,,,,0,PASS,convnext_large_vision_hard_mac_mps_sweep.csv
vision,hard,ConvNeXt-Large,197.8,Apple M4,mps,fp16,none,grid,,160.0,,,1.0,,3.0,short_sweep,0,short_measurement,0.021728915991843678,46.02162392156917,img/s,,,,,,381.370361328125,,,,,,,,0,PASS,convnext_large_vision_hard_mac_mps_sweep.csv
vision,hard,ConvNeXt-Large,197.8,Apple M4,mps,fp16,none,grid,,160.0,,,4.0,,1.0,short_sweep,0,short_measurement,0.06328108398884069,63.210042367564064,img/s,,,,,,381.815673828125,,,,,,,,0,PASS,convnext_large_vision_hard_mac_mps_sweep.csv
vision,hard,ConvNeXt-Large,197.8,Apple M4,mps,fp16,none,grid,,160.0,,,4.0,,2.0,short_sweep,0,short_measurement,0.06244137499015778,64.06008837298175,img/s,,,,,,381.815673828125,,,,,,,,0,PASS,convnext_large_vision_hard_mac_mps_sweep.csv
vision,hard,ConvNeXt-Large,197.8,Apple M4,mps,fp16,none,grid,,160.0,,,4.0,,3.0,short_sweep,0,short_measurement,0.06284170800063293,63.651993672096125,img/s,,,,,,381.815673828125,,,,,,,,0,PASS,convnext_large_vision_hard_mac_mps_sweep.csv
vision,hard,ConvNeXt-Large,197.8,Apple M4,mps,fp16,none,grid,,160.0,,,16.0,,1.0,short_sweep,0,short_measurement,0.21513916699041147,74.3704655169233,img/s,,,,,,383.62744140625,,,,,,,,0,PASS,convnext_large_vision_hard_mac_mps_sweep.csv
vision,hard,ConvNeXt-Large,197.8,Apple M4,mps,fp16,none,grid,,160.0,,,16.0,,2.0,short_sweep,0,short_measurement,0.21435083300457336,74.64398330403795,img/s,,,,,,383.62744140625,,,,,,,,0,PASS,convnext_large_vision_hard_mac_mps_sweep.csv
vision,hard,ConvNeXt-Large,197.8,Apple M4,mps,fp16,none,grid,,160.0,,,16.0,,3.0,short_sweep,0,short_measurement,0.214332249990548,74.65045507946469,img/s,,,,,,383.62744140625,,,,,,,,0,PASS,convnext_large_vision_hard_mac_mps_sweep.csv
vision,hard,ConvNeXt-Large,197.8,Apple M4,mps,fp16,none,grid,,224.0,,,1.0,,1.0,short_sweep,0,short_measurement,0.036259833999793045,27.5787252640403,img/s,,,,,,381.510986328125,,,,,,,,0,PASS,convnext_large_vision_hard_mac_mps_sweep.csv
vision,hard,ConvNeXt-Large,197.8,Apple M4,mps,fp16,none,grid,,224.0,,,1.0,,2.0,short_sweep,0,short_measurement,0.035688791002030484,28.020002132969587,img/s,,,,,,381.510986328125,,,,,,,,0,PASS,convnext_large_vision_hard_mac_mps_sweep.csv
vision,hard,ConvNeXt-Large,197.8,Apple M4,mps,fp16,none,grid,,224.0,,,1.0,,3.0,short_sweep,0,short_measurement,0.03569779099780135,28.01293783308863,img/s,,,,,,381.510986328125,,,,,,,,0,PASS,convnext_large_vision_hard_mac_mps_sweep.csv
vision,hard,ConvNeXt-Large,197.8,Apple M4,mps,fp16,none,grid,,224.0,,,4.0,,1.0,short_sweep,0,short_measurement,0.11175054201157764,35.79400983653028,img/s,,,,,,382.417236328125,,,,,,,,0,PASS,convnext_large_vision_hard_mac_mps_sweep.csv
vision,hard,ConvNeXt-Large,197.8,Apple M4,mps,fp16,none,grid,,224.0,,,4.0,,2.0,short_sweep,0,short_measurement,0.11148987499473151,35.87769741592249,img/s,,,,,,382.417236328125,,,,,,,,0,PASS,convnext_large_vision_hard_mac_mps_sweep.csv
vision,hard,ConvNeXt-Large,197.8,Apple M4,mps,fp16,none,grid,,224.0,,,4.0,,3.0,short_sweep,0,short_measurement,0.1118690410075942,35.75609448308814,img/s,,,,,,382.417236328125,,,,,,,,0,PASS,convnext_large_vision_hard_mac_mps_sweep.csv
vision,hard,ConvNeXt-Large,197.8,Apple M4,mps,fp16,none,grid,,224.0,,,16.0,,1.0,short_sweep,0,short_measurement,0.4249924169998849,37.647730547635476,img/s,,,,,,386.00244140625,,,,,,,,0,PASS,convnext_large_vision_hard_mac_mps_sweep.csv
vision,hard,ConvNeXt-Large,197.8,Apple M4,mps,fp16,none,grid,,224.0,,,16.0,,2.0,short_sweep,0,short_measurement,0.4248025840061018,37.66455431864835,img/s,,,,,,386.00244140625,,,,,,,,0,PASS,convnext_large_vision_hard_mac_mps_sweep.csv
vision,hard,ConvNeXt-Large,197.8,Apple M4,mps,fp16,none,grid,,224.0,,,16.0,,3.0,short_sweep,0,short_measurement,0.42415320899453945,37.72221843594724,img/s,,,,,,386.00244140625,,,,,,,,0,PASS,convnext_large_vision_hard_mac_mps_sweep.csv
vision,hard,ConvNeXt-Large,197.8,Apple M4,mps,fp16,none,grid,,320.0,,,1.0,,1.0,short_sweep,0,short_measurement,0.06230274999688845,16.050655870727095,img/s,,,,,,381.809814453125,,,,,,,,0,PASS,convnext_large_vision_hard_mac_mps_sweep.csv
vision,hard,ConvNeXt-Large,197.8,Apple M4,mps,fp16,none,grid,,320.0,,,1.0,,2.0,short_sweep,0,short_measurement,0.062395165994530544,16.02688259676492,img/s,,,,,,381.809814453125,,,,,,,,0,PASS,convnext_large_vision_hard_mac_mps_sweep.csv
vision,hard,ConvNeXt-Large,197.8,Apple M4,mps,fp16,none,grid,,320.0,,,1.0,,3.0,short_sweep,0,short_measurement,0.06233733400586061,16.041751158398682,img/s,,,,,,381.809814453125,,,,,,,,0,PASS,convnext_large_vision_hard_mac_mps_sweep.csv
vision,hard,ConvNeXt-Large,197.8,Apple M4,mps,fp16,none,grid,,320.0,,,4.0,,1.0,short_sweep,0,short_measurement,0.215381250003702,18.571718754214896,img/s,,,,,,383.604736328125,,,,,,,,0,PASS,convnext_large_vision_hard_mac_mps_sweep.csv
vision,hard,ConvNeXt-Large,197.8,Apple M4,mps,fp16,none,grid,,320.0,,,4.0,,2.0,short_sweep,0,short_measurement,0.21448712499113753,18.649138031782922,img/s,,,,,,383.604736328125,,,,,,,,0,PASS,convnext_large_vision_hard_mac_mps_sweep.csv
vision,hard,ConvNeXt-Large,197.8,Apple M4,mps,fp16,none,grid,,320.0,,,4.0,,3.0,short_sweep,0,short_measurement,0.21448379100183956,18.649427918614574,img/s,,,,,,383.604736328125,,,,,,,,0,PASS,convnext_large_vision_hard_mac_mps_sweep.csv
vision,hard,ConvNeXt-Large,197.8,Apple M4,mps,fp16,none,grid,,320.0,,,16.0,,1.0,short_sweep,0,short_measurement,0.8576057080063038,18.656592243532963,img/s,,,,,,390.75244140625,,,,,,,,0,PASS,convnext_large_vision_hard_mac_mps_sweep.csv
vision,hard,ConvNeXt-Large,197.8,Apple M4,mps,fp16,none,grid,,320.0,,,16.0,,2.0,short_sweep,0,short_measurement,0.8580845420074183,18.64618136876037,img/s,,,,,,390.75244140625,,,,,,,,0,PASS,convnext_large_vision_hard_mac_mps_sweep.csv
vision,hard,ConvNeXt-Large,197.8,Apple M4,mps,fp16,none,grid,,320.0,,,16.0,,3.0,short_sweep,0,short_measurement,0.856971583008999,18.67039738216382,img/s,,,,,,390.75244140625,,,,,,,,0,PASS,convnext_large_vision_hard_mac_mps_sweep.csv
vision,hard,ConvNeXt-Large,197.8,RTX 3050 Laptop,cuda,fp32,none,grid,,160.0,,,1.0,,1.0,short_sweep,0,short_measurement,0.02063149999594316,48.46957323493849,img/s,,,,,,763.72509765625,801.1259765625,,,,,,,0,PASS,convnext_large_vision_hard_msi_cuda_sweep.csv
vision,hard,ConvNeXt-Large,197.8,RTX 3050 Laptop,cuda,fp32,none,grid,,160.0,,,1.0,,2.0,short_sweep,0,short_measurement,0.020661599992308766,48.39896234426413,img/s,,,,,,763.72509765625,801.1259765625,,,,,,,0,PASS,convnext_large_vision_hard_msi_cuda_sweep.csv
vision,hard,ConvNeXt-Large,197.8,RTX 3050 Laptop,cuda,fp32,none,grid,,160.0,,,1.0,,3.0,short_sweep,0,short_measurement,0.020621899981051683,48.492137044542176,img/s,,,,,,763.72509765625,801.1259765625,,,,,,,0,PASS,convnext_large_vision_hard_msi_cuda_sweep.csv
vision,hard,ConvNeXt-Large,197.8,RTX 3050 Laptop,cuda,fp32,none,grid,,160.0,,,4.0,,1.0,short_sweep,0,short_measurement,0.05590249999659136,71.55315057902418,img/s,,,,,,764.77197265625,811.64697265625,,,,,,,0,PASS,convnext_large_vision_hard_msi_cuda_sweep.csv
vision,hard,ConvNeXt-Large,197.8,RTX 3050 Laptop,cuda,fp32,none,grid,,160.0,,,4.0,,2.0,short_sweep,0,short_measurement,0.05615839996607974,71.22710053021528,img/s,,,,,,764.77197265625,811.64697265625,,,,,,,0,PASS,convnext_large_vision_hard_msi_cuda_sweep.csv
vision,hard,ConvNeXt-Large,197.8,RTX 3050 Laptop,cuda,fp32,none,grid,,160.0,,,4.0,,3.0,short_sweep,0,short_measurement,0.05600899999262765,71.41709369077311,img/s,,,,,,764.77197265625,811.64697265625,,,,,,,0,PASS,convnext_large_vision_hard_msi_cuda_sweep.csv
vision,hard,ConvNeXt-Large,197.8,RTX 3050 Laptop,cuda,fp32,none,grid,,160.0,,,16.0,,1.0,short_sweep,0,short_measurement,0.19532879994949326,81.91316387617785,img/s,,,,,,768.1767578125,957.6767578125,,,,,,,0,PASS,convnext_large_vision_hard_msi_cuda_sweep.csv
vision,hard,ConvNeXt-Large,197.8,RTX 3050 Laptop,cuda,fp32,none,grid,,160.0,,,16.0,,2.0,short_sweep,0,short_measurement,0.19536229997174814,81.89911770241137,img/s,,,,,,768.1767578125,957.6767578125,,,,,,,0,PASS,convnext_large_vision_hard_msi_cuda_sweep.csv
vision,hard,ConvNeXt-Large,197.8,RTX 3050 Laptop,cuda,fp32,none,grid,,160.0,,,16.0,,3.0,short_sweep,0,short_measurement,0.19504580000648275,82.03201504194506,img/s,,,,,,768.1767578125,957.6767578125,,,,,,,0,PASS,convnext_large_vision_hard_msi_cuda_sweep.csv
vision,hard,ConvNeXt-Large,197.8,RTX 3050 Laptop,cuda,fp32,none,grid,,224.0,,,1.0,,1.0,short_sweep,0,short_measurement,0.03156600001966581,31.679655305613444,img/s,,,,,,764.00634765625,802.3916015625,,,,,,,0,PASS,convnext_large_vision_hard_msi_cuda_sweep.csv
vision,hard,ConvNeXt-Large,197.8,RTX 3050 Laptop,cuda,fp32,none,grid,,224.0,,,1.0,,2.0,short_sweep,0,short_measurement,0.0313433000119403,31.904745180598333,img/s,,,,,,764.00634765625,802.3916015625,,,,,,,0,PASS,convnext_large_vision_hard_msi_cuda_sweep.csv
vision,hard,ConvNeXt-Large,197.8,RTX 3050 Laptop,cuda,fp32,none,grid,,224.0,,,1.0,,3.0,short_sweep,0,short_measurement,0.03120120003586635,32.05004932023389,img/s,,,,,,764.00634765625,802.3916015625,,,,,,,0,PASS,convnext_large_vision_hard_msi_cuda_sweep.csv
vision,hard,ConvNeXt-Large,197.8,RTX 3050 Laptop,cuda,fp32,none,grid,,224.0,,,4.0,,1.0,short_sweep,0,short_measurement,0.10198989999480546,39.21956978292682,img/s,,,,,,765.74072265625,857.61572265625,,,,,,,0,PASS,convnext_large_vision_hard_msi_cuda_sweep.csv
vision,hard,ConvNeXt-Large,197.8,RTX 3050 Laptop,cuda,fp32,none,grid,,224.0,,,4.0,,2.0,short_sweep,0,short_measurement,0.10192310001002625,39.245274129284894,img/s,,,,,,765.74072265625,857.61572265625,,,,,,,0,PASS,convnext_large_vision_hard_msi_cuda_sweep.csv
vision,hard,ConvNeXt-Large,197.8,RTX 3050 Laptop,cuda,fp32,none,grid,,224.0,,,4.0,,3.0,short_sweep,0,short_measurement,0.10127530002500862,39.496303629930026,img/s,,,,,,765.74072265625,857.61572265625,,,,,,,0,PASS,convnext_large_vision_hard_msi_cuda_sweep.csv
vision,hard,ConvNeXt-Large,197.8,RTX 3050 Laptop,cuda,fp32,none,grid,,224.0,,,16.0,,1.0,short_sweep,0,short_measurement,0.3948521999991499,40.5214913327935,img/s,,,,,,772.6767578125,1142.1767578125,,,,,,,0,PASS,convnext_large_vision_hard_msi_cuda_sweep.csv
vision,hard,ConvNeXt-Large,197.8,RTX 3050 Laptop,cuda,fp32,none,grid,,224.0,,,16.0,,2.0,short_sweep,0,short_measurement,0.39558120002038777,40.446815974003265,img/s,,,,,,772.6767578125,1142.1767578125,,,,,,,0,PASS,convnext_large_vision_hard_msi_cuda_sweep.csv
vision,hard,ConvNeXt-Large,197.8,RTX 3050 Laptop,cuda,fp32,none,grid,,224.0,,,16.0,,3.0,short_sweep,0,short_measurement,0.40060469997115433,39.939621280409554,img/s,,,,,,772.6767578125,1142.1767578125,,,,,,,0,PASS,convnext_large_vision_hard_msi_cuda_sweep.csv
vision,hard,ConvNeXt-Large,197.8,RTX 3050 Laptop,cuda,fp32,none,grid,,320.0,,,1.0,,1.0,short_sweep,0,short_measurement,0.057048199989367276,17.529036852808353,img/s,,,,,,764.76025390625,811.63525390625,,,,,,,0,PASS,convnext_large_vision_hard_msi_cuda_sweep.csv
vision,hard,ConvNeXt-Large,197.8,RTX 3050 Laptop,cuda,fp32,none,grid,,320.0,,,1.0,,2.0,short_sweep,0,short_measurement,0.05680730001768097,17.60337139221113,img/s,,,,,,764.76025390625,811.63525390625,,,,,,,0,PASS,convnext_large_vision_hard_msi_cuda_sweep.csv
vision,hard,ConvNeXt-Large,197.8,RTX 3050 Laptop,cuda,fp32,none,grid,,320.0,,,1.0,,3.0,short_sweep,0,short_measurement,0.057091600028797984,17.515711584463965,img/s,,,,,,764.76025390625,811.63525390625,,,,,,,0,PASS,convnext_large_vision_hard_msi_cuda_sweep.csv
vision,hard,ConvNeXt-Large,197.8,RTX 3050 Laptop,cuda,fp32,none,grid,,320.0,,,4.0,,1.0,short_sweep,0,short_measurement,0.1978639999870211,20.215905876068312,img/s,,,,,,768.13134765625,957.63134765625,,,,,,,0,PASS,convnext_large_vision_hard_msi_cuda_sweep.csv
vision,hard,ConvNeXt-Large,197.8,RTX 3050 Laptop,cuda,fp32,none,grid,,320.0,,,4.0,,2.0,short_sweep,0,short_measurement,0.1988975999993272,20.110851010839397,img/s,,,,,,768.13134765625,957.63134765625,,,,,,,0,PASS,convnext_large_vision_hard_msi_cuda_sweep.csv
vision,hard,ConvNeXt-Large,197.8,RTX 3050 Laptop,cuda,fp32,none,grid,,320.0,,,4.0,,3.0,short_sweep,0,short_measurement,0.1987508999882266,20.12569502949143,img/s,,,,,,768.13134765625,957.63134765625,,,,,,,0,PASS,convnext_large_vision_hard_msi_cuda_sweep.csv
vision,hard,ConvNeXt-Large,197.8,RTX 3050 Laptop,cuda,fp32,none,grid,,320.0,,,16.0,,1.0,short_sweep,0,short_measurement,0.7770287999883294,20.591257364257686,img/s,,,,,,782.2392578125,1534.2392578125,,,,,,,0,PASS,convnext_large_vision_hard_msi_cuda_sweep.csv
vision,hard,ConvNeXt-Large,197.8,RTX 3050 Laptop,cuda,fp32,none,grid,,320.0,,,16.0,,2.0,short_sweep,0,short_measurement,0.7797500999877229,20.519394611494015,img/s,,,,,,782.2392578125,1534.2392578125,,,,,,,0,PASS,convnext_large_vision_hard_msi_cuda_sweep.csv
vision,hard,ConvNeXt-Large,197.8,RTX 3050 Laptop,cuda,fp32,none,grid,,320.0,,,16.0,,3.0,short_sweep,0,short_measurement,0.7814547999878414,20.47463269820461,img/s,,,,,,782.2392578125,1534.2392578125,,,,,,,0,PASS,convnext_large_vision_hard_msi_cuda_sweep.csv
vision,hard,ConvNeXt-Large,197.8,RTX 3050 Laptop,cuda,fp16,none,grid,,160.0,,,1.0,,1.0,short_sweep,0,short_measurement,0.010104999993927777,98.96091049984292,img/s,,,,,,385.69580078125,395.06201171875,,,,,,,0,PASS,convnext_large_vision_hard_msi_cuda_sweep.csv
vision,hard,ConvNeXt-Large,197.8,RTX 3050 Laptop,cuda,fp16,none,grid,,160.0,,,1.0,,2.0,short_sweep,0,short_measurement,0.00964509998448193,103.67958876620325,img/s,,,,,,385.69580078125,395.06201171875,,,,,,,0,PASS,convnext_large_vision_hard_msi_cuda_sweep.csv
vision,hard,ConvNeXt-Large,197.8,RTX 3050 Laptop,cuda,fp16,none,grid,,160.0,,,1.0,,3.0,short_sweep,0,short_measurement,0.010361199965700507,96.51391762637324,img/s,,,,,,385.69580078125,395.06201171875,,,,,,,0,PASS,convnext_large_vision_hard_msi_cuda_sweep.csv
vision,hard,ConvNeXt-Large,197.8,RTX 3050 Laptop,cuda,fp16,none,grid,,160.0,,,4.0,,1.0,short_sweep,0,short_measurement,0.022334799985401332,179.09271641628825,img/s,,,,,,386.14111328125,410.57080078125,,,,,,,0,PASS,convnext_large_vision_hard_msi_cuda_sweep.csv
vision,hard,ConvNeXt-Large,197.8,RTX 3050 Laptop,cuda,fp16,none,grid,,160.0,,,4.0,,2.0,short_sweep,0,short_measurement,0.02241660002619028,178.43919217573705,img/s,,,,,,386.14111328125,410.57080078125,,,,,,,0,PASS,convnext_large_vision_hard_msi_cuda_sweep.csv
vision,hard,ConvNeXt-Large,197.8,RTX 3050 Laptop,cuda,fp16,none,grid,,160.0,,,4.0,,3.0,short_sweep,0,short_measurement,0.02237810002407059,178.7461846938513,img/s,,,,,,386.14111328125,410.57080078125,,,,,,,0,PASS,convnext_large_vision_hard_msi_cuda_sweep.csv
vision,hard,ConvNeXt-Large,197.8,RTX 3050 Laptop,cuda,fp16,none,grid,,160.0,,,16.0,,1.0,short_sweep,0,short_measurement,0.06863350002095103,233.12230900530858,img/s,,,,,,388.25,483.0,,,,,,,0,PASS,convnext_large_vision_hard_msi_cuda_sweep.csv
vision,hard,ConvNeXt-Large,197.8,RTX 3050 Laptop,cuda,fp16,none,grid,,160.0,,,16.0,,2.0,short_sweep,0,short_measurement,0.06853039999259636,233.47302805366013,img/s,,,,,,388.25,483.0,,,,,,,0,PASS,convnext_large_vision_hard_msi_cuda_sweep.csv
vision,hard,ConvNeXt-Large,197.8,RTX 3050 Laptop,cuda,fp16,none,grid,,160.0,,,16.0,,3.0,short_sweep,0,short_measurement,0.06832269998267293,234.1827826484858,img/s,,,,,,388.25,483.0,,,,,,,0,PASS,convnext_large_vision_hard_msi_cuda_sweep.csv
vision,hard,ConvNeXt-Large,197.8,RTX 3050 Laptop,cuda,fp16,none,grid,,224.0,,,1.0,,1.0,short_sweep,0,short_measurement,0.013442000024951994,74.39369127687316,img/s,,,,,,385.83642578125,399.02392578125,,,,,,,0,PASS,convnext_large_vision_hard_msi_cuda_sweep.csv
vision,hard,ConvNeXt-Large,197.8,RTX 3050 Laptop,cuda,fp16,none,grid,,224.0,,,1.0,,2.0,short_sweep,0,short_measurement,0.013462800008710474,74.27875325734594,img/s,,,,,,385.83642578125,399.02392578125,,,,,,,0,PASS,convnext_large_vision_hard_msi_cuda_sweep.csv
vision,hard,ConvNeXt-Large,197.8,RTX 3050 Laptop,cuda,fp16,none,grid,,224.0,,,1.0,,3.0,short_sweep,0,short_measurement,0.013499399996362627,74.07736642142962,img/s,,,,,,385.83642578125,399.02392578125,,,,,,,0,PASS,convnext_large_vision_hard_msi_cuda_sweep.csv
vision,hard,ConvNeXt-Large,197.8,RTX 3050 Laptop,cuda,fp16,none,grid,,224.0,,,4.0,,1.0,short_sweep,0,short_measurement,0.040870699973311275,97.86962304565411,img/s,,,,,,387.55517578125,433.49267578125,,,,,,,0,PASS,convnext_large_vision_hard_msi_cuda_sweep.csv
vision,hard,ConvNeXt-Large,197.8,RTX 3050 Laptop,cuda,fp16,none,grid,,224.0,,,4.0,,2.0,short_sweep,0,short_measurement,0.040522399998735636,98.71083647870823,img/s,,,,,,387.55517578125,433.49267578125,,,,,,,0,PASS,convnext_large_vision_hard_msi_cuda_sweep.csv
vision,hard,ConvNeXt-Large,197.8,RTX 3050 Laptop,cuda,fp16,none,grid,,224.0,,,4.0,,3.0,short_sweep,0,short_measurement,0.04049709998071194,98.77250474491088,img/s,,,,,,387.55517578125,433.49267578125,,,,,,,0,PASS,convnext_large_vision_hard_msi_cuda_sweep.csv
vision,hard,ConvNeXt-Large,197.8,RTX 3050 Laptop,cuda,fp16,none,grid,,224.0,,,16.0,,1.0,short_sweep,0,short_measurement,0.12510289996862411,127.89471710098495,img/s,,,,,,390.171875,574.921875,,,,,,,0,PASS,convnext_large_vision_hard_msi_cuda_sweep.csv
vision,hard,ConvNeXt-Large,197.8,RTX 3050 Laptop,cuda,fp16,none,grid,,224.0,,,16.0,,2.0,short_sweep,0,short_measurement,0.12782629998400807,125.16985942643812,img/s,,,,,,390.171875,574.921875,,,,,,,0,PASS,convnext_large_vision_hard_msi_cuda_sweep.csv
vision,hard,ConvNeXt-Large,197.8,RTX 3050 Laptop,cuda,fp16,none,grid,,224.0,,,16.0,,3.0,short_sweep,0,short_measurement,0.12982550001470372,123.2423522203872,img/s,,,,,,390.171875,574.921875,,,,,,,0,PASS,convnext_large_vision_hard_msi_cuda_sweep.csv
vision,hard,ConvNeXt-Large,197.8,RTX 3050 Laptop,cuda,fp16,none,grid,,320.0,,,1.0,,1.0,short_sweep,0,short_measurement,0.02250870002899319,44.42726584440291,img/s,,,,,,386.13525390625,410.56494140625,,,,,,,0,PASS,convnext_large_vision_hard_msi_cuda_sweep.csv
vision,hard,ConvNeXt-Large,197.8,RTX 3050 Laptop,cuda,fp16,none,grid,,320.0,,,1.0,,2.0,short_sweep,0,short_measurement,0.022486699977889657,44.47073163173179,img/s,,,,,,386.13525390625,410.56494140625,,,,,,,0,PASS,convnext_large_vision_hard_msi_cuda_sweep.csv
vision,hard,ConvNeXt-Large,197.8,RTX 3050 Laptop,cuda,fp16,none,grid,,320.0,,,1.0,,3.0,short_sweep,0,short_measurement,0.022435199993196875,44.57281416271014,img/s,,,,,,386.13525390625,410.56494140625,,,,,,,0,PASS,convnext_large_vision_hard_msi_cuda_sweep.csv
vision,hard,ConvNeXt-Large,197.8,RTX 3050 Laptop,cuda,fp16,none,grid,,320.0,,,4.0,,1.0,short_sweep,0,short_measurement,0.07641519996104762,52.34560665991826,img/s,,,,,,388.22705078125,482.97705078125,,,,,,,0,PASS,convnext_large_vision_hard_msi_cuda_sweep.csv
vision,hard,ConvNeXt-Large,197.8,RTX 3050 Laptop,cuda,fp16,none,grid,,320.0,,,4.0,,2.0,short_sweep,0,short_measurement,0.07613409997429699,52.5388755019158,img/s,,,,,,388.22705078125,482.97705078125,,,,,,,0,PASS,convnext_large_vision_hard_msi_cuda_sweep.csv
vision,hard,ConvNeXt-Large,197.8,RTX 3050 Laptop,cuda,fp16,none,grid,,320.0,,,4.0,,3.0,short_sweep,0,short_measurement,0.0763747000019066,52.37336447671997,img/s,,,,,,388.22705078125,482.97705078125,,,,,,,0,PASS,convnext_large_vision_hard_msi_cuda_sweep.csv
vision,hard,ConvNeXt-Large,197.8,RTX 3050 Laptop,cuda,fp16,none,grid,,320.0,,,16.0,,1.0,short_sweep,0,short_measurement,0.2511987999896519,63.69457179197958,img/s,,,,,,394.953125,770.953125,,,,,,,0,PASS,convnext_large_vision_hard_msi_cuda_sweep.csv
vision,hard,ConvNeXt-Large,197.8,RTX 3050 Laptop,cuda,fp16,none,grid,,320.0,,,16.0,,2.0,short_sweep,0,short_measurement,0.25225140003021806,63.42878571965628,img/s,,,,,,394.953125,770.953125,,,,,,,0,PASS,convnext_large_vision_hard_msi_cuda_sweep.csv
vision,hard,ConvNeXt-Large,197.8,RTX 3050 Laptop,cuda,fp16,none,grid,,320.0,,,16.0,,3.0,short_sweep,0,short_measurement,0.2572546000010334,62.195194954475944,img/s,,,,,,394.953125,770.953125,,,,,,,0,PASS,convnext_large_vision_hard_msi_cuda_sweep.csv
vision,hard,ConvNeXt-Large,197.8,Apple M4,cpu,fp32,none,grid,,224.0,,,1.0,4.0,1.0,cpu_batch_short,0,short_measurement,1.2511634999973467,0.7992560524680593,img/s,,,,,,,,,,,,,,0,PASS,convnext_large_vision_hard_mac_cpu_batch_sweep.csv
vision,hard,ConvNeXt-Large,197.8,Apple M4,cpu,fp32,none,grid,,224.0,,,1.0,4.0,2.0,cpu_batch_short,0,short_measurement,1.0143645420030225,0.9858388760566714,img/s,,,,,,,,,,,,,,0,PASS,convnext_large_vision_hard_mac_cpu_batch_sweep.csv
vision,hard,ConvNeXt-Large,197.8,Apple M4,cpu,fp32,none,grid,,224.0,,,1.0,4.0,3.0,cpu_batch_short,0,short_measurement,0.8806854170106817,1.1354792309316406,img/s,,,,,,,,,,,,,,0,PASS,convnext_large_vision_hard_mac_cpu_batch_sweep.csv
vision,hard,ConvNeXt-Large,197.8,Apple M4,cpu,fp32,none,grid,,224.0,,,2.0,4.0,1.0,cpu_batch_short,0,short_measurement,2.0385392909956863,0.9810946538210394,img/s,,,,,,,,,,,,,,0,PASS,convnext_large_vision_hard_mac_cpu_batch_sweep.csv
vision,hard,ConvNeXt-Large,197.8,Apple M4,cpu,fp32,none,grid,,224.0,,,2.0,4.0,2.0,cpu_batch_short,0,short_measurement,2.2572011669981293,0.8860530595329333,img/s,,,,,,,,,,,,,,0,PASS,convnext_large_vision_hard_mac_cpu_batch_sweep.csv
vision,hard,ConvNeXt-Large,197.8,Apple M4,cpu,fp32,none,grid,,224.0,,,2.0,4.0,3.0,cpu_batch_short,0,short_measurement,2.277344166999683,0.878215962690842,img/s,,,,,,,,,,,,,,0,PASS,convnext_large_vision_hard_mac_cpu_batch_sweep.csv
vision,hard,ConvNeXt-Large,197.8,Apple M4,cpu,fp32,none,grid,,224.0,,,4.0,4.0,1.0,cpu_batch_short,0,short_measurement,2.7307406670006458,1.4648040542031646,img/s,,,,,,,,,,,,,,0,PASS,convnext_large_vision_hard_mac_cpu_batch_sweep.csv
vision,hard,ConvNeXt-Large,197.8,Apple M4,cpu,fp32,none,grid,,224.0,,,4.0,4.0,2.0,cpu_batch_short,0,short_measurement,3.6726492090092506,1.08913206036333,img/s,,,,,,,,,,,,,,0,PASS,convnext_large_vision_hard_mac_cpu_batch_sweep.csv
vision,hard,ConvNeXt-Large,197.8,Apple M4,cpu,fp32,none,grid,,224.0,,,4.0,4.0,3.0,cpu_batch_short,0,short_measurement,2.3510982080042595,1.701332588482307,img/s,,,,,,,,,,,,,,0,PASS,convnext_large_vision_hard_mac_cpu_batch_sweep.csv
vision,hard,ConvNeXt-Large,197.8,Apple M4,cpu,fp32,none,grid,,224.0,,,8.0,4.0,1.0,cpu_batch_short,0,short_measurement,5.307503333999193,1.5073000423293217,img/s,,,,,,,,,,,,,,0,PASS,convnext_large_vision_hard_mac_cpu_batch_sweep.csv
vision,hard,ConvNeXt-Large,197.8,Apple M4,cpu,fp32,none,grid,,224.0,,,8.0,4.0,2.0,cpu_batch_short,0,short_measurement,4.354893499999889,1.8370139246804091,img/s,,,,,,,,,,,,,,0,PASS,convnext_large_vision_hard_mac_cpu_batch_sweep.csv
vision,hard,ConvNeXt-Large,197.8,Apple M4,cpu,fp32,none,grid,,224.0,,,8.0,4.0,3.0,cpu_batch_short,0,short_measurement,8.367055416994845,0.9561308729652614,img/s,,,,,,,,,,,,,,0,PASS,convnext_large_vision_hard_mac_cpu_batch_sweep.csv
vision,hard,ConvNeXt-Large,197.8,Intel i7-11800H,cpu,fp32,none,grid,,224.0,,,1.0,16.0,1.0,cpu_batch_short,0,short_measurement,0.22892329999012873,4.3682753133609395,img/s,,,,,,,,,,,,,,0,PASS,convnext_large_vision_hard_msi_cpu_batch_sweep.csv
vision,hard,ConvNeXt-Large,197.8,Intel i7-11800H,cpu,fp32,none,grid,,224.0,,,1.0,16.0,2.0,cpu_batch_short,0,short_measurement,0.2106326000066474,4.747603172388513,img/s,,,,,,,,,,,,,,0,PASS,convnext_large_vision_hard_msi_cpu_batch_sweep.csv
vision,hard,ConvNeXt-Large,197.8,Intel i7-11800H,cpu,fp32,none,grid,,224.0,,,1.0,16.0,3.0,cpu_batch_short,0,short_measurement,0.274260799982585,3.646164526842691,img/s,,,,,,,,,,,,,,0,PASS,convnext_large_vision_hard_msi_cpu_batch_sweep.csv
vision,hard,ConvNeXt-Large,197.8,Intel i7-11800H,cpu,fp32,none,grid,,224.0,,,2.0,16.0,1.0,cpu_batch_short,0,short_measurement,0.35440120002022013,5.643321749152913,img/s,,,,,,,,,,,,,,0,PASS,convnext_large_vision_hard_msi_cpu_batch_sweep.csv
vision,hard,ConvNeXt-Large,197.8,Intel i7-11800H,cpu,fp32,none,grid,,224.0,,,2.0,16.0,2.0,cpu_batch_short,0,short_measurement,0.3958439000416547,5.0524967033457875,img/s,,,,,,,,,,,,,,0,PASS,convnext_large_vision_hard_msi_cpu_batch_sweep.csv
vision,hard,ConvNeXt-Large,197.8,Intel i7-11800H,cpu,fp32,none,grid,,224.0,,,2.0,16.0,3.0,cpu_batch_short,0,short_measurement,0.5114034999860451,3.910806242144559,img/s,,,,,,,,,,,,,,0,PASS,convnext_large_vision_hard_msi_cpu_batch_sweep.csv
vision,hard,ConvNeXt-Large,197.8,Intel i7-11800H,cpu,fp32,none,grid,,224.0,,,4.0,16.0,1.0,cpu_batch_short,0,short_measurement,0.9597761000040919,4.167638681545568,img/s,,,,,,,,,,,,,,0,PASS,convnext_large_vision_hard_msi_cpu_batch_sweep.csv
vision,hard,ConvNeXt-Large,197.8,Intel i7-11800H,cpu,fp32,none,grid,,224.0,,,4.0,16.0,2.0,cpu_batch_short,0,short_measurement,0.7575978999957442,5.279845680700105,img/s,,,,,,,,,,,,,,0,PASS,convnext_large_vision_hard_msi_cpu_batch_sweep.csv
vision,hard,ConvNeXt-Large,197.8,Intel i7-11800H,cpu,fp32,none,grid,,224.0,,,4.0,16.0,3.0,cpu_batch_short,0,short_measurement,1.0448119000066072,3.8284403154048157,img/s,,,,,,,,,,,,,,0,PASS,convnext_large_vision_hard_msi_cpu_batch_sweep.csv
vision,hard,ConvNeXt-Large,197.8,Intel i7-11800H,cpu,fp32,none,grid,,224.0,,,8.0,16.0,1.0,cpu_batch_short,0,short_measurement,1.8640354999806732,4.291763756689691,img/s,,,,,,,,,,,,,,0,PASS,convnext_large_vision_hard_msi_cpu_batch_sweep.csv
vision,hard,ConvNeXt-Large,197.8,Intel i7-11800H,cpu,fp32,none,grid,,224.0,,,8.0,16.0,2.0,cpu_batch_short,0,short_measurement,1.8789653000421822,4.257662448487156,img/s,,,,,,,,,,,,,,0,PASS,convnext_large_vision_hard_msi_cpu_batch_sweep.csv
vision,hard,ConvNeXt-Large,197.8,Intel i7-11800H,cpu,fp32,none,grid,,224.0,,,8.0,16.0,3.0,cpu_batch_short,0,short_measurement,1.9207993999589235,4.1649325797223185,img/s,,,,,,,,,,,,,,0,PASS,convnext_large_vision_hard_msi_cpu_batch_sweep.csv
vision,hard,ConvNeXt-Large,197.8,Apple M4,cpu,fp32,none,highres_single,,320.0,,,1.0,1.0,1.0,cpu_scaling_short,0,short_measurement,2.8206295420095557,0.35453078297107765,img/s,,,,,,,,,,,,,,0,PASS,convnext_large_vision_hard_mac_cpu_scaling.csv
vision,hard,ConvNeXt-Large,197.8,Apple M4,cpu,fp32,none,highres_single,,320.0,,,1.0,1.0,2.0,cpu_scaling_short,0,short_measurement,2.5451405410130974,0.3929056112563231,img/s,,,,,,,,,,,,,,0,PASS,convnext_large_vision_hard_mac_cpu_scaling.csv
vision,hard,ConvNeXt-Large,197.8,Apple M4,cpu,fp32,none,highres_single,,320.0,,,1.0,1.0,3.0,cpu_scaling_short,0,short_measurement,2.4956496249942575,0.40069727336115984,img/s,,,,,,,,,,,,,,0,PASS,convnext_large_vision_hard_mac_cpu_scaling.csv
vision,hard,ConvNeXt-Large,197.8,Apple M4,cpu,fp32,none,highres_single,,320.0,,,1.0,2.0,1.0,cpu_scaling_short,0,short_measurement,1.5935932080028579,0.6275127146489486,img/s,,,,,,,,,,,,,,0,PASS,convnext_large_vision_hard_mac_cpu_scaling.csv
vision,hard,ConvNeXt-Large,197.8,Apple M4,cpu,fp32,none,highres_single,,320.0,,,1.0,2.0,2.0,cpu_scaling_short,0,short_measurement,1.691862541003502,0.5910645668689287,img/s,,,,,,,,,,,,,,0,PASS,convnext_large_vision_hard_mac_cpu_scaling.csv
vision,hard,ConvNeXt-Large,197.8,Apple M4,cpu,fp32,none,highres_single,,320.0,,,1.0,2.0,3.0,cpu_scaling_short,0,short_measurement,1.6992399579903577,0.5884984020636328,img/s,,,,,,,,,,,,,,0,PASS,convnext_large_vision_hard_mac_cpu_scaling.csv
vision,hard,ConvNeXt-Large,197.8,Apple M4,cpu,fp32,none,highres_single,,320.0,,,1.0,4.0,1.0,cpu_scaling_short,0,short_measurement,1.327016499999445,0.7535701327002478,img/s,,,,,,,,,,,,,,0,PASS,convnext_large_vision_hard_mac_cpu_scaling.csv
vision,hard,ConvNeXt-Large,197.8,Apple M4,cpu,fp32,none,highres_single,,320.0,,,1.0,4.0,2.0,cpu_scaling_short,0,short_measurement,1.2146298750012647,0.8232960678650842,img/s,,,,,,,,,,,,,,0,PASS,convnext_large_vision_hard_mac_cpu_scaling.csv
vision,hard,ConvNeXt-Large,197.8,Apple M4,cpu,fp32,none,highres_single,,320.0,,,1.0,4.0,3.0,cpu_scaling_short,0,short_measurement,1.1261287500092294,0.8879979309575431,img/s,,,,,,,,,,,,,,0,PASS,convnext_large_vision_hard_mac_cpu_scaling.csv
vision,hard,ConvNeXt-Large,197.8,Apple M4,cpu,fp32,none,highres_single,,320.0,,,1.0,6.0,1.0,cpu_scaling_short,0,short_measurement,1.617606291998527,0.6181973975660764,img/s,,,,,,,,,,,,,,0,PASS,convnext_large_vision_hard_mac_cpu_scaling.csv
vision,hard,ConvNeXt-Large,197.8,Apple M4,cpu,fp32,none,highres_single,,320.0,,,1.0,6.0,2.0,cpu_scaling_short,0,short_measurement,1.4698411659919657,0.6803456204229527,img/s,,,,,,,,,,,,,,0,PASS,convnext_large_vision_hard_mac_cpu_scaling.csv
vision,hard,ConvNeXt-Large,197.8,Apple M4,cpu,fp32,none,highres_single,,320.0,,,1.0,6.0,3.0,cpu_scaling_short,0,short_measurement,1.7101934579986846,0.584729169277859,img/s,,,,,,,,,,,,,,0,PASS,convnext_large_vision_hard_mac_cpu_scaling.csv
vision,hard,ConvNeXt-Large,197.8,Apple M4,cpu,fp32,none,highres_single,,320.0,,,1.0,8.0,1.0,cpu_scaling_short,0,short_measurement,1.5720302080007968,0.6361200916563386,img/s,,,,,,,,,,,,,,0,PASS,convnext_large_vision_hard_mac_cpu_scaling.csv
vision,hard,ConvNeXt-Large,197.8,Apple M4,cpu,fp32,none,highres_single,,320.0,,,1.0,8.0,2.0,cpu_scaling_short,0,short_measurement,1.6310735840088455,0.6130931245555485,img/s,,,,,,,,,,,,,,0,PASS,convnext_large_vision_hard_mac_cpu_scaling.csv
vision,hard,ConvNeXt-Large,197.8,Apple M4,cpu,fp32,none,highres_single,,320.0,,,1.0,8.0,3.0,cpu_scaling_short,0,short_measurement,1.5600665419915458,0.6409982991644847,img/s,,,,,,,,,,,,,,0,PASS,convnext_large_vision_hard_mac_cpu_scaling.csv
vision,hard,ConvNeXt-Large,197.8,Apple M4,cpu,fp32,none,highres_single,,320.0,,,1.0,10.0,1.0,cpu_scaling_short,0,short_measurement,1.4196752080024453,0.7043864641455918,img/s,,,,,,,,,,,,,,0,PASS,convnext_large_vision_hard_mac_cpu_scaling.csv
vision,hard,ConvNeXt-Large,197.8,Apple M4,cpu,fp32,none,highres_single,,320.0,,,1.0,10.0,2.0,cpu_scaling_short,0,short_measurement,1.4330968330032192,0.6977895540417774,img/s,,,,,,,,,,,,,,0,PASS,convnext_large_vision_hard_mac_cpu_scaling.csv
vision,hard,ConvNeXt-Large,197.8,Apple M4,cpu,fp32,none,highres_single,,320.0,,,1.0,10.0,3.0,cpu_scaling_short,0,short_measurement,1.433873832997051,0.6974114297837644,img/s,,,,,,,,,,,,,,0,PASS,convnext_large_vision_hard_mac_cpu_scaling.csv
vision,hard,ConvNeXt-Large,197.8,Apple M4,cpu,fp32,none,batch_workload,,224.0,,,8.0,1.0,1.0,cpu_scaling_short,0,short_measurement,8.901365959012765,0.8987384674258766,img/s,,,,,,,,,,,,,,0,PASS,convnext_large_vision_hard_mac_cpu_scaling.csv
vision,hard,ConvNeXt-Large,197.8,Apple M4,cpu,fp32,none,batch_workload,,224.0,,,8.0,1.0,2.0,cpu_scaling_short,0,short_measurement,8.982844500002102,0.8905864951795757,img/s,,,,,,,,,,,,,,0,PASS,convnext_large_vision_hard_mac_cpu_scaling.csv
vision,hard,ConvNeXt-Large,197.8,Apple M4,cpu,fp32,none,batch_workload,,224.0,,,8.0,1.0,3.0,cpu_scaling_short,0,short_measurement,9.123658417011029,0.8768412444161684,img/s,,,,,,,,,,,,,,0,PASS,convnext_large_vision_hard_mac_cpu_scaling.csv
vision,hard,ConvNeXt-Large,197.8,Apple M4,cpu,fp32,none,batch_workload,,224.0,,,8.0,2.0,1.0,cpu_scaling_short,0,short_measurement,5.749847624989343,1.3913412183709526,img/s,,,,,,,,,,,,,,0,PASS,convnext_large_vision_hard_mac_cpu_scaling.csv
vision,hard,ConvNeXt-Large,197.8,Apple M4,cpu,fp32,none,batch_workload,,224.0,,,8.0,2.0,2.0,cpu_scaling_short,0,short_measurement,5.634128542005783,1.4199179057338214,img/s,,,,,,,,,,,,,,0,PASS,convnext_large_vision_hard_mac_cpu_scaling.csv
vision,hard,ConvNeXt-Large,197.8,Apple M4,cpu,fp32,none,batch_workload,,224.0,,,8.0,2.0,3.0,cpu_scaling_short,0,short_measurement,5.6340602499985835,1.4199351169526473,img/s,,,,,,,,,,,,,,0,PASS,convnext_large_vision_hard_mac_cpu_scaling.csv
vision,hard,ConvNeXt-Large,197.8,Apple M4,cpu,fp32,none,batch_workload,,224.0,,,8.0,4.0,1.0,cpu_scaling_short,0,short_measurement,5.0641053750005085,1.5797459585838884,img/s,,,,,,,,,,,,,,0,PASS,convnext_large_vision_hard_mac_cpu_scaling.csv
vision,hard,ConvNeXt-Large,197.8,Apple M4,cpu,fp32,none,batch_workload,,224.0,,,8.0,4.0,2.0,cpu_scaling_short,0,short_measurement,3.6815473750029923,2.1729993356376403,img/s,,,,,,,,,,,,,,0,PASS,convnext_large_vision_hard_mac_cpu_scaling.csv
vision,hard,ConvNeXt-Large,197.8,Apple M4,cpu,fp32,none,batch_workload,,224.0,,,8.0,4.0,3.0,cpu_scaling_short,0,short_measurement,5.076379916004953,1.5759261781761793,img/s,,,,,,,,,,,,,,0,PASS,convnext_large_vision_hard_mac_cpu_scaling.csv
vision,hard,ConvNeXt-Large,197.8,Apple M4,cpu,fp32,none,batch_workload,,224.0,,,8.0,6.0,1.0,cpu_scaling_short,0,short_measurement,5.3821062920033,1.4864069131979705,img/s,,,,,,,,,,,,,,0,PASS,convnext_large_vision_hard_mac_cpu_scaling.csv
vision,hard,ConvNeXt-Large,197.8,Apple M4,cpu,fp32,none,batch_workload,,224.0,,,8.0,6.0,2.0,cpu_scaling_short,0,short_measurement,5.2604041659942595,1.520795693174259,img/s,,,,,,,,,,,,,,0,PASS,convnext_large_vision_hard_mac_cpu_scaling.csv
vision,hard,ConvNeXt-Large,197.8,Apple M4,cpu,fp32,none,batch_workload,,224.0,,,8.0,6.0,3.0,cpu_scaling_short,0,short_measurement,5.398055666999426,1.482015098307961,img/s,,,,,,,,,,,,,,0,PASS,convnext_large_vision_hard_mac_cpu_scaling.csv
vision,hard,ConvNeXt-Large,197.8,Apple M4,cpu,fp32,none,batch_workload,,224.0,,,8.0,8.0,1.0,cpu_scaling_short,0,short_measurement,3.6853109579969896,2.170780184136238,img/s,,,,,,,,,,,,,,0,PASS,convnext_large_vision_hard_mac_cpu_scaling.csv
vision,hard,ConvNeXt-Large,197.8,Apple M4,cpu,fp32,none,batch_workload,,224.0,,,8.0,8.0,2.0,cpu_scaling_short,0,short_measurement,3.822028416005196,2.093129388180123,img/s,,,,,,,,,,,,,,0,PASS,convnext_large_vision_hard_mac_cpu_scaling.csv
vision,hard,ConvNeXt-Large,197.8,Apple M4,cpu,fp32,none,batch_workload,,224.0,,,8.0,8.0,3.0,cpu_scaling_short,0,short_measurement,4.023062166001182,1.9885350188241784,img/s,,,,,,,,,,,,,,0,PASS,convnext_large_vision_hard_mac_cpu_scaling.csv
vision,hard,ConvNeXt-Large,197.8,Apple M4,cpu,fp32,none,batch_workload,,224.0,,,8.0,10.0,1.0,cpu_scaling_short,0,short_measurement,3.883637582999654,2.059924446868943,img/s,,,,,,,,,,,,,,0,PASS,convnext_large_vision_hard_mac_cpu_scaling.csv
vision,hard,ConvNeXt-Large,197.8,Apple M4,cpu,fp32,none,batch_workload,,224.0,,,8.0,10.0,2.0,cpu_scaling_short,0,short_measurement,4.036073583003599,1.9821244175747887,img/s,,,,,,,,,,,,,,0,PASS,convnext_large_vision_hard_mac_cpu_scaling.csv
vision,hard,ConvNeXt-Large,197.8,Apple M4,cpu,fp32,none,batch_workload,,224.0,,,8.0,10.0,3.0,cpu_scaling_short,0,short_measurement,4.124757541998406,1.9395079392046097,img/s,,,,,,,,,,,,,,0,PASS,convnext_large_vision_hard_mac_cpu_scaling.csv
vision,hard,ConvNeXt-Large,197.8,Intel i7-11800H,cpu,fp32,none,highres_single,,320.0,,,1.0,1.0,1.0,cpu_scaling_short,0,short_measurement,1.5993166999542154,0.6252670281180879,img/s,,,,,,,,,,,,,,0,PASS,convnext_large_vision_hard_msi_cpu_scaling.csv
vision,hard,ConvNeXt-Large,197.8,Intel i7-11800H,cpu,fp32,none,highres_single,,320.0,,,1.0,1.0,2.0,cpu_scaling_short,0,short_measurement,1.608326199988369,0.6217644157057391,img/s,,,,,,,,,,,,,,0,PASS,convnext_large_vision_hard_msi_cpu_scaling.csv
vision,hard,ConvNeXt-Large,197.8,Intel i7-11800H,cpu,fp32,none,highres_single,,320.0,,,1.0,1.0,3.0,cpu_scaling_short,0,short_measurement,1.6195622999803163,0.6174507766772255,img/s,,,,,,,,,,,,,,0,PASS,convnext_large_vision_hard_msi_cpu_scaling.csv
vision,hard,ConvNeXt-Large,197.8,Intel i7-11800H,cpu,fp32,none,highres_single,,320.0,,,1.0,2.0,1.0,cpu_scaling_short,0,short_measurement,0.8620039999950677,1.1600874241949246,img/s,,,,,,,,,,,,,,0,PASS,convnext_large_vision_hard_msi_cpu_scaling.csv
vision,hard,ConvNeXt-Large,197.8,Intel i7-11800H,cpu,fp32,none,highres_single,,320.0,,,1.0,2.0,2.0,cpu_scaling_short,0,short_measurement,0.8445379000040703,1.1840794829873005,img/s,,,,,,,,,,,,,,0,PASS,convnext_large_vision_hard_msi_cpu_scaling.csv
vision,hard,ConvNeXt-Large,197.8,Intel i7-11800H,cpu,fp32,none,highres_single,,320.0,,,1.0,2.0,3.0,cpu_scaling_short,0,short_measurement,0.8339003000291996,1.1991841230480242,img/s,,,,,,,,,,,,,,0,PASS,convnext_large_vision_hard_msi_cpu_scaling.csv
vision,hard,ConvNeXt-Large,197.8,Intel i7-11800H,cpu,fp32,none,highres_single,,320.0,,,1.0,4.0,1.0,cpu_scaling_short,0,short_measurement,0.5568645000457764,1.7957689885381385,img/s,,,,,,,,,,,,,,0,PASS,convnext_large_vision_hard_msi_cpu_scaling.csv
vision,hard,ConvNeXt-Large,197.8,Intel i7-11800H,cpu,fp32,none,highres_single,,320.0,,,1.0,4.0,2.0,cpu_scaling_short,0,short_measurement,0.5967597999842837,1.6757160921803647,img/s,,,,,,,,,,,,,,0,PASS,convnext_large_vision_hard_msi_cpu_scaling.csv
vision,hard,ConvNeXt-Large,197.8,Intel i7-11800H,cpu,fp32,none,highres_single,,320.0,,,1.0,4.0,3.0,cpu_scaling_short,0,short_measurement,0.5929581000236794,1.6864598020670694,img/s,,,,,,,,,,,,,,0,PASS,convnext_large_vision_hard_msi_cpu_scaling.csv
vision,hard,ConvNeXt-Large,197.8,Intel i7-11800H,cpu,fp32,none,highres_single,,320.0,,,1.0,8.0,1.0,cpu_scaling_short,0,short_measurement,0.524820799997542,1.9054122854976088,img/s,,,,,,,,,,,,,,0,PASS,convnext_large_vision_hard_msi_cpu_scaling.csv
vision,hard,ConvNeXt-Large,197.8,Intel i7-11800H,cpu,fp32,none,highres_single,,320.0,,,1.0,8.0,2.0,cpu_scaling_short,0,short_measurement,0.5106070999754593,1.9584529867447238,img/s,,,,,,,,,,,,,,0,PASS,convnext_large_vision_hard_msi_cpu_scaling.csv
vision,hard,ConvNeXt-Large,197.8,Intel i7-11800H,cpu,fp32,none,highres_single,,320.0,,,1.0,8.0,3.0,cpu_scaling_short,0,short_measurement,0.4112318999832496,2.431717967503815,img/s,,,,,,,,,,,,,,0,PASS,convnext_large_vision_hard_msi_cpu_scaling.csv
vision,hard,ConvNeXt-Large,197.8,Intel i7-11800H,cpu,fp32,none,highres_single,,320.0,,,1.0,16.0,1.0,cpu_scaling_short,0,short_measurement,0.4836719000013545,2.067517257043875,img/s,,,,,,,,,,,,,,0,PASS,convnext_large_vision_hard_msi_cpu_scaling.csv
vision,hard,ConvNeXt-Large,197.8,Intel i7-11800H,cpu,fp32,none,highres_single,,320.0,,,1.0,16.0,2.0,cpu_scaling_short,0,short_measurement,0.4435721000190824,2.2544249287928166,img/s,,,,,,,,,,,,,,0,PASS,convnext_large_vision_hard_msi_cpu_scaling.csv
vision,hard,ConvNeXt-Large,197.8,Intel i7-11800H,cpu,fp32,none,highres_single,,320.0,,,1.0,16.0,3.0,cpu_scaling_short,0,short_measurement,0.3640087000094354,2.7471870863912846,img/s,,,,,,,,,,,,,,0,PASS,convnext_large_vision_hard_msi_cpu_scaling.csv
vision,hard,ConvNeXt-Large,197.8,Intel i7-11800H,cpu,fp32,none,batch_workload,,224.0,,,2.0,1.0,1.0,cpu_scaling_short,0,short_measurement,1.591203200048767,1.2569104938569156,img/s,,,,,,,,,,,,,,0,PASS,convnext_large_vision_hard_msi_cpu_scaling.csv
vision,hard,ConvNeXt-Large,197.8,Intel i7-11800H,cpu,fp32,none,batch_workload,,224.0,,,2.0,1.0,2.0,cpu_scaling_short,0,short_measurement,1.4225550999981351,1.4059209376161401,img/s,,,,,,,,,,,,,,0,PASS,convnext_large_vision_hard_msi_cpu_scaling.csv
vision,hard,ConvNeXt-Large,197.8,Intel i7-11800H,cpu,fp32,none,batch_workload,,224.0,,,2.0,1.0,3.0,cpu_scaling_short,0,short_measurement,1.417048099974636,1.411384694729698,img/s,,,,,,,,,,,,,,0,PASS,convnext_large_vision_hard_msi_cpu_scaling.csv
vision,hard,ConvNeXt-Large,197.8,Intel i7-11800H,cpu,fp32,none,batch_workload,,224.0,,,2.0,2.0,1.0,cpu_scaling_short,0,short_measurement,0.8412908000173047,2.377299264367162,img/s,,,,,,,,,,,,,,0,PASS,convnext_large_vision_hard_msi_cpu_scaling.csv
vision,hard,ConvNeXt-Large,197.8,Intel i7-11800H,cpu,fp32,none,batch_workload,,224.0,,,2.0,2.0,2.0,cpu_scaling_short,0,short_measurement,0.8406779000069946,2.379032445105741,img/s,,,,,,,,,,,,,,0,PASS,convnext_large_vision_hard_msi_cpu_scaling.csv
vision,hard,ConvNeXt-Large,197.8,Intel i7-11800H,cpu,fp32,none,batch_workload,,224.0,,,2.0,2.0,3.0,cpu_scaling_short,0,short_measurement,0.8419970999821089,2.3753050931440223,img/s,,,,,,,,,,,,,,0,PASS,convnext_large_vision_hard_msi_cpu_scaling.csv
vision,hard,ConvNeXt-Large,197.8,Intel i7-11800H,cpu,fp32,none,batch_workload,,224.0,,,2.0,4.0,1.0,cpu_scaling_short,0,short_measurement,0.582258099981118,3.434902837873544,img/s,,,,,,,,,,,,,,0,PASS,convnext_large_vision_hard_msi_cpu_scaling.csv
vision,hard,ConvNeXt-Large,197.8,Intel i7-11800H,cpu,fp32,none,batch_workload,,224.0,,,2.0,4.0,2.0,cpu_scaling_short,0,short_measurement,0.576338900020346,3.4701804787589308,img/s,,,,,,,,,,,,,,0,PASS,convnext_large_vision_hard_msi_cpu_scaling.csv
vision,hard,ConvNeXt-Large,197.8,Intel i7-11800H,cpu,fp32,none,batch_workload,,224.0,,,2.0,4.0,3.0,cpu_scaling_short,0,short_measurement,0.5495184999890625,3.6395498969366953,img/s,,,,,,,,,,,,,,0,PASS,convnext_large_vision_hard_msi_cpu_scaling.csv
vision,hard,ConvNeXt-Large,197.8,Intel i7-11800H,cpu,fp32,none,batch_workload,,224.0,,,2.0,8.0,1.0,cpu_scaling_short,0,short_measurement,0.36395999998785555,5.495109352859476,img/s,,,,,,,,,,,,,,0,PASS,convnext_large_vision_hard_msi_cpu_scaling.csv
vision,hard,ConvNeXt-Large,197.8,Intel i7-11800H,cpu,fp32,none,batch_workload,,224.0,,,2.0,8.0,2.0,cpu_scaling_short,0,short_measurement,0.34240460000000894,5.841043023370445,img/s,,,,,,,,,,,,,,0,PASS,convnext_large_vision_hard_msi_cpu_scaling.csv
vision,hard,ConvNeXt-Large,197.8,Intel i7-11800H,cpu,fp32,none,batch_workload,,224.0,,,2.0,8.0,3.0,cpu_scaling_short,0,short_measurement,0.5533552000415511,3.6143150002924362,img/s,,,,,,,,,,,,,,0,PASS,convnext_large_vision_hard_msi_cpu_scaling.csv
vision,hard,ConvNeXt-Large,197.8,Intel i7-11800H,cpu,fp32,none,batch_workload,,224.0,,,2.0,16.0,1.0,cpu_scaling_short,0,short_measurement,0.36018129996955395,5.552759124832576,img/s,,,,,,,,,,,,,,0,PASS,convnext_large_vision_hard_msi_cpu_scaling.csv
vision,hard,ConvNeXt-Large,197.8,Intel i7-11800H,cpu,fp32,none,batch_workload,,224.0,,,2.0,16.0,2.0,cpu_scaling_short,0,short_measurement,0.38333640003111213,5.217349565127854,img/s,,,,,,,,,,,,,,0,PASS,convnext_large_vision_hard_msi_cpu_scaling.csv
vision,hard,ConvNeXt-Large,197.8,Intel i7-11800H,cpu,fp32,none,batch_workload,,224.0,,,2.0,16.0,3.0,cpu_scaling_short,0,short_measurement,0.5134276999742724,3.895387802606324,img/s,,,,,,,,,,,,,,0,PASS,convnext_large_vision_hard_msi_cpu_scaling.csv
vision,hard,ConvNeXt-Large,197.8,Apple M4,cpu,fp32,none,highres_single,,320.0,,,1.0,1.0,1.0,sustained_power,1,power_monitored_or_summary,2.3930361669918057,0.4178791836886702,img/s,5.94275,,14.221215681390554,14.221215681390554,,,,,,,,,combined_soc,0,PASS,convnext_large_vision_hard_mac_cpu_power.csv
vision,hard,ConvNeXt-Large,197.8,Apple M4,cpu,fp32,none,highres_single,,320.0,,,1.0,1.0,2.0,sustained_power,1,power_monitored_or_summary,2.403683333992376,0.41602817886125587,img/s,6.35675,,15.279614033356037,15.279614033356037,,,,,,,,,combined_soc,0,PASS,convnext_large_vision_hard_mac_cpu_power.csv
vision,hard,ConvNeXt-Large,197.8,Apple M4,cpu,fp32,none,highres_single,,320.0,,,1.0,1.0,3.0,sustained_power,1,power_monitored_or_summary,2.696824624988949,0.3708064628059,img/s,8.356,,22.534666566407658,22.534666566407658,,,,,,,,,combined_soc,0,PASS,convnext_large_vision_hard_mac_cpu_power.csv
vision,hard,ConvNeXt-Large,197.8,Apple M4,cpu,fp32,none,highres_single,,320.0,,,1.0,4.0,1.0,sustained_power,1,power_monitored_or_summary,1.6001926669996465,0.6249247485148117,img/s,13.884,,22.217074988623093,22.217074988623093,,,,,,,,,combined_soc,0,PASS,convnext_large_vision_hard_mac_cpu_power.csv
vision,hard,ConvNeXt-Large,197.8,Apple M4,cpu,fp32,none,highres_single,,320.0,,,1.0,4.0,2.0,sustained_power,1,power_monitored_or_summary,1.3210844159912085,0.75695389930832,img/s,13.633,,18.010343843208144,18.010343843208144,,,,,,,,,combined_soc,0,PASS,convnext_large_vision_hard_mac_cpu_power.csv
vision,hard,ConvNeXt-Large,197.8,Apple M4,cpu,fp32,none,highres_single,,320.0,,,1.0,4.0,3.0,sustained_power,1,power_monitored_or_summary,1.2047493340069195,0.8300481865999989,img/s,13.552,,16.326762974461772,16.326762974461772,,,,,,,,,combined_soc,0,PASS,convnext_large_vision_hard_mac_cpu_power.csv
vision,hard,ConvNeXt-Large,197.8,Apple M4,cpu,fp32,none,highres_single,,320.0,,,1.0,8.0,1.0,sustained_power,1,power_monitored_or_summary,1.3731345830019563,0.728260734511393,img/s,13.1905,,18.112331717087304,18.112331717087304,,,,,,,,,combined_soc,0,PASS,convnext_large_vision_hard_mac_cpu_power.csv
vision,hard,ConvNeXt-Large,197.8,Apple M4,cpu,fp32,none,highres_single,,320.0,,,1.0,8.0,2.0,sustained_power,1,power_monitored_or_summary,1.4178557499981252,0.7052903653995283,img/s,13.361,,18.94397067572495,18.94397067572495,,,,,,,,,combined_soc,0,PASS,convnext_large_vision_hard_mac_cpu_power.csv
vision,hard,ConvNeXt-Large,197.8,Apple M4,cpu,fp32,none,highres_single,,320.0,,,1.0,8.0,3.0,sustained_power,1,power_monitored_or_summary,1.3576692909991834,0.7365563960454943,img/s,13.3925,,18.182585979706563,18.182585979706563,,,,,,,,,combined_soc,0,PASS,convnext_large_vision_hard_mac_cpu_power.csv
vision,hard,ConvNeXt-Large,197.8,Apple M4,cpu,fp32,none,highres_single,,320.0,,,1.0,10.0,1.0,sustained_power,1,power_monitored_or_summary,1.7873163339972962,0.5594980479832132,img/s,13.796,,24.657816143826697,24.657816143826697,,,,,,,,,combined_soc,0,PASS,convnext_large_vision_hard_mac_cpu_power.csv
vision,hard,ConvNeXt-Large,197.8,Apple M4,cpu,fp32,none,highres_single,,320.0,,,1.0,10.0,2.0,sustained_power,1,power_monitored_or_summary,1.608922999992501,0.6215337837824811,img/s,12.855666666666666,,20.683777780236927,20.683777780236927,,,,,,,,,combined_soc,0,PASS,convnext_large_vision_hard_mac_cpu_power.csv
vision,hard,ConvNeXt-Large,197.8,Apple M4,cpu,fp32,none,highres_single,,320.0,,,1.0,10.0,3.0,sustained_power,1,power_monitored_or_summary,1.5909193330007838,0.6285673819261504,img/s,12.552,,19.969219467825837,19.969219467825837,,,,,,,,,combined_soc,0,PASS,convnext_large_vision_hard_mac_cpu_power.csv
vision,hard,ConvNeXt-Large,197.8,Apple M4,cpu,fp32,none,batch_workload,,224.0,,,8.0,1.0,1.0,sustained_power,1,power_monitored_or_summary,8.760088292008732,0.9132328046622417,img/s,5.777058823529412,,50.60754536224574,6.325943170280717,,,,,,,,,combined_soc,0,PASS,convnext_large_vision_hard_mac_cpu_power.csv
vision,hard,ConvNeXt-Large,197.8,Apple M4,cpu,fp32,none,batch_workload,,224.0,,,8.0,1.0,2.0,sustained_power,1,power_monitored_or_summary,8.777646292001009,0.9114060573721601,img/s,5.748117647058823,,50.454943550691446,6.306867943836431,,,,,,,,,combined_soc,0,PASS,convnext_large_vision_hard_mac_cpu_power.csv
vision,hard,ConvNeXt-Large,197.8,Apple M4,cpu,fp32,none,batch_workload,,224.0,,,8.0,1.0,3.0,sustained_power,1,power_monitored_or_summary,8.810615791997407,0.9079955577300646,img/s,5.838823529411765,,51.443630794921326,6.430453849365166,,,,,,,,,combined_soc,0,PASS,convnext_large_vision_hard_mac_cpu_power.csv
vision,hard,ConvNeXt-Large,197.8,Apple M4,cpu,fp32,none,batch_workload,,224.0,,,8.0,4.0,1.0,sustained_power,1,power_monitored_or_summary,5.3238461669971,1.5026730204175633,img/s,11.9984,,63.87763585009801,7.984704481262251,,,,,,,,,combined_soc,0,PASS,convnext_large_vision_hard_mac_cpu_power.csv
vision,hard,ConvNeXt-Large,197.8,Apple M4,cpu,fp32,none,batch_workload,,224.0,,,8.0,4.0,2.0,sustained_power,1,power_monitored_or_summary,4.486659415997565,1.7830638027649974,img/s,14.7145,,66.01894997669616,8.25236874708702,,,,,,,,,combined_soc,0,PASS,convnext_large_vision_hard_mac_cpu_power.csv
vision,hard,ConvNeXt-Large,197.8,Apple M4,cpu,fp32,none,batch_workload,,224.0,,,8.0,4.0,3.0,sustained_power,1,power_monitored_or_summary,5.293775333004305,1.5112088248482332,img/s,11.4279,,60.496735128039894,7.562091891004987,,,,,,,,,combined_soc,0,PASS,convnext_large_vision_hard_mac_cpu_power.csv
vision,hard,ConvNeXt-Large,197.8,Apple M4,cpu,fp32,none,batch_workload,,224.0,,,8.0,8.0,1.0,sustained_power,1,power_monitored_or_summary,3.761622707999777,2.1267417338231556,img/s,15.192,,57.14657217993261,7.1433215224915765,,,,,,,,,combined_soc,0,PASS,convnext_large_vision_hard_mac_cpu_power.csv
vision,hard,ConvNeXt-Large,197.8,Apple M4,cpu,fp32,none,batch_workload,,224.0,,,8.0,8.0,2.0,sustained_power,1,power_monitored_or_summary,3.804448249997222,2.1028016349035217,img/s,15.333571428571428,,58.33577898763597,7.291972373454496,,,,,,,,,combined_soc,0,PASS,convnext_large_vision_hard_mac_cpu_power.csv
vision,hard,ConvNeXt-Large,197.8,Apple M4,cpu,fp32,none,batch_workload,,224.0,,,8.0,8.0,3.0,sustained_power,1,power_monitored_or_summary,3.721464832997299,2.1496911455580605,img/s,14.981142857142856,,55.751796300965815,6.968974537620727,,,,,,,,,combined_soc,0,PASS,convnext_large_vision_hard_mac_cpu_power.csv
vision,hard,ConvNeXt-Large,197.8,Apple M4,cpu,fp32,none,batch_workload,,224.0,,,8.0,10.0,1.0,sustained_power,1,power_monitored_or_summary,3.856258166997577,2.0745499013694606,img/s,15.062857142857142,,58.08626587546065,7.260783234432581,,,,,,,,,combined_soc,0,PASS,convnext_large_vision_hard_mac_cpu_power.csv
vision,hard,ConvNeXt-Large,197.8,Apple M4,cpu,fp32,none,batch_workload,,224.0,,,8.0,10.0,2.0,sustained_power,1,power_monitored_or_summary,3.91442245800863,2.0437242238973385,img/s,15.304,,59.90632129736408,7.48829016217051,,,,,,,,,combined_soc,0,PASS,convnext_large_vision_hard_mac_cpu_power.csv
vision,hard,ConvNeXt-Large,197.8,Apple M4,cpu,fp32,none,batch_workload,,224.0,,,8.0,10.0,3.0,sustained_power,1,power_monitored_or_summary,3.8976250830019126,2.052531946925608,img/s,15.177999999999999,,59.15815350980303,7.394769188725379,,,,,,,,,combined_soc,0,PASS,convnext_large_vision_hard_mac_cpu_power.csv
vision,hard,ConvNeXt-Large,197.8,Intel i7-11800H,cpu,fp32,none,highres_single,,320.0,,,1.0,1.0,1.0,sustained_power,1,no_monitor,,0.665400921317498,img/s,18.214285714285715,,,29.047416334836143,,,,,,,-5.763046575692234,,cpu_package,0,PASS,convnext_large_vision_hard_msi_cpu_power.csv
vision,hard,ConvNeXt-Large,197.8,Intel i7-11800H,cpu,fp32,none,highres_single,,320.0,,,1.0,1.0,2.0,sustained_power,1,no_monitor,,0.6266913812868293,img/s,20.057142857142857,,,31.688068146360457,,,,,,,0.9995833965274582,,cpu_package,0,PASS,convnext_large_vision_hard_msi_cpu_power.csv
vision,hard,ConvNeXt-Large,197.8,Intel i7-11800H,cpu,fp32,none,highres_single,,320.0,,,1.0,1.0,3.0,sustained_power,1,no_monitor,,0.640373686222983,img/s,21.12857142857143,,,30.974525154217627,,,,,,,6.520206284086795,,cpu_package,0,PASS,convnext_large_vision_hard_msi_cpu_power.csv
vision,hard,ConvNeXt-Large,197.8,Intel i7-11800H,cpu,fp32,none,highres_single,,320.0,,,1.0,8.0,1.0,sustained_power,1,no_monitor,,2.3474604990246823,img/s,38.77142857142857,,,17.05899059273438,,,,,,,-3.181091886592323,,cpu_package,0,PASS,convnext_large_vision_hard_msi_cpu_power.csv
vision,hard,ConvNeXt-Large,197.8,Intel i7-11800H,cpu,fp32,none,highres_single,,320.0,,,1.0,8.0,2.0,sustained_power,1,no_monitor,,2.235472409959128,img/s,37.2,,,16.64293555558866,,,,,,,-0.012964059023084099,,cpu_package,0,PASS,convnext_large_vision_hard_msi_cpu_power.csv
vision,hard,ConvNeXt-Large,197.8,Intel i7-11800H,cpu,fp32,none,highres_single,,320.0,,,1.0,8.0,3.0,sustained_power,1,no_monitor,,2.2072022562804046,img/s,36.84285714285714,,,16.653525845313297,,,,,,,0.23167206455452083,,cpu_package,0,PASS,convnext_large_vision_hard_msi_cpu_power.csv
vision,hard,ConvNeXt-Large,197.8,Intel i7-11800H,cpu,fp32,none,highres_single,,320.0,,,1.0,16.0,1.0,sustained_power,1,no_monitor,,2.2463295636748484,img/s,37.05714285714286,,,16.350938338956,,,,,,,0.8917785833393498,,cpu_package,0,PASS,convnext_large_vision_hard_msi_cpu_power.csv
vision,hard,ConvNeXt-Large,197.8,Intel i7-11800H,cpu,fp32,none,highres_single,,320.0,,,1.0,16.0,2.0,sustained_power,1,no_monitor,,2.178963238153711,img/s,36.58571428571429,,,16.22593649984697,,,,,,,3.47891424054449,,cpu_package,0,PASS,convnext_large_vision_hard_msi_cpu_power.csv
vision,hard,ConvNeXt-Large,197.8,Intel i7-11800H,cpu,fp32,none,highres_single,,320.0,,,1.0,16.0,3.0,sustained_power,1,no_monitor,,2.2559792453800758,img/s,36.28333333333333,,,16.879386246094153,,,,,,,-4.71699887811655,,cpu_package,0,PASS,convnext_large_vision_hard_msi_cpu_power.csv
vision,hard,ConvNeXt-Large,197.8,Intel i7-11800H,cpu,fp32,none,batched_load,,224.0,,,2.0,1.0,1.0,sustained_power,1,no_monitor,,1.068046004339324,img/s,19.32857142857143,,,18.40280216382591,,,,,,,-1.6609882373643063,,cpu_package,0,PASS,convnext_large_vision_hard_msi_cpu_power.csv
vision,hard,ConvNeXt-Large,197.8,Intel i7-11800H,cpu,fp32,none,batched_load,,224.0,,,2.0,1.0,2.0,sustained_power,1,no_monitor,,1.0322992651488185,img/s,19.7,,,18.936793716428966,,,,,,,0.7753139172160364,,cpu_package,0,PASS,convnext_large_vision_hard_msi_cpu_power.csv
vision,hard,ConvNeXt-Large,197.8,Intel i7-11800H,cpu,fp32,none,batched_load,,224.0,,,2.0,1.0,3.0,sustained_power,1,no_monitor,,0.9841793497569451,img/s,18.616666666666667,,,18.632772255282585,,,,,,,1.5196703080342178,,cpu_package,0,PASS,convnext_large_vision_hard_msi_cpu_power.csv
vision,hard,ConvNeXt-Large,197.8,Intel i7-11800H,cpu,fp32,none,batched_load,,224.0,,,2.0,8.0,1.0,sustained_power,1,no_monitor,,3.788112768717413,img/s,32.32857142857143,,,8.696314802266453,,,,,,,-1.8639977432583748,,cpu_package,0,PASS,convnext_large_vision_hard_msi_cpu_power.csv
vision,hard,ConvNeXt-Large,197.8,Intel i7-11800H,cpu,fp32,none,batched_load,,224.0,,,2.0,8.0,2.0,sustained_power,1,no_monitor,,3.6894086117812854,img/s,32.471428571428575,,,8.613386460877532,,,,,,,2.181130955403763,,cpu_package,0,PASS,convnext_large_vision_hard_msi_cpu_power.csv
vision,hard,ConvNeXt-Large,197.8,Intel i7-11800H,cpu,fp32,none,batched_load,,224.0,,,2.0,8.0,3.0,sustained_power,1,no_monitor,,3.716392130727884,img/s,31.87142857142857,,,8.483737854987183,,,,,,,1.0864064553361303,,cpu_package,0,PASS,convnext_large_vision_hard_msi_cpu_power.csv
vision,hard,ConvNeXt-Large,197.8,Intel i7-11800H,cpu,fp32,none,batched_load,,224.0,,,2.0,16.0,1.0,sustained_power,1,no_monitor,,4.6268998505238095,img/s,37.41428571428572,,,8.133067052905558,,,,,,,-0.5755937101595107,,cpu_package,0,PASS,convnext_large_vision_hard_msi_cpu_power.csv
vision,hard,ConvNeXt-Large,197.8,Intel i7-11800H,cpu,fp32,none,batched_load,,224.0,,,2.0,16.0,2.0,sustained_power,1,no_monitor,,4.55448377256478,img/s,36.27142857142857,,,7.943740606692599,,,,,,,0.25370868989411677,,cpu_package,0,PASS,convnext_large_vision_hard_msi_cpu_power.csv
vision,hard,ConvNeXt-Large,197.8,Intel i7-11800H,cpu,fp32,none,batched_load,,224.0,,,2.0,16.0,3.0,sustained_power,1,no_monitor,,4.241114469608914,img/s,36.72857142857143,,,7.986704068920784,,,,,,,8.431745601928025,,cpu_package,0,PASS,convnext_large_vision_hard_msi_cpu_power.csv
vision,hard,ConvNeXt-Large,197.8,Apple M4,mps,fp32,none,grid,light,,,,,,,sustained_power,1,no_monitor,,39.71,img/s,14.28,,,0.3549,,754.7,,,,,-0.09,,combined_soc,0,PASS,convnext_large_vision_hard_mac_mps_power_canonical.csv
vision,hard,ConvNeXt-Large,197.8,Apple M4,mps,fp32,none,grid,medium,,,,,,,sustained_power,1,no_monitor,,28.23,img/s,15.8,,,0.5434,,756.8,,,,,-2.19,,combined_soc,0,PASS,convnext_large_vision_hard_mac_mps_power_canonical.csv
vision,hard,ConvNeXt-Large,197.8,Apple M4,mps,fp32,none,grid,heavy,,,,,,,sustained_power,1,no_monitor,,14.27,img/s,14.83,,,1.0258,,773.4,,,,,0.32,,combined_soc,0,PASS,convnext_large_vision_hard_mac_mps_power_canonical.csv
vision,hard,ConvNeXt-Large,197.8,Apple M4,mps,fp16,none,grid,light,,,,,,,sustained_power,1,no_monitor,,47.23,img/s,13.67,,,0.2917,,381.4,,,,,-0.99,,combined_soc,0,PASS,convnext_large_vision_hard_mac_mps_power_canonical.csv
vision,hard,ConvNeXt-Large,197.8,Apple M4,mps,fp16,none,grid,medium,,,,,,,sustained_power,1,no_monitor,,35.41,img/s,17.09,,,0.5092,,382.4,,,,,-0.16,,combined_soc,0,PASS,convnext_large_vision_hard_mac_mps_power_canonical.csv
vision,hard,ConvNeXt-Large,197.8,Apple M4,mps,fp16,none,grid,heavy,,,,,,,sustained_power,1,no_monitor,,17.73,img/s,17.29,,,0.9593,,390.7,,,,,1.13,,combined_soc,0,PASS,convnext_large_vision_hard_mac_mps_power_canonical.csv
vision,hard,ConvNeXt-Large,197.8,RTX 3050 Laptop,cuda,fp32,none,grid,light,160.0,,,1.0,,1.0,sustained_power,1,no_monitor,,48.69582453573723,img/s,57.1539,,,1.1885158582710353,,,801.1298828125,1084.50390625,94.95,74.0,-1.2472573943654328,,gpu_board,0,PASS,convnext_large_vision_hard_msi_cuda_power.csv
vision,hard,ConvNeXt-Large,197.8,RTX 3050 Laptop,cuda,fp32,none,grid,light,160.0,,,1.0,,2.0,sustained_power,1,no_monitor,,47.629224113218605,img/s,57.19285,,,1.206872875136777,,,801.1298828125,1084.50390625,95.0,78.0,-0.5037516737718533,,gpu_board,0,PASS,convnext_large_vision_hard_msi_cuda_power.csv
vision,hard,ConvNeXt-Large,197.8,RTX 3050 Laptop,cuda,fp32,none,grid,light,160.0,,,1.0,,3.0,sustained_power,1,no_monitor,,47.13787322581053,img/s,56.47125,,,1.1996212044560983,,,801.1298828125,1084.50390625,95.0,80.0,-0.13500531428803034,,gpu_board,0,PASS,convnext_large_vision_hard_msi_cuda_power.csv
vision,hard,ConvNeXt-Large,197.8,RTX 3050 Laptop,cuda,fp32,none,grid,medium,224.0,,,4.0,,1.0,sustained_power,1,no_monitor,,37.406478324739325,img/s,57.44604761904762,,,1.5326050940887421,,,857.63134765625,1158.50390625,95.23809523809524,81.0,0.20354036429912392,,gpu_board,0,PASS,convnext_large_vision_hard_msi_cuda_power.csv
vision,hard,ConvNeXt-Large,197.8,RTX 3050 Laptop,cuda,fp32,none,grid,medium,224.0,,,4.0,,2.0,sustained_power,1,no_monitor,,37.30040966056431,img/s,57.41833333333334,,,1.5397376674920789,,,857.63134765625,1158.50390625,95.23809523809524,82.0,-0.025268526622862178,,gpu_board,0,PASS,convnext_large_vision_hard_msi_cuda_power.csv
vision,hard,ConvNeXt-Large,197.8,RTX 3050 Laptop,cuda,fp32,none,grid,medium,224.0,,,4.0,,3.0,sustained_power,1,no_monitor,,37.11289403127715,img/s,57.29180952380952,,,1.5456718798495153,,,857.63134765625,1158.50390625,94.38095238095238,83.0,-0.1264673123942631,,gpu_board,0,PASS,convnext_large_vision_hard_msi_cuda_power.csv
vision,hard,ConvNeXt-Large,197.8,RTX 3050 Laptop,cuda,fp32,none,grid,heavy,320.0,,,16.0,,1.0,sustained_power,1,no_monitor,,19.671750561724537,img/s,57.844,,,2.9362036932452065,,,1534.30029296875,2190.50390625,94.92307692307692,84.0,0.14496703862282162,,gpu_board,0,PASS,convnext_large_vision_hard_msi_cuda_power.csv
vision,hard,ConvNeXt-Large,197.8,RTX 3050 Laptop,cuda,fp32,none,grid,heavy,320.0,,,16.0,,2.0,sustained_power,1,no_monitor,,19.63962485187856,img/s,57.89376923076923,,,2.9397042367053237,,,1534.30029296875,2190.50390625,96.15384615384616,83.0,0.2755377241141115,,gpu_board,0,PASS,convnext_large_vision_hard_msi_cuda_power.csv
vision,hard,ConvNeXt-Large,197.8,RTX 3050 Laptop,cuda,fp32,none,grid,heavy,320.0,,,16.0,,3.0,sustained_power,1,no_monitor,,19.66405604053286,img/s,57.897423076923076,,,2.939857587270726,,,1534.30029296875,2190.50390625,96.03846153846153,83.0,0.1520488719432518,,gpu_board,0,PASS,convnext_large_vision_hard_msi_cuda_power.csv
vision,hard,ConvNeXt-Large,197.8,RTX 3050 Laptop,cuda,fp16,none,grid,light,160.0,,,1.0,,1.0,sustained_power,1,no_monitor,,115.56584798088221,img/s,57.029650000000004,,,0.5464287447693786,,,395.06396484375,660.50390625,80.75,85.0,-9.689622285949842,,gpu_board,0,PASS,convnext_large_vision_hard_msi_cuda_power.csv
vision,hard,ConvNeXt-Large,197.8,RTX 3050 Laptop,cuda,fp16,none,grid,light,160.0,,,1.0,,2.0,sustained_power,1,no_monitor,,102.78793166918739,img/s,57.0657,,,0.5825073506106513,,,395.06396484375,660.50390625,74.05,85.0,-4.691504998338751,,gpu_board,0,PASS,convnext_large_vision_hard_msi_cuda_power.csv
vision,hard,ConvNeXt-Large,197.8,RTX 3050 Laptop,cuda,fp16,none,grid,light,160.0,,,1.0,,3.0,sustained_power,1,no_monitor,,99.24416896398733,img/s,57.0766,,,0.5984315414730655,,,395.06396484375,660.50390625,69.65,85.0,-3.896629473111629,,gpu_board,0,PASS,convnext_large_vision_hard_msi_cuda_power.csv
vision,hard,ConvNeXt-Large,197.8,RTX 3050 Laptop,cuda,fp16,none,grid,medium,224.0,,,4.0,,1.0,sustained_power,1,no_monitor,,94.10077459251468,img/s,57.34515,,,0.608055695727903,,,433.50048828125,720.50390625,95.0,84.0,0.22132354070120006,,gpu_board,0,PASS,convnext_large_vision_hard_msi_cuda_power.csv
vision,hard,ConvNeXt-Large,197.8,RTX 3050 Laptop,cuda,fp16,none,grid,medium,224.0,,,4.0,,2.0,sustained_power,1,no_monitor,,94.12565665492467,img/s,57.27675,,,0.6082091030053332,,,433.50048828125,720.50390625,95.0,84.0,0.050078178198158296,,gpu_board,0,PASS,convnext_large_vision_hard_msi_cuda_power.csv
vision,hard,ConvNeXt-Large,197.8,RTX 3050 Laptop,cuda,fp16,none,grid,medium,224.0,,,4.0,,3.0,sustained_power,1,no_monitor,,94.07137200978235,img/s,57.17625,,,0.6072648447341985,,,433.50048828125,720.50390625,91.45,84.0,0.08754800783336558,,gpu_board,0,PASS,convnext_large_vision_hard_msi_cuda_power.csv
vision,hard,ConvNeXt-Large,197.8,RTX 3050 Laptop,cuda,fp16,none,grid,heavy,320.0,,,16.0,,1.0,sustained_power,1,no_monitor,,60.98636545913049,img/s,57.57652380952381,,,0.9421406365818837,,,770.98388671875,1224.50390625,95.19047619047619,84.0,0.20674437795578357,,gpu_board,0,PASS,convnext_large_vision_hard_msi_cuda_power.csv
vision,hard,ConvNeXt-Large,197.8,RTX 3050 Laptop,cuda,fp16,none,grid,heavy,320.0,,,16.0,,2.0,sustained_power,1,no_monitor,,60.90866941046307,img/s,57.574666666666666,,,0.9449771601721341,,,770.98388671875,1224.50390625,95.19047619047619,85.0,0.03017031178785066,,gpu_board,0,PASS,convnext_large_vision_hard_msi_cuda_power.csv
vision,hard,ConvNeXt-Large,197.8,RTX 3050 Laptop,cuda,fp16,none,grid,heavy,320.0,,,16.0,,3.0,sustained_power,1,no_monitor,,60.79139260734543,img/s,57.70142857142857,,,0.9483937078987781,,,770.98388671875,1224.50390625,95.23809523809524,85.0,0.08196167725607316,,gpu_board,0,PASS,convnext_large_vision_hard_msi_cuda_power.csv
